language,morpheme_segment,raw_count,relative_frequency_pct,frequency_rank,proposed_leipzig_gloss
chiga,-a,7616,19.784,1,
chiga,-e,2240,5.819,2,
chiga,-i,1984,5.154,3,
chiga,-u,736,1.912,4,
chiga,-we,576,1.496,5,
chiga,o-,416,1.081,6,
chiga,omuntu,352,0.914,7,
chiga,nib-,288,0.748,8,
chiga,-o,288,0.748,9,
chiga,omu-,288,0.748,10,
chiga,omw-,224,0.582,11,
chiga,ka-,224,0.582,12,
chiga,-ya,224,0.582,13,
chiga,ar-,224,0.582,14,
chiga,-ar,224,0.582,15,
chiga,ku-,224,0.582,16,
chiga,enj-,192,0.499,17,
chiga,ni-,192,0.499,18,
chiga,yin-,160,0.416,19,
chiga,-yin,160,0.416,20,
chiga,mu-,160,0.416,21,
chiga,e-,160,0.416,22,
chiga,naba,160,0.416,23,
chiga,aka-,160,0.416,24,
chiga,wa-,160,0.416,25,
chiga,aha,128,0.333,26,
chiga,ente,128,0.333,27,
chiga,kurebw-,128,0.333,28,
chiga,-kurebw,128,0.333,29,
chiga,ny-,128,0.333,30,
chiga,-za,128,0.333,31,
chiga,an-,128,0.333,32,
chiga,-an,128,0.333,33,
chiga,-ka,128,0.333,34,
chiga,-zi,128,0.333,35,
chiga,a-,128,0.333,36,
chiga,ba-,96,0.249,37,
chiga,-iro,96,0.249,38,
chiga,ngu,96,0.249,39,
chiga,ya-,96,0.249,40,
chiga,hand-,96,0.249,41,
chiga,-hand,96,0.249,42,
chiga,zar-,96,0.249,43,
chiga,-zar,96,0.249,44,
chiga,in-,96,0.249,45,
chiga,-in,96,0.249,46,
chiga,ab-,96,0.249,47,
chiga,-ab,96,0.249,48,
chiga,sh-,96,0.249,49,
chiga,-sh,96,0.249,50,
chiga,ir-,96,0.249,51,
chiga,-ir,96,0.249,52,
chiga,muntu,96,0.249,53,
chiga,omuk-,96,0.249,54,
chiga,na-,96,0.249,55,
chiga,tashemereir-,96,0.249,56,
chiga,-ku,96,0.249,57,
chiga,kor-,96,0.249,58,
chiga,-kor,96,0.249,59,
chiga,end-,96,0.249,60,
chiga,-end,96,0.249,61,
chiga,nabanz-,96,0.249,62,
chiga,kur-,96,0.249,63,
chiga,omut-,96,0.249,64,
chiga,wobusingy-,96,0.249,65,
chiga,nibabas-,64,0.166,66,
chiga,omur-,64,0.166,67,
chiga,wekitinis-,64,0.166,68,
chiga,kwakushish-,64,0.166,69,
chiga,omwo-,64,0.166,70,
chiga,agir-,64,0.166,71,
chiga,-agir,64,0.166,72,
chiga,abagubiir-,64,0.166,73,
chiga,bagushish-,64,0.166,74,
chiga,omumwany-,64,0.166,75,
chiga,ebir-,64,0.166,76,
chiga,ekabuzabuz-,64,0.166,77,
chiga,empis-,64,0.166,78,
chiga,omug-,64,0.166,79,
chiga,wayeyerer-,64,0.166,80,
chiga,otakagyir-,64,0.166,81,
chiga,kugamb-,64,0.166,82,
chiga,eyaband-,64,0.166,83,
chiga,okweteyerir-,64,0.166,84,
chiga,aba-,64,0.166,85,
chiga,-ana,64,0.166,86,
chiga,nam-,64,0.166,87,
chiga,ekir-,64,0.166,88,
chiga,ne-,64,0.166,89,
chiga,akachwamutw-,64,0.166,90,
chiga,-ye,64,0.166,91,
chiga,-wa,64,0.166,92,
chiga,by-,64,0.166,93,
chiga,ing-,64,0.166,94,
chiga,-ing,64,0.166,95,
chiga,bi-,64,0.166,96,
chiga,mun-,64,0.166,97,
chiga,ong-,64,0.166,98,
chiga,-ong,64,0.166,99,
chiga,um-,64,0.166,100,
chiga,-um,64,0.166,101,
chiga,ekyitinis-,64,0.166,102,
chiga,atakukyih-,64,0.166,103,
chiga,nanyin-,64,0.166,104,
chiga,wondijo,64,0.166,105,
chiga,ahakuz-,64,0.166,106,
chiga,takaruh-,64,0.166,107,
chiga,ogukwer-,64,0.166,108,
chiga,ebijum-,64,0.166,109,
chiga,nigw-,64,0.166,110,
chiga,gukurekyerwaho,64,0.166,111,
chiga,amabar-,64,0.166,112,
chiga,omundijo,64,0.166,113,
chiga,nibamushuk-,64,0.166,114,
chiga,ebyiz-,64,0.166,115,
chiga,bigubir-,64,0.166,116,
chiga,sing-,64,0.166,117,
chiga,-sing,64,0.166,118,
chiga,nak-,64,0.166,119,
chiga,-wo,64,0.166,120,
chiga,okw-,64,0.166,121,
chiga,oruh-,64,0.166,122,
chiga,nabas-,64,0.166,123,
chiga,kw-,64,0.166,124,
chiga,namaririz-,64,0.166,125,
chiga,ari-,64,0.166,126,
chiga,waman-,64,0.166,127,
chiga,-waman,64,0.166,128,
chiga,kwat-,64,0.166,129,
chiga,-kwat,64,0.166,130,
chiga,enyung-,64,0.166,131,
chiga,burugo,64,0.166,132,
chiga,arikurug-,64,0.166,133,
chiga,rung-,64,0.166,134,
chiga,-rung,64,0.166,135,
chiga,gumwe,64,0.166,136,
chiga,tigukagw-,64,0.166,137,
chiga,ha-,64,0.166,138,
chiga,nekit-,64,0.166,139,
chiga,kyagw-,64,0.166,140,
chiga,abashum-,32,0.083,141,
chiga,ib-,32,0.083,142,
chiga,-ib,32,0.083,143,
chiga,hik-,32,0.083,144,
chiga,-hik,32,0.083,145,
chiga,nokwib-,32,0.083,146,
chiga,ahubakurir-,32,0.083,147,
chiga,abariho,32,0.083,148,
chiga,babarw-,32,0.083,149,
chiga,abanyabwengy-,32,0.083,150,
chiga,babiri,32,0.083,151,
chiga,kwotsy-,32,0.083,152,
chiga,eshohor-,32,0.083,153,
chiga,ahariho,32,0.083,154,
chiga,-ika,32,0.083,155,
chiga,tihakaburaho,32,0.083,156,
chiga,abaf-,32,0.083,157,
chiga,bonk-,32,0.083,158,
chiga,bakusingw-,32,0.083,159,
chiga,omurinyaruj-,32,0.083,160,
chiga,yamatek-,32,0.083,161,
chiga,akenyanj-,32,0.083,162,
chiga,ch-,32,0.083,163,
chiga,-ch,32,0.083,164,
chiga,tikakahabur-,32,0.083,165,
chiga,ekyenyanj-,32,0.083,166,
chiga,ekyihango,32,0.083,167,
chiga,amunt-,32,0.083,168,
chiga,ashabahebw-,32,0.083,169,
chiga,akukwang-,32,0.083,170,
chiga,nakutek-,32,0.083,171,
chiga,ogurikusingaho,32,0.083,172,
chiga,noguwab-,32,0.083,173,
chiga,oriim-,32,0.083,174,
chiga,amihand-,32,0.083,175,
chiga,burimunt-,32,0.083,176,
chiga,nayegur-,32,0.083,177,
chiga,amb-,32,0.083,178,
chiga,-amb,32,0.083,179,
chiga,gwe,32,0.083,180,
chiga,banza,32,0.083,181,
chiga,emihand-,32,0.083,182,
chiga,enshob-,32,0.083,183,
chiga,yomwan-,32,0.083,184,
chiga,nibagivunan-,32,0.083,185,
chiga,we-,32,0.083,186,
chiga,emb-,32,0.083,187,
chiga,tekumok-,32,0.083,188,
chiga,ekarum-,32,0.083,189,
chiga,eshagam-,32,0.083,190,
chiga,nekir-,32,0.083,191,
chiga,ama-,32,0.083,192,
chiga,iz-,32,0.083,193,
chiga,-iz,32,0.083,194,
chiga,ebisero,32,0.083,195,
chiga,ebikukwat-,32,0.083,196,
chiga,ebyenyanj-,32,0.083,197,
chiga,-ri,32,0.083,198,
chiga,omumiz-,32,0.083,199,
chiga,tibikakuzibir-,32,0.083,200,
chiga,kwibik-,32,0.083,201,
chiga,ekis-,32,0.083,202,
chiga,-ero,32,0.083,203,
chiga,ekyaw-,32,0.083,204,
chiga,ekyibakuguriz-,32,0.083,205,
chiga,kukyikwak-,32,0.083,206,
chiga,kandi,32,0.083,207,
chiga,okyakyend-,32,0.083,208,
chiga,engyesho,32,0.083,209,
chiga,nungy-,32,0.083,210,
chiga,zomutaban-,32,0.083,211,
chiga,nizihis-,32,0.083,212,
chiga,i-,32,0.083,213,
chiga,ekitinis-,32,0.083,214,
chiga,ebint-,32,0.083,215,
chiga,byokubanz-,32,0.083,216,
chiga,-yo,32,0.083,217,
chiga,byomugasho,32,0.083,218,
chiga,ebifer-,32,0.083,219,
chiga,nibitur-,32,0.083,220,
chiga,okumar-,32,0.083,221,
chiga,obw-,32,0.083,222,
chiga,bw-,32,0.083,223,
chiga,hak-,32,0.083,224,
chiga,arikur-,32,0.083,225,
chiga,kusingaho,32,0.083,226,
chiga,kaku-,32,0.083,227,
chiga,-ha,32,0.083,228,
chiga,katakahikyire,32,0.083,229,
chiga,kurinamanyir-,32,0.083,230,
chiga,-ija,32,0.083,231,
chiga,bwanyim-,32,0.083,232,
chiga,kimut-,32,0.083,233,
chiga,mikurug-,32,0.083,234,
chiga,nimutahiwaw-,32,0.083,235,
chiga,arikubas-,32,0.083,236,
chiga,kukwagur-,32,0.083,237,
chiga,-ongo,32,0.083,238,
chiga,nikirung-,32,0.083,239,
chiga,kutandiik-,32,0.083,240,
chiga,nobworo,32,0.083,241,
chiga,okutandik-,32,0.083,242,
chiga,nobugig-,32,0.083,243,
chiga,nomurung-,32,0.083,244,
chiga,timurung-,32,0.083,245,
chiga,hatariho,32,0.083,246,
chiga,nkojo,32,0.083,247,
chiga,mbi,32,0.083,248,
chiga,nomany-,32,0.083,249,
chiga,-ze,32,0.083,250,
chiga,komunt-,32,0.083,251,
chiga,omubwir-,32,0.083,252,
chiga,bwenjar-,32,0.083,253,
chiga,otaribar-,32,0.083,254,
chiga,enkojo,32,0.083,255,
chiga,zaa-,32,0.083,256,
chiga,otakafiir-,32,0.083,257,
chiga,ur-,32,0.083,258,
chiga,-ur,32,0.083,259,
chiga,omumuringo,32,0.083,260,
chiga,gubamukuzam-,32,0.083,261,
chiga,owokury-,32,0.083,262,
chiga,-awe,32,0.083,263,
chiga,arikukwit-,32,0.083,264,
chiga,yomb-,32,0.083,265,
chiga,-yomb,32,0.083,266,
chiga,kuba,32,0.083,267,
chiga,-oko,32,0.083,268,
chiga,kurinz-,32,0.083,269,
chiga,-kurinz,32,0.083,270,
chiga,ok-,32,0.083,271,
chiga,nikugaruk-,32,0.083,272,
chiga,kumurind-,32,0.083,273,
chiga,ayigus-,32,0.083,274,
chiga,takatecher-,32,0.083,275,
chiga,abiin-,32,0.083,276,
chiga,kuririr-,32,0.083,277,
chiga,-kuririr,32,0.083,278,
chiga,ekyey-,32,0.083,279,
chiga,tibakamutang-,32,0.083,280,
chiga,kwombek-,32,0.083,281,
chiga,entsy-,32,0.083,282,
chiga,yasheny-,32,0.083,283,
chiga,en-,32,0.083,284,
chiga,-kur,32,0.083,285,
chiga,kuziin-,32,0.083,286,
chiga,yat-,32,0.083,287,
chiga,-era,32,0.083,288,
chiga,engom-,32,0.083,289,
chiga,wenja-,32,0.083,290,
chiga,tibakamusindiik-,32,0.083,291,
chiga,omukitar-,32,0.083,292,
chiga,yanz-,32,0.083,293,
chiga,-yanz,32,0.083,294,
chiga,owayesigyir-,32,0.083,295,
chiga,obugig-,32,0.083,296,
chiga,bwamukuruwey-,32,0.083,297,
chiga,-fa,32,0.083,298,
chiga,obworo,32,0.083,299,
chiga,yakwetegyerez-,32,0.083,300,
chiga,atakakwetsir-,32,0.083,301,
chiga,kumutayayir-,32,0.083,302,
chiga,arikukukyir-,32,0.083,303,
chiga,aryagum-,32,0.083,304,
chiga,kukyir-,32,0.083,305,
chiga,-kukyir,32,0.083,306,
chiga,akwegur-,32,0.083,307,
chiga,rwe-,32,0.083,308,
chiga,takabur-,32,0.083,309,
chiga,ahokubyam-,32,0.083,310,
chiga,okunya,32,0.083,311,
chiga,kurahuk-,32,0.083,312,
chiga,ebw-,32,0.083,313,
chiga,-ebw,32,0.083,314,
chiga,kwonk-,32,0.083,315,
chiga,okuribaat-,32,0.083,316,
chiga,omumaz-,32,0.083,317,
chiga,we,32,0.083,318,
chiga,takayebw-,32,0.083,319,
chiga,atari,32,0.083,320,
chiga,-aro,32,0.083,321,
chiga,nobas-,32,0.083,322,
chiga,kugyir-,32,0.083,323,
chiga,emichw-,32,0.083,324,
chiga,mirung-,32,0.083,325,
chiga,kurim-,32,0.083,326,
chiga,-kurim,32,0.083,327,
chiga,eky-,32,0.083,328,
chiga,-ina,32,0.083,329,
chiga,akyirim-,32,0.083,330,
chiga,okurekyer-,32,0.083,331,
chiga,amatungo,32,0.083,332,
chiga,ge,32,0.083,333,
chiga,ondijo,32,0.083,334,
chiga,nabar-,32,0.083,335,
chiga,emp-,32,0.083,336,
chiga,zaago,32,0.083,337,
chiga,otakahikyir-,32,0.083,338,
chiga,okubuz-,32,0.083,339,
chiga,tibushem-,32,0.083,340,
chiga,otakuh-,32,0.083,341,
chiga,kukuris-,32,0.083,342,
chiga,-kukuris,32,0.083,343,
chiga,nakutegyek-,32,0.083,344,
chiga,najum-,32,0.083,345,
chiga,mama,32,0.083,346,
chiga,-riho,32,0.083,347,
chiga,aho,32,0.083,348,
chiga,okukuraganis-,32,0.083,349,
chiga,ekyihuro,32,0.083,350,
chiga,kyihango,32,0.083,351,
chiga,kukwis-,32,0.083,352,
chiga,okukurabur-,32,0.083,353,
chiga,kab-,32,0.083,354,
chiga,-kab,32,0.083,355,
chiga,arimunywan-,32,0.083,356,
chiga,okwitw-,32,0.083,357,
chiga,omwiguto,32,0.083,358,
chiga,takugarukyir-,32,0.083,359,
chiga,abasigar-,32,0.083,360,
chiga,eny-,32,0.083,361,
chiga,im-,32,0.083,362,
chiga,-im,32,0.083,363,
chiga,omuchez-,32,0.083,364,
chiga,takagaruk-,32,0.083,365,
chiga,nengaro,32,0.083,366,
chiga,nsh-,32,0.083,367,
chiga,ayamar-,32,0.083,368,
chiga,yibakutekyeram-,32,0.083,369,
chiga,omusheij-,32,0.083,370,
chiga,arikutung-,32,0.083,371,
chiga,emwe,32,0.083,372,
chiga,arikugyir-,32,0.083,373,
chiga,nti,32,0.083,374,
chiga,nayij-,32,0.083,375,
chiga,kutung-,32,0.083,376,
chiga,eisyo,32,0.083,377,
chiga,rihango,32,0.083,378,
chiga,ryent-,32,0.083,379,
chiga,nyingy-,32,0.083,380,
chiga,takarizibw-,32,0.083,381,
chiga,bu-,32,0.083,382,
chiga,-sha,32,0.083,383,
chiga,bwebint-,32,0.083,384,
chiga,ebirung-,32,0.083,385,
chiga,omuzengyerez-,32,0.083,386,
chiga,nigukurir-,32,0.083,387,
chiga,omum-,32,0.083,388,
chiga,it-,32,0.083,389,
chiga,-it,32,0.083,390,
chiga,endijo,32,0.083,391,
chiga,niguterezibw-,32,0.083,392,
chiga,gw-,32,0.083,393,
chiga,gukyir-,32,0.083,394,
chiga,mut-,32,0.083,395,
chiga,omutumw-,32,0.083,396,
chiga,kuribw-,32,0.083,397,
chiga,ta-,32,0.083,398,
chiga,makumyan-,32,0.083,399,
chiga,omun-,32,0.083,400,
chiga,nigu-,32,0.083,401,
chiga,kukuyamb-,32,0.083,402,
chiga,nomugab-,32,0.083,403,
chiga,omurog-,32,0.083,404,
chiga,narog-,32,0.083,405,
chiga,erikumuh-,32,0.083,406,
chiga,amat-,32,0.083,407,
chiga,nigwotsy-,32,0.083,408,
chiga,arikuguhemb-,32,0.083,409,
chiga,omuzey-,32,0.083,410,
chiga,wemichw-,32,0.083,411,
chiga,mib-,32,0.083,412,
chiga,baba,32,0.083,413,
chiga,nibary-,32,0.083,414,
chiga,-kono,32,0.083,415,
chiga,tigukachiriz-,32,0.083,416,
chiga,yamiz-,32,0.083,417,
chiga,gukagit-,32,0.083,418,
chiga,ahamutw-,32,0.083,419,
chiga,ahamushij-,32,0.083,420,
chiga,ahandijo,32,0.083,421,
chiga,atin-,32,0.083,422,
chiga,mic-,32,0.083,423,
chiga,kum-,32,0.083,424,
chiga,-kum,32,0.083,425,
chiga,iw-,32,0.083,426,
chiga,-iw,32,0.083,427,
chiga,omushango,32,0.083,428,
chiga,omuteguz-,32,0.083,429,
chiga,webint-,32,0.083,430,
chiga,akumaririz-,32,0.083,431,
chiga,nar-,32,0.083,432,
chiga,amaguf-,32,0.083,433,
chiga,omutaban-,32,0.083,434,
chiga,nabonabon-,32,0.083,435,
chiga,ahabwebib-,32,0.083,436,
chiga,byishew-,32,0.083,437,
chiga,mukoz-,32,0.083,438,
chiga,omukayey-,32,0.083,439,
chiga,orikusingayo,32,0.083,440,
chiga,kubanz-,32,0.083,441,
chiga,-kubanz,32,0.083,442,
chiga,kun-,32,0.083,443,
chiga,engaaro,32,0.083,444,
chiga,ze,32,0.083,445,
chiga,otakayorek-,32,0.083,446,
chiga,omushaho,32,0.083,447,
chiga,mugyenz-,32,0.083,448,
chiga,oburugo,32,0.083,449,
chiga,bwomubaz-,32,0.083,450,
chiga,gwa-,32,0.083,451,
chiga,muherez-,32,0.083,452,
chiga,omubaz-,32,0.083,453,
chiga,gumazir-,32,0.083,454,
chiga,okujungw-,32,0.083,455,
chiga,omutayayirw-,32,0.083,456,
chiga,nagober-,32,0.083,457,
chiga,musheng-,32,0.083,458,
chiga,gwomugyeny-,32,0.083,459,
chiga,otakater-,32,0.083,460,
chiga,ahabwokuremw-,32,0.083,461,
chiga,kutayayis-,32,0.083,462,
chiga,omugyeny-,32,0.083,463,
chiga,atakakutayayisag-,32,0.083,464,
chiga,otakayehutzy-,32,0.083,465,
chiga,okuhaburw-,32,0.083,466,
chiga,kwomwan-,32,0.083,467,
chiga,omuyemb-,32,0.083,468,
chiga,oburwir-,32,0.083,469,
chiga,bwondijo,32,0.083,470,
chiga,tibukakuzibir-,32,0.083,471,
chiga,kubyam-,32,0.083,472,
chiga,omuteg-,32,0.083,473,
chiga,gwomuzey-,32,0.083,474,
chiga,nigutegw-,32,0.083,475,
chiga,omurund-,32,0.083,476,
chiga,obusigaz-,32,0.083,477,
chiga,nink-,32,0.083,478,
chiga,rwakashesh-,32,0.083,479,
chiga,niruhwaho,32,0.083,480,
chiga,omumwazyo,32,0.083,481,
chiga,hamw-,32,0.083,482,
chiga,bwa,32,0.083,483,
chiga,aman-,32,0.083,484,
chiga,ruf-,32,0.083,485,
chiga,tekwizir-,32,0.083,486,
chiga,shat-,32,0.083,487,
chiga,shashur-,32,0.083,488,
chiga,ibanj-,32,0.083,489,
chiga,-ibanj,32,0.083,490,
chiga,reero,32,0.083,491,
chiga,otungy-,32,0.083,492,
chiga,otiin-,32,0.083,493,
chiga,aku-,32,0.083,494,
chiga,kukwat-,32,0.083,495,
chiga,-kukwat,32,0.083,496,
chiga,ahamukono,32,0.083,497,
chiga,tokayesig-,32,0.083,498,
chiga,wenka,32,0.083,499,
chiga,wabanoyend-,32,0.083,500,
chiga,kuhangur-,32,0.083,501,
chiga,tur-,32,0.083,502,
chiga,owomunt-,32,0.083,503,
chiga,-kusingaho,32,0.083,504,
chiga,kutur-,32,0.083,505,
chiga,omwitagy-,32,0.083,506,
chiga,ryekit-,32,0.083,507,
chiga,tuyemb-,32,0.083,508,
chiga,tokureberer-,32,0.083,509,
chiga,yamutah-,32,0.083,510,
chiga,okwokureberer-,32,0.083,511,
ganda,-a,6304,20.123,1,
ganda,-i,1632,5.209,2,
ganda,-u,1024,3.269,3,
ganda,-e,928,2.962,4,
ganda,-ka,224,0.715,5,
ganda,mu,192,0.613,6,
ganda,al-,192,0.613,7,
ganda,ne,192,0.613,8,
ganda,lung-,160,0.511,9,
ganda,-lung,160,0.511,10,
ganda,nga,160,0.511,11,
ganda,ka-,160,0.511,12,
ganda,e-,160,0.511,13,
ganda,a-,128,0.409,14,
ganda,-al,128,0.409,15,
ganda,ny-,128,0.409,16,
ganda,-ya,128,0.409,17,
ganda,-wa,128,0.409,18,
ganda,emb-,128,0.409,19,
ganda,na,128,0.409,20,
ganda,o-,96,0.306,21,
ganda,ku-,96,0.306,22,
ganda,-ku,96,0.306,23,
ganda,aba-,96,0.306,24,
ganda,wa-,96,0.306,25,
ganda,am-,96,0.306,26,
ganda,-am,96,0.306,27,
ganda,akatono,96,0.306,28,
ganda,-o,96,0.306,29,
ganda,ama-,96,0.306,30,
ganda,ing-,96,0.306,31,
ganda,-ing,96,0.306,32,
ganda,si,96,0.306,33,
ganda,in-,96,0.306,34,
ganda,-in,96,0.306,35,
ganda,bwoba,96,0.306,36,
ganda,mumaaso,96,0.306,37,
ganda,mu-,96,0.306,38,
ganda,-yo,96,0.306,39,
ganda,tel-,96,0.306,40,
ganda,-zi,96,0.306,41,
ganda,enjov-,96,0.306,42,
ganda,an-,96,0.306,43,
ganda,-an,96,0.306,44,
ganda,na-,96,0.306,45,
ganda,sing-,96,0.306,46,
ganda,-sing,96,0.306,47,
ganda,oku-,96,0.306,48,
ganda,omu-,96,0.306,49,
ganda,omub-,96,0.306,50,
ganda,ba-,64,0.204,51,
ganda,-lya,64,0.204,52,
ganda,kaz-,64,0.204,53,
ganda,-kaz,64,0.204,54,
ganda,abolugand-,64,0.204,55,
ganda,en-,64,0.204,56,
ganda,omug-,64,0.204,57,
ganda,aka-,64,0.204,58,
ganda,wa,64,0.204,59,
ganda,kozes-,64,0.204,60,
ganda,-kozes,64,0.204,61,
ganda,bi-,64,0.204,62,
ganda,omutal-,64,0.204,63,
ganda,no,64,0.204,64,
ganda,at-,64,0.204,65,
ganda,yatuuk-,64,0.204,66,
ganda,amat-,64,0.204,67,
ganda,amazz-,64,0.204,68,
ganda,takul-,64,0.204,69,
ganda,end-,64,0.204,70,
ganda,-end,64,0.204,71,
ganda,mp-,64,0.204,72,
ganda,oba,64,0.204,73,
ganda,omuk-,64,0.204,74,
ganda,lya,64,0.204,75,
ganda,-abo,64,0.204,76,
ganda,nyin-,64,0.204,77,
ganda,mangu,64,0.204,78,
ganda,mbu-,64,0.204,79,
ganda,essub-,64,0.204,80,
ganda,im-,64,0.204,81,
ganda,-im,64,0.204,82,
ganda,ot-,64,0.204,83,
ganda,-ot,64,0.204,84,
ganda,fun-,64,0.204,85,
ganda,-fun,64,0.204,86,
ganda,kamu,64,0.204,87,
ganda,mpol-,64,0.204,88,
ganda,obulam-,64,0.204,89,
ganda,bul-,64,0.204,90,
ganda,ta-,64,0.204,91,
ganda,ye,64,0.204,92,
ganda,omuntu,64,0.204,93,
ganda,ma-,64,0.204,94,
ganda,-ye,64,0.204,95,
ganda,emu,64,0.204,96,
ganda,abakadd-,32,0.102,97,
ganda,-li,32,0.102,98,
ganda,gandaalo,32,0.102,99,
ganda,kisikiziz,32,0.102,100,
ganda,kyomut-,32,0.102,101,
ganda,ababi,32,0.102,102,
ganda,emilimo,32,0.102,103,
ganda,abang-,32,0.102,104,
ganda,fuul-,32,0.102,105,
ganda,-fuul,32,0.102,106,
ganda,musajj-,32,0.102,107,
ganda,abw-,32,0.102,108,
ganda,-abw,32,0.102,109,
ganda,okwoger-,32,0.102,110,
ganda,bita,32,0.102,111,
ganda,bayomby-,32,0.102,112,
ganda,kwata,32,0.102,113,
ganda,kumb-,32,0.102,114,
ganda,-kumb,32,0.102,115,
ganda,olim-,32,0.102,116,
ganda,abuliir-,32,0.102,117,
ganda,ez-,32,0.102,118,
ganda,-ez,32,0.102,119,
ganda,tatawaan-,32,0.102,120,
ganda,addukan-,32,0.102,121,
ganda,yanoony-,32,0.102,122,
ganda,-yu,32,0.102,123,
ganda,okagayir-,32,0.102,124,
ganda,mit-,32,0.102,125,
ganda,mugga,32,0.102,126,
ganda,-ko,32,0.102,127,
ganda,kil-,32,0.102,128,
ganda,-kil,32,0.102,129,
ganda,mbegelaako,32,0.102,130,
ganda,akanyony-,32,0.102,131,
ganda,byo,32,0.102,132,
ganda,oya,32,0.102,133,
ganda,rar-,32,0.102,134,
ganda,-rar,32,0.102,135,
ganda,okuzimb-,32,0.102,136,
ganda,ekis-,32,0.102,137,
ganda,kya-,32,0.102,138,
ganda,-ako,32,0.102,139,
ganda,zil-,32,0.102,140,
ganda,-zil,32,0.102,141,
ganda,liiso,32,0.102,142,
ganda,emikono,32,0.102,143,
ganda,gyomb-,32,0.102,144,
ganda,talemw-,32,0.102,145,
ganda,kulya,32,0.102,146,
ganda,akussuk-,32,0.102,147,
ganda,lyal-,32,0.102,148,
ganda,naly-,32,0.102,149,
ganda,taba,32,0.102,150,
ganda,mutt-,32,0.102,151,
ganda,ab-,32,0.102,152,
ganda,-ab,32,0.102,153,
ganda,eki-,32,0.102,154,
ganda,akinyumy-,32,0.102,155,
ganda,muchaar-,32,0.102,156,
ganda,galing-,32,0.102,157,
ganda,ekisibo,32,0.102,158,
ganda,nte,32,0.102,159,
ganda,akwaag-,32,0.102,160,
ganda,akwaagul-,32,0.102,161,
ganda,buj-,32,0.102,162,
ganda,bwo,32,0.102,163,
ganda,kw-,32,0.102,164,
ganda,-kw,32,0.102,165,
ganda,-at,32,0.102,166,
ganda,empoy-,32,0.102,167,
ganda,atuuk-,32,0.102,168,
ganda,-la,32,0.102,169,
ganda,nawolov-,32,0.102,170,
ganda,kibug-,32,0.102,171,
ganda,gak-,32,0.102,172,
ganda,ol-,32,0.102,173,
ganda,-ol,32,0.102,174,
ganda,ekibanj-,32,0.102,175,
ganda,ekin-,32,0.102,176,
ganda,agatawulir-,32,0.102,177,
ganda,kubulirirw-,32,0.102,178,
ganda,gagender-,32,0.102,179,
ganda,wamu,32,0.102,180,
ganda,nomut-,32,0.102,181,
ganda,-we,32,0.102,182,
ganda,amambuk-,32,0.102,183,
ganda,maserenget-,32,0.102,184,
ganda,amasab-,32,0.102,185,
ganda,tegamal-,32,0.102,186,
ganda,nyont-,32,0.102,187,
ganda,atalimb-,32,0.102,188,
ganda,atambul-,32,0.102,189,
ganda,ekil-,32,0.102,190,
ganda,atanatambul-,32,0.102,191,
ganda,yat-,32,0.102,192,
ganda,okufumb-,32,0.102,193,
ganda,enjub-,32,0.102,194,
ganda,talib-,32,0.102,195,
ganda,gombolol-,32,0.102,196,
ganda,bass-,32,0.102,197,
ganda,kim-,32,0.102,198,
ganda,nkuyeg-,32,0.102,199,
ganda,bazaal-,32,0.102,200,
ganda,mubiri,32,0.102,201,
ganda,tebazaal-,32,0.102,202,
ganda,is-,32,0.102,203,
ganda,-is,32,0.102,204,
ganda,bugubug-,32,0.102,205,
ganda,ssimuliro,32,0.102,206,
ganda,tosobot-,32,0.102,207,
ganda,kutunul-,32,0.102,208,
ganda,olibeer-,32,0.102,209,
ganda,mabeg-,32,0.102,210,
ganda,oli,32,0.102,211,
ganda,nelwolif-,32,0.102,212,
ganda,entaanayo,32,0.102,213,
ganda,elyagalw-,32,0.102,214,
ganda,onywany-,32,0.102,215,
ganda,-kulu,32,0.102,216,
ganda,otuliidd-,32,0.102,217,
ganda,mugu-,32,0.102,218,
ganda,bwo-,32,0.102,219,
ganda,kya,32,0.102,220,
ganda,enj-,32,0.102,221,
ganda,oyinz-,32,0.102,222,
ganda,okusazam-,32,0.102,223,
ganda,bwosalawo,32,0.102,224,
ganda,ensav-,32,0.102,225,
ganda,bwosekerer-,32,0.102,226,
ganda,ekib-,32,0.102,227,
ganda,sekerer-,32,0.102,228,
ganda,-sekerer,32,0.102,229,
ganda,mubumbi-,32,0.102,230,
ganda,ebbeer-,32,0.102,231,
ganda,telifun-,32,0.102,232,
ganda,bigeng-,32,0.102,233,
ganda,ec-,32,0.102,234,
ganda,ik-,32,0.102,235,
ganda,-ik,32,0.102,236,
ganda,ekikolimir-,32,0.102,237,
ganda,mwemuv-,32,0.102,238,
ganda,abalwaan-,32,0.102,239,
ganda,mafum-,32,0.102,240,
ganda,ekilabo,32,0.102,241,
ganda,ekitono,32,0.102,242,
ganda,ko-,32,0.102,243,
ganda,ow-,32,0.102,244,
ganda,-ow,32,0.102,245,
ganda,munno,32,0.102,246,
ganda,kir-,32,0.102,247,
ganda,-kir,32,0.102,248,
ganda,muttu,32,0.102,249,
ganda,kimanyw-,32,0.102,250,
ganda,kyo,32,0.102,251,
ganda,ekyengel-,32,0.102,252,
ganda,amang-,32,0.102,253,
ganda,kivund-,32,0.102,254,
ganda,lin-,32,0.102,255,
ganda,-lin,32,0.102,256,
ganda,eggumb-,32,0.102,257,
ganda,kamwa,32,0.102,258,
ganda,um-,32,0.102,259,
ganda,-um,32,0.102,260,
ganda,emp-,32,0.102,261,
ganda,ung-,32,0.102,262,
ganda,-ung,32,0.102,263,
ganda,bir-,32,0.102,264,
ganda,endig-,32,0.102,265,
ganda,tekabiir-,32,0.102,266,
ganda,mwa-,32,0.102,267,
ganda,-ana,32,0.102,268,
ganda,gwa,32,0.102,269,
ganda,effudd-,32,0.102,270,
ganda,ebbir-,32,0.102,271,
ganda,wezilwanir-,32,0.102,272,
ganda,liseseter-,32,0.102,273,
ganda,telemelerw-,32,0.102,274,
ganda,sanga,32,0.102,275,
ganda,lyaa-,32,0.102,276,
ganda,enk-,32,0.102,277,
ganda,bwelemerelw-,32,0.102,278,
ganda,okutuukirir-,32,0.102,279,
ganda,elyenv-,32,0.102,280,
ganda,nti,32,0.102,281,
ganda,ago,32,0.102,282,
ganda,tegengedd-,32,0.102,283,
ganda,kub-,32,0.102,284,
ganda,-kub,32,0.102,285,
ganda,tetonyer-,32,0.102,286,
ganda,omu,32,0.102,287,
ganda,engalo,32,0.102,288,
ganda,ens-,32,0.102,289,
ganda,zigwanir-,32,0.102,290,
ganda,zo,32,0.102,291,
ganda,eny-,32,0.102,292,
ganda,tesekerer-,32,0.102,293,
ganda,nkunk-,32,0.102,294,
ganda,entalowooz-,32,0.102,295,
ganda,yam-,32,0.102,296,
ganda,mulwendo,32,0.102,297,
ganda,ensuw-,32,0.102,298,
ganda,entono,32,0.102,299,
ganda,-zo,32,0.102,300,
ganda,zirin-,32,0.102,301,
ganda,elyoky-,32,0.102,302,
ganda,enyumb-,32,0.102,303,
ganda,-ii,32,0.102,304,
ganda,iyelyoky-,32,0.102,305,
ganda,nung-,32,0.102,306,
ganda,yal-,32,0.102,307,
ganda,-yal,32,0.102,308,
ganda,alumidw-,32,0.102,309,
ganda,omus-,32,0.102,310,
ganda,bwalab-,32,0.102,311,
ganda,omun-,32,0.102,312,
ganda,agudduk-,32,0.102,313,
ganda,eyettikk-,32,0.102,314,
ganda,obuvunanyizibw-,32,0.102,315,
ganda,era,32,0.102,316,
ganda,okuneny-,32,0.102,317,
ganda,zeb-,32,0.102,318,
ganda,ezenkanankan-,32,0.102,319,
ganda,sik-,32,0.102,320,
ganda,-sik,32,0.102,321,
ganda,tezaak-,32,0.102,322,
ganda,gwe,32,0.102,323,
ganda,mug-,32,0.102,324,
ganda,and-,32,0.102,325,
ganda,-and,32,0.102,326,
ganda,kul-,32,0.102,327,
ganda,-kul,32,0.102,328,
ganda,ta,32,0.102,329,
ganda,kulilw-,32,0.102,330,
ganda,kyenkol-,32,0.102,331,
ganda,banang-,32,0.102,332,
ganda,sagal-,32,0.102,333,
ganda,bakinkol-,32,0.102,334,
ganda,lubaal-,32,0.102,335,
ganda,mbe-,32,0.102,336,
ganda,-era,32,0.102,337,
ganda,mb-,32,0.102,338,
ganda,ir-,32,0.102,339,
ganda,-ir,32,0.102,340,
ganda,kwotadd-,32,0.102,341,
ganda,mama,32,0.102,342,
ganda,ya-,32,0.102,343,
ganda,week-,32,0.102,344,
ganda,-week,32,0.102,345,
ganda,emugg-,32,0.102,346,
ganda,emabeg-,32,0.102,347,
ganda,mubi,32,0.102,348,
ganda,umb-,32,0.102,349,
ganda,-umb,32,0.102,350,
ganda,u-,32,0.102,351,
ganda,nyo,32,0.102,352,
ganda,abageny-,32,0.102,353,
ganda,ssanj-,32,0.102,354,
ganda,lyaaliko,32,0.102,355,
ganda,olulagal-,32,0.102,356,
ganda,nonuziny-,32,0.102,357,
ganda,ennyo,32,0.102,358,
ganda,alekulir-,32,0.102,359,
ganda,ekidaal-,32,0.102,360,
ganda,kisikiriiz-,32,0.102,361,
ganda,ria,32,0.102,362,
ganda,muk-,32,0.102,363,
ganda,buyit-,32,0.102,364,
ganda,ate,32,0.102,365,
ganda,tebudd-,32,0.102,366,
ganda,masand-,32,0.102,367,
ganda,bwoseleer-,32,0.102,368,
ganda,og-,32,0.102,369,
ganda,okugezaako,32,0.102,370,
ganda,okugwa,32,0.102,371,
ganda,bunaf-,32,0.102,372,
ganda,omw-,32,0.102,373,
ganda,takaddiw-,32,0.102,374,
ganda,wak-,32,0.102,375,
ganda,-wak,32,0.102,376,
ganda,wang-,32,0.102,377,
ganda,ansingir-,32,0.102,378,
ganda,omulungi-,32,0.102,379,
ganda,owa,32,0.102,380,
ganda,mulilwan-,32,0.102,381,
ganda,ofundako,32,0.102,382,
ganda,okuwas-,32,0.102,383,
ganda,kadd-,32,0.102,384,
ganda,-kadd,32,0.102,385,
ganda,obuwuul-,32,0.102,386,
ganda,okwelind-,32,0.102,387,
ganda,ssi,32,0.102,388,
ganda,buti,32,0.102,389,
ganda,ensanaf-,32,0.102,390,
ganda,etambul-,32,0.102,391,
ganda,egaludd-,32,0.102,392,
ganda,okudizz-,32,0.102,393,
ganda,guba,32,0.102,394,
ganda,mwo-,32,0.102,395,
ganda,okuf-,32,0.102,396,
ganda,nkov-,32,0.102,397,
ganda,etalisimuuk-,32,0.102,398,
ganda,oliny-,32,0.102,399,
ganda,jegav-,32,0.102,400,
ganda,nonyw-,32,0.102,401,
ganda,amatabanguf-,32,0.102,402,
ganda,olubuto,32,0.102,403,
ganda,lwo,32,0.102,404,
ganda,bwoluw-,32,0.102,405,
ganda,emmer-,32,0.102,406,
ganda,lujj-,32,0.102,407,
ganda,kukubir-,32,0.102,408,
ganda,engom-,32,0.102,409,
ganda,ozin-,32,0.102,410,
ganda,oluliim-,32,0.102,411,
ganda,lwa,32,0.102,412,
ganda,mukabalo,32,0.102,413,
ganda,luka-,32,0.102,414,
ganda,aw-,32,0.102,415,
ganda,-aw,32,0.102,416,
ganda,olunak-,32,0.102,417,
ganda,olum-,32,0.102,418,
ganda,teluvunz-,32,0.102,419,
ganda,ul-,32,0.102,420,
ganda,-ul,32,0.102,421,
ganda,watal-,32,0.102,422,
ganda,ebik-,32,0.102,423,
ganda,er-,32,0.102,424,
ganda,-er,32,0.102,425,
ganda,bibunduk-,32,0.102,426,
ganda,omwa-,32,0.102,427,
ganda,owegonjebw-,32,0.102,428,
ganda,awees-,32,0.102,429,
ganda,ekitiibw-,32,0.102,430,
ganda,omutamiiv-,32,0.102,431,
ganda,wab-,32,0.102,432,
ganda,-wab,32,0.102,433,
ganda,-ze,32,0.102,434,
ganda,gwo,32,0.102,435,
ganda,muntu,32,0.102,436,
ganda,gumalw-,32,0.102,437,
ganda,nt-,32,0.102,438,
ganda,aan-,32,0.102,439,
ganda,-aan,32,0.102,440,
ganda,omukwaano,32,0.102,441,
ganda,ogwokump-,32,0.102,442,
ganda,mulab-,32,0.102,443,
ganda,wo,32,0.102,444,
ganda,omump-,32,0.102,445,
ganda,kom-,32,0.102,446,
ganda,-kom,32,0.102,447,
ganda,wakwaat-,32,0.102,448,
ganda,bwabeer-,32,0.102,449,
ganda,obwoom-,32,0.102,450,
ganda,yefuul-,32,0.102,451,
ganda,kab-,32,0.102,452,
ganda,-aka,32,0.102,453,
ganda,omut-,32,0.102,454,
ganda,guling-,32,0.102,455,
ganda,gwetaag-,32,0.102,456,
ganda,kusib-,32,0.102,457,
ganda,omusajj-,32,0.102,458,
ganda,ebizib-,32,0.102,459,
ganda,alees-,32,0.102,460,
ganda,omuwal-,32,0.102,461,
ganda,omuyizz-,32,0.102,462,
ganda,awonder-,32,0.102,463,
ganda,tateker-,32,0.102,464,
ganda,kukasukir-,32,0.102,465,
ganda,bunyony-,32,0.102,466,
ganda,mayinj-,32,0.102,467,
ganda,omwez-,32,0.102,468,
ganda,gutambul-,32,0.102,469,
ganda,gubuuk-,32,0.102,470,
ganda,ekibug-,32,0.102,471,
ganda,sent-,32,0.102,472,
ganda,sal-,32,0.102,473,
ganda,-sal,32,0.102,474,
ganda,ejjambiy-,32,0.102,475,
ganda,sott-,32,0.102,476,
ganda,abudongo,32,0.102,477,
ganda,bukyaal-,32,0.102,478,
ganda,bubis-,32,0.102,479,
ganda,-ata,32,0.102,480,
ganda,ng-,32,0.102,481,
ganda,ya,32,0.102,482,
ganda,azaalw-,32,0.102,483,
ganda,bumanyiriv-,32,0.102,484,
ganda,tewesigang-,32,0.102,485,
ganda,tokungul-,32,0.102,486,
ganda,kyotasimb-,32,0.102,487,
ganda,towakanang-,32,0.102,488,
ganda,musir-,32,0.102,489,
ganda,toyonoon-,32,0.102,490,
ganda,muzing-,32,0.102,491,
ganda,olwokwokebw-,32,0.102,492,
ganda,njuki,32,0.102,493,
ganda,tukozes-,32,0.102,494,
ganda,njuba,32,0.102,495,
ganda,naka,32,0.102,496,
ganda,gonn-,32,0.102,497,
ganda,wakil-,32,0.102,498,
ganda,okusook-,32,0.102,499,
ganda,bibi,32,0.102,500,
ganda,nom-,32,0.102,501,
ganda,nebirung-,32,0.102,502,
ganda,zimb-,32,0.102,503,
ganda,nnene,32,0.102,504,
ganda,takutelaako,32,0.102,505,
ganda,mut-,32,0.102,506,
gikuyu,-a,18300,11.772,1,
gikuyu,-i,10020,6.445,2,
gikuyu,-u,4800,3.088,3,
gikuyu,-e,4080,2.624,4,
gikuyu,ni,3060,1.968,5,
gikuyu,na,2130,1.37,6,
gikuyu,-o,2010,1.293,7,
gikuyu,ki-,1920,1.235,8,
gikuyu,ir-,1620,1.042,9,
gikuyu,-ir,1560,1.003,10,
gikuyu,-iri,1560,1.003,11,
gikuyu,ti,1440,0.926,12,
gikuyu,gut-,1380,0.888,13,
gikuyu,ka-,1350,0.868,14,
gikuyu,mu-,1350,0.868,15,
gikuyu,ur-,1260,0.81,16,
gikuyu,-ur,1170,0.753,17,
gikuyu,ri-,1020,0.656,18,
gikuyu,wa,990,0.637,19,
gikuyu,-ri,990,0.637,20,
gikuyu,ku-,990,0.637,21,
gikuyu,ma-,960,0.618,22,
gikuyu,mund-,960,0.618,23,
gikuyu,iri,930,0.598,24,
gikuyu,mb-,900,0.579,25,
gikuyu,mw-,900,0.579,26,
gikuyu,ag-,840,0.54,27,
gikuyu,-ag,840,0.54,28,
gikuyu,ar-,810,0.521,29,
gikuyu,-ar,810,0.521,30,
gikuyu,it-,750,0.482,31,
gikuyu,i-,750,0.482,32,
gikuyu,kur-,720,0.463,33,
gikuyu,ny-,690,0.444,34,
gikuyu,ta,660,0.425,35,
gikuyu,no,660,0.425,36,
gikuyu,a-,660,0.425,37,
gikuyu,mug-,660,0.425,38,
gikuyu,-wo,660,0.425,39,
gikuyu,nd-,600,0.386,40,
gikuyu,-ua,600,0.386,41,
gikuyu,u-,570,0.367,42,
gikuyu,-hi,540,0.347,43,
gikuyu,an-,540,0.347,44,
gikuyu,-an,540,0.347,45,
gikuyu,muci-,510,0.328,46,
gikuyu,uri,510,0.328,47,
gikuyu,nj-,510,0.328,48,
gikuyu,ak-,510,0.328,49,
gikuyu,hi-,510,0.328,50,
gikuyu,ung-,450,0.289,51,
gikuyu,-ak,450,0.289,52,
gikuyu,en-,450,0.289,53,
gikuyu,-en,450,0.289,54,
gikuyu,cia,420,0.27,55,
gikuyu,rum-,420,0.27,56,
gikuyu,-rum,420,0.27,57,
gikuyu,ya,420,0.27,58,
gikuyu,kia,420,0.27,59,
gikuyu,kan-,420,0.27,60,
gikuyu,ig-,390,0.251,61,
gikuyu,-ya,390,0.251,62,
gikuyu,in-,390,0.251,63,
gikuyu,-ka,390,0.251,64,
gikuyu,kwa,390,0.251,65,
gikuyu,muri-,390,0.251,66,
gikuyu,-aga,360,0.232,67,
gikuyu,-in,360,0.232,68,
gikuyu,-we,360,0.232,69,
gikuyu,mur-,360,0.232,70,
gikuyu,ma,360,0.232,71,
gikuyu,ath-,330,0.212,72,
gikuyu,kir-,330,0.212,73,
gikuyu,ini,330,0.212,74,
gikuyu,mat-,300,0.193,75,
gikuyu,er-,300,0.193,76,
gikuyu,-er,300,0.193,77,
gikuyu,and-,270,0.174,78,
gikuyu,und-,270,0.174,79,
gikuyu,-und,270,0.174,80,
gikuyu,-rimu,270,0.174,81,
gikuyu,-ira,270,0.174,82,
gikuyu,-ath,270,0.174,83,
gikuyu,muic-,270,0.174,84,
gikuyu,gu-,270,0.174,85,
gikuyu,-ara,270,0.174,86,
gikuyu,-ria,270,0.174,87,
gikuyu,-ui,240,0.154,88,
gikuyu,amb-,240,0.154,89,
gikuyu,-amb,240,0.154,90,
gikuyu,im-,240,0.154,91,
gikuyu,ng-,240,0.154,92,
gikuyu,-wa,240,0.154,93,
gikuyu,rim-,240,0.154,94,
gikuyu,-rim,240,0.154,95,
gikuyu,guk-,240,0.154,96,
gikuyu,uk-,240,0.154,97,
gikuyu,-uk,240,0.154,98,
gikuyu,hit-,240,0.154,99,
gikuyu,mut-,240,0.154,100,
gikuyu,-itho,240,0.154,101,
gikuyu,mati-,210,0.135,102,
gikuyu,aka,210,0.135,103,
gikuyu,umwe,210,0.135,104,
gikuyu,-im,210,0.135,105,
gikuyu,-oro,210,0.135,106,
gikuyu,am-,210,0.135,107,
gikuyu,-am,210,0.135,108,
gikuyu,thi,210,0.135,109,
gikuyu,ind-,210,0.135,110,
gikuyu,muh-,210,0.135,111,
gikuyu,-it,210,0.135,112,
gikuyu,rug-,210,0.135,113,
gikuyu,-rug,210,0.135,114,
gikuyu,ndu-,210,0.135,115,
gikuyu,-ere,210,0.135,116,
gikuyu,-ung,180,0.116,117,
gikuyu,ng,180,0.116,118,
gikuyu,mar-,180,0.116,119,
gikuyu,cira,180,0.116,120,
gikuyu,-ki,180,0.116,121,
gikuyu,nda,180,0.116,122,
gikuyu,ka,180,0.116,123,
gikuyu,kw-,180,0.116,124,
gikuyu,guth-,180,0.116,125,
gikuyu,on-,180,0.116,126,
gikuyu,ing-,180,0.116,127,
gikuyu,-ing,180,0.116,128,
gikuyu,ith-,180,0.116,129,
gikuyu,-ai,180,0.116,130,
gikuyu,th-,180,0.116,131,
gikuyu,-ari,180,0.116,132,
gikuyu,kugur-,180,0.116,133,
gikuyu,kihooto,180,0.116,134,
gikuyu,ndagag-,180,0.116,135,
gikuyu,ci-,150,0.096,136,
gikuyu,ngu-,150,0.096,137,
gikuyu,iri-,150,0.096,138,
gikuyu,hin-,150,0.096,139,
gikuyu,gat-,150,0.096,140,
gikuyu,um-,150,0.096,141,
gikuyu,-um,150,0.096,142,
gikuyu,nda-,150,0.096,143,
gikuyu,muk-,150,0.096,144,
gikuyu,-uru,150,0.096,145,
gikuyu,ciar-,150,0.096,146,
gikuyu,-ciar,150,0.096,147,
gikuyu,-ura,150,0.096,148,
gikuyu,njoh-,150,0.096,149,
gikuyu,ha-,150,0.096,150,
gikuyu,ari,150,0.096,151,
gikuyu,cokag-,150,0.096,152,
gikuyu,-cokag,150,0.096,153,
gikuyu,utari,150,0.096,154,
gikuyu,-ru,150,0.096,155,
gikuyu,tene,150,0.096,156,
gikuyu,ither-,150,0.096,157,
gikuyu,kwa-,150,0.096,158,
gikuyu,ru-,150,0.096,159,
gikuyu,mugen-,150,0.096,160,
gikuyu,kind-,150,0.096,161,
gikuyu,-ha,150,0.096,162,
gikuyu,muny-,150,0.096,163,
gikuyu,-ia,120,0.077,164,
gikuyu,imwe,120,0.077,165,
gikuyu,thuth-,120,0.077,166,
gikuyu,-ana,120,0.077,167,
gikuyu,maithor-,120,0.077,168,
gikuyu,kum-,120,0.077,169,
gikuyu,gi-,120,0.077,170,
gikuyu,gak-,120,0.077,171,
gikuyu,gith-,120,0.077,172,
gikuyu,git-,120,0.077,173,
gikuyu,mwat-,120,0.077,174,
gikuyu,wen-,120,0.077,175,
gikuyu,uru,120,0.077,176,
gikuyu,end-,120,0.077,177,
gikuyu,-end,120,0.077,178,
gikuyu,-eha,120,0.077,179,
gikuyu,mba-,120,0.077,180,
gikuyu,ot-,120,0.077,181,
gikuyu,-ot,120,0.077,182,
gikuyu,guthi-,120,0.077,183,
gikuyu,-on,120,0.077,184,
gikuyu,eg-,120,0.077,185,
gikuyu,-eg,120,0.077,186,
gikuyu,gia,120,0.077,187,
gikuyu,wega,120,0.077,188,
gikuyu,aku-,120,0.077,189,
gikuyu,undu,120,0.077,190,
gikuyu,-ongo,120,0.077,191,
gikuyu,-ig,120,0.077,192,
gikuyu,ik-,120,0.077,193,
gikuyu,har-,120,0.077,194,
gikuyu,mun-,120,0.077,195,
gikuyu,-kur,120,0.077,196,
gikuyu,ngi-,120,0.077,197,
gikuyu,itu-,120,0.077,198,
gikuyu,reg-,120,0.077,199,
gikuyu,-reg,120,0.077,200,
gikuyu,rwa,120,0.077,201,
gikuyu,kunyit-,120,0.077,202,
gikuyu,magut-,120,0.077,203,
gikuyu,ti-,120,0.077,204,
gikuyu,ni-,120,0.077,205,
gikuyu,ndo-,120,0.077,206,
gikuyu,ndi-,90,0.058,207,
gikuyu,-horo,90,0.058,208,
gikuyu,eri,90,0.058,209,
gikuyu,omb-,90,0.058,210,
gikuyu,matari,90,0.058,211,
gikuyu,njugum-,90,0.058,212,
gikuyu,ngu,90,0.058,213,
gikuyu,agag-,90,0.058,214,
gikuyu,-agag,90,0.058,215,
gikuyu,bata,90,0.058,216,
gikuyu,inyu-,90,0.058,217,
gikuyu,uthon-,90,0.058,218,
gikuyu,munene,90,0.058,219,
gikuyu,-haro,90,0.058,220,
gikuyu,koi,90,0.058,221,
gikuyu,gakuny-,90,0.058,222,
gikuyu,kinya,90,0.058,223,
gikuyu,kimwe,90,0.058,224,
gikuyu,mondo,90,0.058,225,
gikuyu,yen-,90,0.058,226,
gikuyu,kamwe,90,0.058,227,
gikuyu,kiri-,90,0.058,228,
gikuyu,-ingi,90,0.058,229,
gikuyu,-ega,90,0.058,230,
gikuyu,mum-,90,0.058,231,
gikuyu,gitong-,90,0.058,232,
gikuyu,-higa,90,0.058,233,
gikuyu,ut-,90,0.058,234,
gikuyu,mutheny-,90,0.058,235,
gikuyu,gutigiragi-,90,0.058,236,
gikuyu,ki,90,0.058,237,
gikuyu,rugit-,90,0.058,238,
gikuyu,-rugit,90,0.058,239,
gikuyu,ita,90,0.058,240,
gikuyu,et-,90,0.058,241,
gikuyu,-et,90,0.058,242,
gikuyu,uc-,90,0.058,243,
gikuyu,ui,90,0.058,244,
gikuyu,nyon-,90,0.058,245,
gikuyu,wak-,90,0.058,246,
gikuyu,mbu-,90,0.058,247,
gikuyu,rath-,90,0.058,248,
gikuyu,-rath,90,0.058,249,
gikuyu,no-,90,0.058,250,
gikuyu,mugambo,90,0.058,251,
gikuyu,-ik,90,0.058,252,
gikuyu,-aka,90,0.058,253,
gikuyu,ingi,90,0.058,254,
gikuyu,hung-,90,0.058,255,
gikuyu,iguru,90,0.058,256,
gikuyu,o-,90,0.058,257,
gikuyu,-ku,90,0.058,258,
gikuyu,tha,90,0.058,259,
gikuyu,-ire,90,0.058,260,
gikuyu,hig-,90,0.058,261,
gikuyu,-hig,90,0.058,262,
gikuyu,thi-,90,0.058,263,
gikuyu,mugu-,90,0.058,264,
gikuyu,huni-,90,0.058,265,
gikuyu,-huni,90,0.058,266,
gikuyu,rugag-,90,0.058,267,
gikuyu,-rugag,90,0.058,268,
gikuyu,niki-,90,0.058,269,
gikuyu,kirond-,90,0.058,270,
gikuyu,igag-,90,0.058,271,
gikuyu,-igag,90,0.058,272,
gikuyu,muthiomer-,90,0.058,273,
gikuyu,huny-,90,0.058,274,
gikuyu,-irwo,90,0.058,275,
gikuyu,muc-,90,0.058,276,
gikuyu,muhenani-,90,0.058,277,
gikuyu,muheni-,90,0.058,278,
gikuyu,mui-,90,0.058,279,
gikuyu,muikar-,90,0.058,280,
gikuyu,moi,60,0.039,281,
gikuyu,kuhith-,60,0.039,282,
gikuyu,agen-,60,0.039,283,
gikuyu,-iro,60,0.039,284,
gikuyu,ndugu,60,0.039,285,
gikuyu,ndund-,60,0.039,286,
gikuyu,me,60,0.039,287,
gikuyu,wir-,60,0.039,288,
gikuyu,kionj-,60,0.039,289,
gikuyu,muth-,60,0.039,290,
gikuyu,tiga,60,0.039,291,
gikuyu,iti-,60,0.039,292,
gikuyu,umag-,60,0.039,293,
gikuyu,-umag,60,0.039,294,
gikuyu,ndigwa,60,0.039,295,
gikuyu,kumb-,60,0.039,296,
gikuyu,-kumb,60,0.039,297,
gikuyu,-yu,60,0.039,298,
gikuyu,kimeny-,60,0.039,299,
gikuyu,e-,60,0.039,300,
gikuyu,nik-,60,0.039,301,
gikuyu,mbe-,60,0.039,302,
gikuyu,gatitu,60,0.039,303,
gikuyu,-uma,60,0.039,304,
gikuyu,murugir-,60,0.039,305,
gikuyu,kingi,60,0.039,306,
gikuyu,giceg-,60,0.039,307,
gikuyu,gik-,60,0.039,308,
gikuyu,giku-,60,0.039,309,
gikuyu,giti-,60,0.039,310,
gikuyu,athi-,60,0.039,311,
gikuyu,gito-,60,0.039,312,
gikuyu,kiu-,60,0.039,313,
gikuyu,ngingo,60,0.039,314,
gikuyu,guki-,60,0.039,315,
gikuyu,gutong-,60,0.039,316,
gikuyu,ititiganag-,60,0.039,317,
gikuyu,ngath-,60,0.039,318,
gikuyu,guc-,60,0.039,319,
gikuyu,-era,60,0.039,320,
gikuyu,guoya,60,0.039,321,
gikuyu,em-,60,0.039,322,
gikuyu,-em,60,0.039,323,
gikuyu,kuh-,60,0.039,324,
gikuyu,-ika,60,0.039,325,
gikuyu,guthekererwo,60,0.039,326,
gikuyu,kuririrwo,60,0.039,327,
gikuyu,kwend-,60,0.039,328,
gikuyu,-yo,60,0.039,329,
gikuyu,ker-,60,0.039,330,
gikuyu,wonag-,60,0.039,331,
gikuyu,ngwar-,60,0.039,332,
gikuyu,nyiny-,60,0.039,333,
gikuyu,itimu,60,0.039,334,
gikuyu,uriragio,60,0.039,335,
gikuyu,urir-,60,0.039,336,
gikuyu,utuurag-,60,0.039,337,
gikuyu,uta,60,0.039,338,
gikuyu,rit-,60,0.039,339,
gikuyu,irag-,60,0.039,340,
gikuyu,-irag,60,0.039,341,
gikuyu,wirirag-,60,0.039,342,
gikuyu,gutirik-,60,0.039,343,
gikuyu,gw-,60,0.039,344,
gikuyu,hand-,60,0.039,345,
gikuyu,ha,60,0.039,346,
gikuyu,ndur-,60,0.039,347,
gikuyu,ndiri-,60,0.039,348,
gikuyu,irerag-,60,0.039,349,
gikuyu,kweg-,60,0.039,350,
gikuyu,nen-,60,0.039,351,
gikuyu,iguku-,60,0.039,352,
gikuyu,ihuragi-,60,0.039,353,
gikuyu,ikururio,60,0.039,354,
gikuyu,ruk-,60,0.039,355,
gikuyu,o,60,0.039,356,
gikuyu,igu-,60,0.039,357,
gikuyu,-hu,60,0.039,358,
gikuyu,ria,60,0.039,359,
gikuyu,kiriti,60,0.039,360,
gikuyu,njith-,60,0.039,361,
gikuyu,kiny-,60,0.039,362,
gikuyu,-kiny,60,0.039,363,
gikuyu,un-,60,0.039,364,
gikuyu,mutino,60,0.039,365,
gikuyu,mbugi,60,0.039,366,
gikuyu,eb-,60,0.039,367,
gikuyu,-eb,60,0.039,368,
gikuyu,itong-,60,0.039,369,
gikuyu,thakam-,60,0.039,370,
gikuyu,nook,60,0.039,371,
gikuyu,kabarit-,60,0.039,372,
gikuyu,rwenj-,60,0.039,373,
gikuyu,kinand-,60,0.039,374,
gikuyu,murim-,60,0.039,375,
gikuyu,-iraga,60,0.039,376,
gikuyu,ko-,60,0.039,377,
gikuyu,kwigit-,60,0.039,378,
gikuyu,-uga,60,0.039,379,
gikuyu,gitithirag-,60,0.039,380,
gikuyu,nguru,60,0.039,381,
gikuyu,ruga,60,0.039,382,
gikuyu,rua,60,0.039,383,
gikuyu,ari-,60,0.039,384,
gikuyu,mai,60,0.039,385,
gikuyu,itina,60,0.039,386,
gikuyu,kwi-,60,0.039,387,
gikuyu,-hia,60,0.039,388,
gikuyu,thut-,60,0.039,389,
gikuyu,komu,60,0.039,390,
gikuyu,-igu,60,0.039,391,
gikuyu,gutini-,60,0.039,392,
gikuyu,ime,60,0.039,393,
gikuyu,at-,60,0.039,394,
gikuyu,-at,60,0.039,395,
gikuyu,kugunirwo,60,0.039,396,
gikuyu,kuho-,60,0.039,397,
gikuyu,kurita,60,0.039,398,
gikuyu,kuororo-,60,0.039,399,
gikuyu,kumeny-,60,0.039,400,
gikuyu,aka-,60,0.039,401,
gikuyu,kuri-,60,0.039,402,
gikuyu,ay-,60,0.039,403,
gikuyu,-ay,60,0.039,404,
gikuyu,kwigeri-,60,0.039,405,
gikuyu,kim-,60,0.039,406,
gikuyu,nom-,60,0.039,407,
gikuyu,mahen-,60,0.039,408,
gikuyu,endag-,60,0.039,409,
gikuyu,-endag,60,0.039,410,
gikuyu,a,60,0.039,411,
gikuyu,marakar-,60,0.039,412,
gikuyu,matirutag-,60,0.039,413,
gikuyu,mbu,60,0.039,414,
gikuyu,mucangacang-,60,0.039,415,
gikuyu,hingag-,60,0.039,416,
gikuyu,-hingag,60,0.039,417,
gikuyu,he-,60,0.039,418,
gikuyu,-he,60,0.039,419,
gikuyu,muhirig-,60,0.039,420,
gikuyu,murog-,60,0.039,421,
gikuyu,atigag-,60,0.039,422,
gikuyu,oio,60,0.039,423,
gikuyu,hw-,60,0.039,424,
gikuyu,-hw,60,0.039,425,
gikuyu,ndaimagwo,60,0.039,426,
gikuyu,muikarani-,60,0.039,427,
gikuyu,nigu-,60,0.039,428,
gikuyu,rag-,60,0.039,429,
gikuyu,-rag,60,0.039,430,
gikuyu,nja-,60,0.039,431,
gikuyu,utathi-,60,0.039,432,
gikuyu,gwath-,60,0.039,433,
gikuyu,wiki,60,0.039,434,
gikuyu,agikuy-,30,0.019,435,
gikuyu,utugir-,30,0.019,436,
gikuyu,riru-,30,0.019,437,
gikuyu,-riru,30,0.019,438,
gikuyu,kao,30,0.019,439,
gikuyu,aikaragi-,30,0.019,440,
gikuyu,nju-,30,0.019,441,
gikuyu,ngigi,30,0.019,442,
gikuyu,utug-,30,0.019,443,
gikuyu,nyiniko,30,0.019,444,
gikuyu,iganain-,30,0.019,445,
gikuyu,-iganain,30,0.019,446,
gikuyu,magithi-,30,0.019,447,
gikuyu,magiceer-,30,0.019,448,
gikuyu,-huragwo,30,0.019,449,
gikuyu,ngamin-,30,0.019,450,
gikuyu,ithend-,30,0.019,451,
gikuyu,-oyo,30,0.019,452,
gikuyu,angimituiri-,30,0.019,453,
gikuyu,umirit-,30,0.019,454,
gikuyu,ndangimion-,30,0.019,455,
gikuyu,riki-,30,0.019,456,
gikuyu,rw-,30,0.019,457,
gikuyu,ndubatabatag-,30,0.019,458,
gikuyu,ciakorir-,30,0.019,459,
gikuyu,wac-,30,0.019,460,
gikuyu,itigayagwo,30,0.019,461,
gikuyu,gitanaku-,30,0.019,462,
gikuyu,gacugum-,30,0.019,463,
gikuyu,gacio,30,0.019,464,
gikuyu,gatathukagio,30,0.019,465,
gikuyu,mwenegwo,30,0.019,466,
gikuyu,como,30,0.019,467,
gikuyu,ciathanag-,30,0.019,468,
gikuyu,ikigu-,30,0.019,469,
gikuyu,itiathanag-,30,0.019,470,
gikuyu,ikiumbuk-,30,0.019,471,
gikuyu,thugur-,30,0.019,472,
gikuyu,itiyurag-,30,0.019,473,
gikuyu,ciatur-,30,0.019,474,
gikuyu,umo,30,0.019,475,
gikuyu,ciambag-,30,0.019,476,
gikuyu,ciigwatagirir-,30,0.019,477,
gikuyu,marer-,30,0.019,478,
gikuyu,cionj-,30,0.019,479,
gikuyu,-kum,30,0.019,480,
gikuyu,irugit-,30,0.019,481,
gikuyu,igiku-,30,0.019,482,
gikuyu,utindag-,30,0.019,483,
gikuyu,ndumagirio,30,0.019,484,
gikuyu,woth-,30,0.019,485,
gikuyu,wambagiririo,30,0.019,486,
gikuyu,ciunagwo,30,0.019,487,
gikuyu,rukomo,30,0.019,488,
gikuyu,akameny-,30,0.019,489,
gikuyu,ikiunwo,30,0.019,490,
gikuyu,her-,30,0.019,491,
gikuyu,-her,30,0.019,492,
gikuyu,thakirio,30,0.019,493,
gikuyu,gakiibath-,30,0.019,494,
gikuyu,rithoith-,30,0.019,495,
gikuyu,-rithoith,30,0.019,496,
gikuyu,gakiihotor-,30,0.019,497,
gikuyu,kagira,30,0.019,498,
gikuyu,thooko,30,0.019,499,
gikuyu,garurir-,30,0.019,500,
gikuyu,gatam-,30,0.019,501,
gikuyu,gatingikurutir-,30,0.019,502,
gikuyu,gathuth-,30,0.019,503,
gikuyu,konagi-,30,0.019,504,
gikuyu,nok-,30,0.019,505,
gikuyu,mit-,30,0.019,506,
gikuyu,gatiunagwo,30,0.019,507,
gikuyu,gatinyinyirag-,30,0.019,508,
gikuyu,inagi-,30,0.019,509,
gikuyu,-inagi,30,0.019,510,
gikuyu,murig-,30,0.019,511,
gikuyu,koragithiri-,30,0.019,512,
gikuyu,watatu-,30,0.019,513,
gikuyu,githaragio,30,0.019,514,
gikuyu,murokero,30,0.019,515,
gikuyu,gieterero,30,0.019,516,
gikuyu,kiinaino,30,0.019,517,
gikuyu,gicigo,30,0.019,518,
gikuyu,gitinyihag-,30,0.019,519,
gikuyu,giikaro,30,0.019,520,
gikuyu,nge-,30,0.019,521,
gikuyu,kiratin-,30,0.019,522,
gikuyu,gitiraragirio,30,0.019,523,
gikuyu,gitigunag-,30,0.019,524,
gikuyu,kigunag-,30,0.019,525,
gikuyu,guka-,30,0.019,526,
gikuyu,githumb-,30,0.019,527,
gikuyu,ngotoko,30,0.019,528,
gikuyu,gitiganiriro,30,0.019,529,
gikuyu,kirugit-,30,0.019,530,
gikuyu,kirugamanio,30,0.019,531,
gikuyu,gitikagio,30,0.019,532,
gikuyu,gitind-,30,0.019,533,
gikuyu,kiraragi-,30,0.019,534,
gikuyu,kigiragio,30,0.019,535,
gikuyu,iganjo,30,0.019,536,
gikuyu,gikarim-,30,0.019,537,
gikuyu,munyuko,30,0.019,538,
gikuyu,guce-,30,0.019,539,
gikuyu,gucekeh-,30,0.019,540,
gikuyu,guicuhio,30,0.019,541,
gikuyu,kunag-,30,0.019,542,
gikuyu,-rigu,30,0.019,543,
gikuyu,gucukagwo,30,0.019,544,
gikuyu,utaguteo,30,0.019,545,
gikuyu,guthuran-,30,0.019,546,
gikuyu,gukiririri-,30,0.019,547,
gikuyu,ngathi-,30,0.019,548,
gikuyu,ngicayag-,30,0.019,549,
gikuyu,gukuhiriri-,30,0.019,550,
gikuyu,tikuo,30,0.019,551,
gikuyu,gukungagwo,30,0.019,552,
gikuyu,utuuragia,30,0.019,553,
gikuyu,guteithagio,30,0.019,554,
gikuyu,witeithiti-,30,0.019,555,
gikuyu,niku-,30,0.019,556,
gikuyu,guthekio,30,0.019,557,
gikuyu,guthigagio,30,0.019,558,
gikuyu,gutongitwo,30,0.019,559,
gikuyu,matugut-,30,0.019,560,
gikuyu,acok-,30,0.019,561,
gikuyu,onagi-,30,0.019,562,
gikuyu,-onagi,30,0.019,563,
gikuyu,guthimb-,30,0.019,564,
gikuyu,kiku-,30,0.019,565,
gikuyu,-hoto,30,0.019,566,
gikuyu,kamukw-,30,0.019,567,
gikuyu,guthukagirio,30,0.019,568,
gikuyu,wanateg-,30,0.019,569,
gikuyu,guthuragwo,30,0.019,570,
gikuyu,uriendwo,30,0.019,571,
gikuyu,gitatuiri-,30,0.019,572,
gikuyu,githinj-,30,0.019,573,
gikuyu,utathinj-,30,0.019,574,
gikuyu,ithiagwwo,30,0.019,575,
gikuyu,-ayo,30,0.019,576,
gikuyu,utukarugwo,30,0.019,577,
gikuyu,mucuthiriri-,30,0.019,578,
gikuyu,urehag-,30,0.019,579,
gikuyu,urugar-,30,0.019,580,
gikuyu,eguthi-,30,0.019,581,
gikuyu,ekuum-,30,0.019,582,
gikuyu,wend-,30,0.019,583,
gikuyu,gutungan-,30,0.019,584,
gikuyu,utangutuik-,30,0.019,585,
gikuyu,utainagi-,30,0.019,586,
gikuyu,ruthi-,30,0.019,587,
gikuyu,mutumi-,30,0.019,588,
gikuyu,wenjagirwo,30,0.019,589,
gikuyu,ungitem-,30,0.019,590,
gikuyu,agitemer-,30,0.019,591,
gikuyu,muhuriri-,30,0.019,592,
gikuyu,wa-,30,0.019,593,
gikuyu,mahuririo,30,0.019,594,
gikuyu,rumag-,30,0.019,595,
gikuyu,-rumag,30,0.019,596,
gikuyu,ngiriny-,30,0.019,597,
gikuyu,uciaragwo,30,0.019,598,
gikuyu,arumiirwo,30,0.019,599,
gikuyu,uikagi-,30,0.019,600,
gikuyu,atari,30,0.019,601,
gikuyu,kinyag-,30,0.019,602,
gikuyu,-kinyag,30,0.019,603,
gikuyu,mukinyir-,30,0.019,604,
gikuyu,kihumo,30,0.019,605,
gikuyu,utong-,30,0.019,606,
gikuyu,uton-,30,0.019,607,
gikuyu,ritakuri-,30,0.019,608,
gikuyu,thingir-,30,0.019,609,
gikuyu,uthuir-,30,0.019,610,
gikuyu,agiku-,30,0.019,611,
gikuyu,rirag-,30,0.019,612,
gikuyu,-rirag,30,0.019,613,
gikuyu,aki-,30,0.019,614,
gikuyu,agithi-,30,0.019,615,
gikuyu,agicok-,30,0.019,616,
gikuyu,wit-,30,0.019,617,
gikuyu,baba,30,0.019,618,
gikuyu,gute-,30,0.019,619,
gikuyu,gutungat-,30,0.019,620,
gikuyu,gutingigiri-,30,0.019,621,
gikuyu,agatungatwo,30,0.019,622,
gikuyu,gwakia,30,0.019,623,
gikuyu,kwaram-,30,0.019,624,
gikuyu,gwat-,30,0.019,625,
gikuyu,gwakundeer-,30,0.019,626,
gikuyu,gwether-,30,0.019,627,
gikuyu,gitah-,30,0.019,628,
gikuyu,gwi,30,0.019,629,
gikuyu,thigar-,30,0.019,630,
gikuyu,kumathag-,30,0.019,631,
gikuyu,mugw-,30,0.019,632,
gikuyu,hatiganain-,30,0.019,633,
gikuyu,hatiitangagwo,30,0.019,634,
gikuyu,itanakir-,30,0.019,635,
gikuyu,hing-,30,0.019,636,
gikuyu,ndikinyag-,30,0.019,637,
gikuyu,uigan-,30,0.019,638,
gikuyu,-uigan,30,0.019,639,
gikuyu,ciathi-,30,0.019,640,
gikuyu,ciegangar-,30,0.019,641,
gikuyu,yugag-,30,0.019,642,
gikuyu,ogi,30,0.019,643,
gikuyu,mon-,30,0.019,644,
gikuyu,gicing-,30,0.019,645,
gikuyu,ngwatiro,30,0.019,646,
gikuyu,mui,30,0.019,647,
gikuyu,ngorok-,30,0.019,648,
gikuyu,irathinjirwo,30,0.019,649,
gikuyu,igithi-,30,0.019,650,
gikuyu,ndiatigir-,30,0.019,651,
gikuyu,hun-,30,0.019,652,
gikuyu,huhit-,30,0.019,653,
gikuyu,hurur-,30,0.019,654,
gikuyu,ithekag-,30,0.019,655,
gikuyu,rwaro,30,0.019,656,
gikuyu,igiarag-,30,0.019,657,
gikuyu,-ine,30,0.019,658,
gikuyu,igitunywo,30,0.019,659,
gikuyu,iikagirio,30,0.019,660,
gikuyu,mungu,30,0.019,661,
gikuyu,ikurum-,30,0.019,662,
gikuyu,oragi-,30,0.019,663,
gikuyu,-oragi,30,0.019,664,
gikuyu,mugugut-,30,0.019,665,
gikuyu,-aya,30,0.019,666,
gikuyu,igan-,30,0.019,667,
gikuyu,-igan,30,0.019,668,
gikuyu,guciar-,30,0.019,669,
gikuyu,yongithagiri-,30,0.019,670,
gikuyu,ho,30,0.019,671,
gikuyu,-ragwo,30,0.019,672,
gikuyu,mwirorer-,30,0.019,673,
gikuyu,ihugagi-,30,0.019,674,
gikuyu,hinj-,30,0.019,675,
gikuyu,-hinj,30,0.019,676,
gikuyu,hum-,30,0.019,677,
gikuyu,-hum,30,0.019,678,
gikuyu,itangigwatirir-,30,0.019,679,
gikuyu,iguitirir-,30,0.019,680,
gikuyu,igiritagi-,30,0.019,681,
gikuyu,muthec-,30,0.019,682,
gikuyu,ndioyagir-,30,0.019,683,
gikuyu,nyit-,30,0.019,684,
gikuyu,mutego,30,0.019,685,
gikuyu,ndithuir-,30,0.019,686,
gikuyu,gwiteithur-,30,0.019,687,
gikuyu,thon-,30,0.019,688,
gikuyu,munj-,30,0.019,689,
gikuyu,irugamag-,30,0.019,690,
gikuyu,ikurumag-,30,0.019,691,
gikuyu,itakuur-,30,0.019,692,
gikuyu,igwatagi-,30,0.019,693,
gikuyu,ruhuho,30,0.019,694,
gikuyu,tha-,30,0.019,695,
gikuyu,igunagwo,30,0.019,696,
gikuyu,makor-,30,0.019,697,
gikuyu,ithinjagirwo,30,0.019,698,
gikuyu,murwar-,30,0.019,699,
gikuyu,igakor-,30,0.019,700,
gikuyu,warwarir-,30,0.019,701,
gikuyu,ithimbag-,30,0.019,702,
gikuyu,itunyagwo,30,0.019,703,
gikuyu,iga-,30,0.019,704,
gikuyu,ritigiragi-,30,0.019,705,
gikuyu,igego,30,0.019,706,
gikuyu,rithekagi-,30,0.019,707,
gikuyu,heny-,30,0.019,708,
gikuyu,-heny,30,0.019,709,
gikuyu,inene,30,0.019,710,
gikuyu,unag-,30,0.019,711,
gikuyu,-unag,30,0.019,712,
gikuyu,ihath-,30,0.019,713,
gikuyu,ikuragir-,30,0.019,714,
gikuyu,uth-,30,0.019,715,
gikuyu,ritiringanag-,30,0.019,716,
gikuyu,itiaganag-,30,0.019,717,
gikuyu,rikinyag-,30,0.019,718,
gikuyu,-un,30,0.019,719,
gikuyu,inyany-,30,0.019,720,
gikuyu,kurimithanio,30,0.019,721,
gikuyu,ugwat-,30,0.019,722,
gikuyu,guthu-,30,0.019,723,
gikuyu,ndongori-,30,0.019,724,
gikuyu,itikinyagir-,30,0.019,725,
gikuyu,nyek-,30,0.019,726,
gikuyu,gwithamb-,30,0.019,727,
gikuyu,itioragirwo,30,0.019,728,
gikuyu,kab-,30,0.019,729,
gikuyu,-kab,30,0.019,730,
gikuyu,gikuy-,30,0.019,731,
gikuyu,rirekagi-,30,0.019,732,
gikuyu,riemb-,30,0.019,733,
gikuyu,ikenagir-,30,0.019,734,
gikuyu,ititirag-,30,0.019,735,
gikuyu,itirirag-,30,0.019,736,
gikuyu,ititahag-,30,0.019,737,
gikuyu,rinogagi-,30,0.019,738,
gikuyu,ithar-,30,0.019,739,
gikuyu,riaguk-,30,0.019,740,
gikuyu,-umo,30,0.019,741,
gikuyu,ritiringag-,30,0.019,742,
gikuyu,ritirutagirwo,30,0.019,743,
gikuyu,riuragag-,30,0.019,744,
gikuyu,rir,30,0.019,745,
gikuyu,-ono,30,0.019,746,
gikuyu,ritituhagi-,30,0.019,747,
gikuyu,ithinjiro,30,0.019,748,
gikuyu,ritiagag-,30,0.019,749,
gikuyu,rer-,30,0.019,750,
gikuyu,-rer,30,0.019,751,
gikuyu,ucu-,30,0.019,752,
gikuyu,gatingirungik-,30,0.019,753,
gikuyu,gatingiyuragir-,30,0.019,754,
gikuyu,kagwac-,30,0.019,755,
gikuyu,horagi-,30,0.019,756,
gikuyu,-horagi,30,0.019,757,
gikuyu,gatiagararagwo,30,0.019,758,
gikuyu,kamenyag-,30,0.019,759,
gikuyu,kugerek-,30,0.019,760,
gikuyu,kogi,30,0.019,761,
gikuyu,migw-,30,0.019,762,
gikuyu,getainwo,30,0.019,763,
gikuyu,rathim-,30,0.019,764,
gikuyu,-rathim,30,0.019,765,
gikuyu,gatiu-,30,0.019,766,
gikuyu,gatuhag-,30,0.019,767,
gikuyu,kai-,30,0.019,768,
gikuyu,korur-,30,0.019,769,
gikuyu,gatigag-,30,0.019,770,
gikuyu,gugithinjwo,30,0.019,771,
gikuyu,kamamiriri-,30,0.019,772,
gikuyu,gateir-,30,0.019,773,
gikuyu,kama-,30,0.019,774,
gikuyu,mwer-,30,0.019,775,
gikuyu,kamuhuthu-,30,0.019,776,
gikuyu,harurukagi-,30,0.019,777,
gikuyu,-harurukagi,30,0.019,778,
gikuyu,kamu-,30,0.019,779,
gikuyu,yag-,30,0.019,780,
gikuyu,-yag,30,0.019,781,
gikuyu,ukomeir-,30,0.019,782,
gikuyu,gatituhagi-,30,0.019,783,
gikuyu,ragi-,30,0.019,784,
gikuyu,-ragi,30,0.019,785,
gikuyu,ngahand-,30,0.019,786,
gikuyu,ken-,30,0.019,787,
gikuyu,gatinyuag-,30,0.019,788,
gikuyu,muma,30,0.019,789,
gikuyu,ikah-,30,0.019,790,
gikuyu,kendagi-,30,0.019,791,
gikuyu,weriir-,30,0.019,792,
gikuyu,gatun-,30,0.019,793,
gikuyu,mwamukaniro,30,0.019,794,
gikuyu,kanyon-,30,0.019,795,
gikuyu,keminagir-,30,0.019,796,
gikuyu,njo-,30,0.019,797,
gikuyu,kanywanju-,30,0.019,798,
gikuyu,kerathag-,30,0.019,799,
gikuyu,-raguthwo,30,0.019,800,
gikuyu,kar-,30,0.019,801,
gikuyu,ang-,30,0.019,802,
gikuyu,-ang,30,0.019,803,
gikuyu,hak-,30,0.019,804,
gikuyu,gatiumagi-,30,0.019,805,
gikuyu,-rara,30,0.019,806,
gikuyu,gekiny-,30,0.019,807,
gikuyu,gatukagi-,30,0.019,808,
gikuyu,karat-,30,0.019,809,
gikuyu,-agwo,30,0.019,810,
gikuyu,gatihonag-,30,0.019,811,
gikuyu,rerari-,30,0.019,812,
gikuyu,-rerari,30,0.019,813,
gikuyu,kagaruragwo,30,0.019,814,
gikuyu,-riki,30,0.019,815,
gikuyu,gatukiriiri-,30,0.019,816,
gikuyu,ndutur-,30,0.019,817,
gikuyu,gati-,30,0.019,818,
gikuyu,gatiiyumburag-,30,0.019,819,
gikuyu,kiabac-,30,0.019,820,
gikuyu,giakur-,30,0.019,821,
gikuyu,kiiyuragio,30,0.019,822,
gikuyu,hut-,30,0.019,823,
gikuyu,-hut,30,0.019,824,
gikuyu,gitigwatagwo,30,0.019,825,
gikuyu,-imbo,30,0.019,826,
gikuyu,kig-,30,0.019,827,
gikuyu,gitininukagio,30,0.019,828,
gikuyu,gituthag-,30,0.019,829,
gikuyu,rutung-,30,0.019,830,
gikuyu,kigeturag-,30,0.019,831,
gikuyu,kiring-,30,0.019,832,
gikuyu,ruiyur-,30,0.019,833,
gikuyu,-ongagirirwo,30,0.019,834,
gikuyu,gitihakagwo,30,0.019,835,
gikuyu,ndokeirwo,30,0.019,836,
gikuyu,nuu,30,0.019,837,
gikuyu,muhuh-,30,0.019,838,
gikuyu,ethukiti-,30,0.019,839,
gikuyu,we,30,0.019,840,
gikuyu,ho-,30,0.019,841,
gikuyu,-ho,30,0.019,842,
gikuyu,ahoyag-,30,0.019,843,
gikuyu,kindong,30,0.019,844,
gikuyu,kienjithagio,30,0.019,845,
gikuyu,gitihoyag-,30,0.019,846,
gikuyu,mici-,30,0.019,847,
gikuyu,ciihiti-,30,0.019,848,
gikuyu,cioth-,30,0.019,849,
gikuyu,gitingirek-,30,0.019,850,
gikuyu,akom-,30,0.019,851,
gikuyu,gitiunanagirwo,30,0.019,852,
gikuyu,gitindagi-,30,0.019,853,
gikuyu,kihithag-,30,0.019,854,
gikuyu,rwembe-,30,0.019,855,
gikuyu,umb-,30,0.019,856,
gikuyu,-umb,30,0.019,857,
gikuyu,gitikuonwo,30,0.019,858,
gikuyu,gwikigi-,30,0.019,859,
gikuyu,muciarir-,30,0.019,860,
gikuyu,kiong-,30,0.019,861,
gikuyu,muku-,30,0.019,862,
gikuyu,kiringir-,30,0.019,863,
gikuyu,rukireg-,30,0.019,864,
gikuyu,gitimuiragi-,30,0.019,865,
gikuyu,-ruk,30,0.019,866,
gikuyu,kimb-,30,0.019,867,
gikuyu,mung,30,0.019,868,
gikuyu,ung,30,0.019,869,
gikuyu,utu,30,0.019,870,
gikuyu,gitihatagiririo,30,0.019,871,
gikuyu,kiunuh-,30,0.019,872,
gikuyu,gitiriagirwo,30,0.019,873,
gikuyu,kiaringio,30,0.019,874,
gikuyu,ugag-,30,0.019,875,
gikuyu,-ugag,30,0.019,876,
gikuyu,kieringi-,30,0.019,877,
gikuyu,kiririri-,30,0.019,878,
gikuyu,ruo,30,0.019,879,
gikuyu,gither-,30,0.019,880,
gikuyu,gitirutanagirwo,30,0.019,881,
gikuyu,ate-,30,0.019,882,
gikuyu,athiniri-,30,0.019,883,
gikuyu,kuganwo,30,0.019,884,
gikuyu,kuger-,30,0.019,885,
gikuyu,itihanain-,30,0.019,886,
gikuyu,kugunagwo,30,0.019,887,
gikuyu,mwithiomer-,30,0.019,888,
gikuyu,kuna,30,0.019,889,
gikuyu,kuhitia,30,0.019,890,
gikuyu,kuhonok-,30,0.019,891,
gikuyu,gutu-,30,0.019,892,
gikuyu,kui-,30,0.019,893,
gikuyu,kuhuut-,30,0.019,894,
gikuyu,kuhuun-,30,0.019,895,
gikuyu,hur-,30,0.019,896,
gikuyu,-hur,30,0.019,897,
gikuyu,kumth-,30,0.019,898,
gikuyu,kuramat-,30,0.019,899,
gikuyu,kumenyuk-,30,0.019,900,
gikuyu,we-,30,0.019,901,
gikuyu,kuutind-,30,0.019,902,
gikuyu,kungu,30,0.019,903,
gikuyu,kuohwo,30,0.019,904,
gikuyu,maiyuri-,30,0.019,905,
gikuyu,gigiciar-,30,0.019,906,
gikuyu,gukahuk-,30,0.019,907,
gikuyu,guticokag-,30,0.019,908,
gikuyu,guku-,30,0.019,909,
gikuyu,kigwa,30,0.019,910,
gikuyu,mwon-,30,0.019,911,
gikuyu,uku-,30,0.019,912,
gikuyu,utatumwo,30,0.019,913,
gikuyu,gukorok-,30,0.019,914,
gikuyu,-oria,30,0.019,915,
gikuyu,nai,30,0.019,916,
gikuyu,tiri,30,0.019,917,
gikuyu,kuriithi-,30,0.019,918,
gikuyu,kurikanir-,30,0.019,919,
gikuyu,ndeto,30,0.019,920,
gikuyu,ihitan-,30,0.019,921,
gikuyu,-rima,30,0.019,922,
gikuyu,amu,30,0.019,923,
gikuyu,kioragir-,30,0.019,924,
gikuyu,gutiiriragwo,30,0.019,925,
gikuyu,ku,30,0.019,926,
gikuyu,heho,30,0.019,927,
gikuyu,kumagar-,30,0.019,928,
gikuyu,mucun-,30,0.019,929,
gikuyu,gwateirwo,30,0.019,930,
gikuyu,muhituk-,30,0.019,931,
gikuyu,munegen-,30,0.019,932,
gikuyu,kworir-,30,0.019,933,
gikuyu,mwendwo,30,0.019,934,
gikuyu,mathin-,30,0.019,935,
gikuyu,kwioner-,30,0.019,936,
gikuyu,maraitik-,30,0.019,937,
gikuyu,muhit-,30,0.019,938,
gikuyu,rar-,30,0.019,939,
gikuyu,-rar,30,0.019,940,
gikuyu,tim-,30,0.019,941,
gikuyu,mageri-,30,0.019,942,
gikuyu,hot-,30,0.019,943,
gikuyu,-hot,30,0.019,944,
gikuyu,-kuru,30,0.019,945,
gikuyu,matinag-,30,0.019,946,
gikuyu,rwimbo,30,0.019,947,
gikuyu,mambagio,30,0.019,948,
gikuyu,uthi-,30,0.019,949,
gikuyu,kihinj-,30,0.019,950,
gikuyu,irang,30,0.019,951,
gikuyu,mamb-,30,0.019,952,
gikuyu,matigiragi-,30,0.019,953,
gikuyu,maronan-,30,0.019,954,
gikuyu,-iriro,30,0.019,955,
gikuyu,ruthiom-,30,0.019,956,
gikuyu,matituurag-,30,0.019,957,
gikuyu,gite-,30,0.019,958,
gikuyu,mahitukag-,30,0.019,959,
gikuyu,ugikunj-,30,0.019,960,
gikuyu,mathanw-,30,0.019,961,
gikuyu,-ondo,30,0.019,962,
gikuyu,gukomorani-,30,0.019,963,
gikuyu,mwak-,30,0.019,964,
gikuyu,mendag-,30,0.019,965,
gikuyu,murugurio,30,0.019,966,
gikuyu,matig-,30,0.019,967,
gikuyu,moranwo,30,0.019,968,
gikuyu,matiruk-,30,0.019,969,
gikuyu,magu-,30,0.019,970,
gikuyu,nguririr-,30,0.019,971,
gikuyu,thig-,30,0.019,972,
gikuyu,matumb-,30,0.019,973,
gikuyu,matituranag-,30,0.019,974,
gikuyu,-undu,30,0.019,975,
gikuyu,ndiganiro,30,0.019,976,
gikuyu,mba,30,0.019,977,
gikuyu,ya-,30,0.019,978,
gikuyu,-kwa,30,0.019,979,
gikuyu,irihagwo,30,0.019,980,
gikuyu,mbaaray-,30,0.019,981,
gikuyu,ond-,30,0.019,982,
gikuyu,-eka,30,0.019,983,
gikuyu,makorirwo,30,0.019,984,
gikuyu,meka,30,0.019,985,
gikuyu,iminag-,30,0.019,986,
gikuyu,ndar-,30,0.019,987,
gikuyu,iguth-,30,0.019,988,
gikuyu,ndiriragwo,30,0.019,989,
gikuyu,gikeno,30,0.019,990,
gikuyu,mugiano,30,0.019,991,
gikuyu,mbogo,30,0.019,992,
gikuyu,mung-,30,0.019,993,
gikuyu,igucagio,30,0.019,994,
gikuyu,itiugagirwo,30,0.019,995,
gikuyu,itirumagwo,30,0.019,996,
gikuyu,ndiremag-,30,0.019,997,
gikuyu,rwagath-,30,0.019,998,
gikuyu,ndikir-,30,0.019,999,
gikuyu,-itha,30,0.019,1000,
gikuyu,ndirigari-,30,0.019,1001,
gikuyu,nditihagir-,30,0.019,1002,
gikuyu,tuhu,30,0.019,1003,
gikuyu,rig-,30,0.019,1004,
gikuyu,-rig,30,0.019,1005,
gikuyu,yaringirir-,30,0.019,1006,
gikuyu,ugu-,30,0.019,1007,
gikuyu,uringagirir-,30,0.019,1008,
gikuyu,itikagio,30,0.019,1009,
gikuyu,athamak-,30,0.019,1010,
gikuyu,ndikirit-,30,0.019,1011,
gikuyu,mburungo,30,0.019,1012,
gikuyu,men-,30,0.019,1013,
gikuyu,wigerer-,30,0.019,1014,
gikuyu,ndukor-,30,0.019,1015,
gikuyu,mi-,30,0.019,1016,
gikuyu,nditukanagio,30,0.019,1017,
gikuyu,migambo,30,0.019,1018,
gikuyu,miruk-,30,0.019,1019,
gikuyu,migugut-,30,0.019,1020,
gikuyu,ndiambagiririo,30,0.019,1021,
gikuyu,migu-,30,0.019,1022,
gikuyu,migogo,30,0.019,1023,
gikuyu,miheh-,30,0.019,1024,
gikuyu,yongagirirwo,30,0.019,1025,
gikuyu,mitheko,30,0.019,1026,
gikuyu,githim-,30,0.019,1027,
gikuyu,yumag-,30,0.019,1028,
gikuyu,theg-,30,0.019,1029,
gikuyu,ndiikagio,30,0.019,1030,
gikuyu,mubatar-,30,0.019,1031,
gikuyu,ndaconokag-,30,0.019,1032,
gikuyu,mucakw-,30,0.019,1033,
gikuyu,uguithagi-,30,0.019,1034,
gikuyu,miguongo,30,0.019,1035,
gikuyu,urutag-,30,0.019,1036,
gikuyu,ndamwagag-,30,0.019,1037,
gikuyu,ceer-,30,0.019,1038,
gikuyu,-ceer,30,0.019,1039,
gikuyu,akundukag-,30,0.019,1040,
gikuyu,taguo,30,0.019,1041,
gikuyu,-iragio,30,0.019,1042,
gikuyu,ndathikuragi-,30,0.019,1043,
gikuyu,etiagir-,30,0.019,1044,
gikuyu,ndwathagwo,30,0.019,1045,
gikuyu,utawakir-,30,0.019,1046,
gikuyu,kurar-,30,0.019,1047,
gikuyu,-raragwo,30,0.019,1048,
gikuyu,ndutindagwo,30,0.019,1049,
gikuyu,ndwagag-,30,0.019,1050,
gikuyu,kihuno,30,0.019,1051,
gikuyu,mucing-,30,0.019,1052,
gikuyu,mucirir-,30,0.019,1053,
gikuyu,muthig-,30,0.019,1054,
gikuyu,ndagambag-,30,0.019,1055,
gikuyu,mucukan-,30,0.019,1056,
gikuyu,mwega,30,0.019,1057,
gikuyu,kugu-,30,0.019,1058,
gikuyu,nduoyagwo,30,0.019,1059,
gikuyu,uroigwo,30,0.019,1060,
gikuyu,ndugukagwo,30,0.019,1061,
gikuyu,mugariru-,30,0.019,1062,
gikuyu,icur-,30,0.019,1063,
gikuyu,gutwik-,30,0.019,1064,
gikuyu,muig-,30,0.019,1065,
gikuyu,ute-,30,0.019,1066,
gikuyu,ami-,30,0.019,1067,
gikuyu,ndarugagirwo,30,0.019,1068,
gikuyu,ndahuhitag-,30,0.019,1069,
gikuyu,mugeth-,30,0.019,1070,
gikuyu,agethir-,30,0.019,1071,
gikuyu,agirir-,30,0.019,1072,
gikuyu,ruh-,30,0.019,1073,
gikuyu,mugogo,30,0.019,1074,
gikuyu,iriuko,30,0.019,1075,
gikuyu,mugom-,30,0.019,1076,
gikuyu,uturag-,30,0.019,1077,
gikuyu,rut-,30,0.019,1078,
gikuyu,umenyagwo,30,0.019,1079,
gikuyu,ngetho,30,0.019,1080,
gikuyu,-inagwo,30,0.019,1081,
gikuyu,-urir,30,0.019,1082,
gikuyu,hakuh-,30,0.019,1083,
gikuyu,-heo,30,0.019,1084,
gikuyu,awa,30,0.019,1085,
gikuyu,ukundemburir-,30,0.019,1086,
gikuyu,itimuragi-,30,0.019,1087,
gikuyu,muhak-,30,0.019,1088,
gikuyu,itimuragir-,30,0.019,1089,
gikuyu,hiu,30,0.019,1090,
gikuyu,muhand-,30,0.019,1091,
gikuyu,muharwo,30,0.019,1092,
gikuyu,uthingatag-,30,0.019,1093,
gikuyu,muhehwo,30,0.019,1094,
gikuyu,meri,30,0.019,1095,
gikuyu,ndaiguag-,30,0.019,1096,
gikuyu,ndathekag-,30,0.019,1097,
gikuyu,ago,30,0.019,1098,
gikuyu,ndagathimag-,30,0.019,1099,
gikuyu,muhik-,30,0.019,1100,
gikuyu,ahikanag-,30,0.019,1101,
gikuyu,rubia,30,0.019,1102,
gikuyu,atumag-,30,0.019,1103,
gikuyu,rwe-,30,0.019,1104,
gikuyu,muhorer-,30,0.019,1105,
gikuyu,muhotwo,30,0.019,1106,
gikuyu,ndararag-,30,0.019,1107,
gikuyu,muhuun-,30,0.019,1108,
gikuyu,etaga,30,0.019,1109,
gikuyu,uhuti-,30,0.019,1110,
gikuyu,mukorok-,30,0.019,1111,
gikuyu,athamagi-,30,0.019,1112,
gikuyu,kiar-,30,0.019,1113,
gikuyu,ndathiragwo,30,0.019,1114,
gikuyu,hind-,30,0.019,1115,
gikuyu,arindagir-,30,0.019,1116,
gikuyu,munyit-,30,0.019,1117,
gikuyu,uthekagirir-,30,0.019,1118,
gikuyu,cong,30,0.019,1119,
gikuyu,e,30,0.019,1120,
gikuyu,ndahoyag-,30,0.019,1121,
gikuyu,runyen-,30,0.019,1122,
gikuyu,-imba,30,0.019,1123,
gikuyu,mubarano,30,0.019,1124,
gikuyu,gitin-,30,0.019,1125,
gikuyu,thambo,30,0.019,1126,
gikuyu,ndakoragwo,30,0.019,1127,
gikuyu,kwih-,30,0.019,1128,
gikuyu,-kia,30,0.019,1129,
gikuyu,mweherer-,30,0.019,1130,
gikuyu,ndatuurag-,30,0.019,1131,
gikuyu,muingatwo,30,0.019,1132,
gikuyu,muinuk-,30,0.019,1133,
gikuyu,ndatukagirwo,30,0.019,1134,
gikuyu,acokagirirwo,30,0.019,1135,
gikuyu,agir-,30,0.019,1136,
gikuyu,-agir,30,0.019,1137,
gikuyu,ihug-,30,0.019,1138,
gikuyu,etereir-,30,0.019,1139,
gikuyu,kigurumuk-,30,0.019,1140,
gikuyu,oke,30,0.019,1141,
gikuyu,murarir-,30,0.019,1142,
gikuyu,mukager-,30,0.019,1143,
gikuyu,ndug-,30,0.019,1144,
gikuyu,mukami,30,0.019,1145,
gikuyu,imag-,30,0.019,1146,
gikuyu,-imag,30,0.019,1147,
gikuyu,ukir-,30,0.019,1148,
gikuyu,-ukir,30,0.019,1149,
gikuyu,ainukag-,30,0.019,1150,
gikuyu,githun-,30,0.019,1151,
gikuyu,ndamenyagwo,30,0.019,1152,
gikuyu,ga-,30,0.019,1153,
gikuyu,unyoni-,30,0.019,1154,
gikuyu,muga-,30,0.019,1155,
gikuyu,mukwithi-,30,0.019,1156,
gikuyu,itigi,30,0.019,1157,
gikuyu,kwi,30,0.019,1158,
gikuyu,muthat-,30,0.019,1159,
gikuyu,mumbi,30,0.019,1160,
gikuyu,amwitag-,30,0.019,1161,
gikuyu,amurutag-,30,0.019,1162,
gikuyu,-aki,30,0.019,1163,
gikuyu,iniur-,30,0.019,1164,
gikuyu,agerag-,30,0.019,1165,
gikuyu,ndagerag-,30,0.019,1166,
gikuyu,nderaguragir-,30,0.019,1167,
gikuyu,gwithoki-,30,0.019,1168,
gikuyu,itimenyagirwo,30,0.019,1169,
gikuyu,ndoragagwo,30,0.019,1170,
gikuyu,ndatumagwo,30,0.019,1171,
gikuyu,muhootan-,30,0.019,1172,
gikuyu,urakanyuir-,30,0.019,1173,
gikuyu,otaga,30,0.019,1174,
gikuyu,athinjag-,30,0.019,1175,
gikuyu,toi,30,0.019,1176,
gikuyu,oi,30,0.019,1177,
gikuyu,rurug-,30,0.019,1178,
gikuyu,ourugagwo,30,0.019,1179,
gikuyu,-erwo,30,0.019,1180,
gikuyu,wourugan-,30,0.019,1181,
gikuyu,mundwithi-,30,0.019,1182,
gikuyu,rimw-,30,0.019,1183,
gikuyu,ngagacok-,30,0.019,1184,
gikuyu,kunwithi-,30,0.019,1185,
gikuyu,ringi,30,0.019,1186,
gikuyu,ugaruragirwo,30,0.019,1187,
gikuyu,unyakukagwo,30,0.019,1188,
gikuyu,-hinga,30,0.019,1189,
gikuyu,ndurokag-,30,0.019,1190,
gikuyu,munyot-,30,0.019,1191,
gikuyu,muragan-,30,0.019,1192,
gikuyu,ndakayag-,30,0.019,1193,
gikuyu,kayag-,30,0.019,1194,
gikuyu,-kayag,30,0.019,1195,
gikuyu,ndaregag-,30,0.019,1196,
gikuyu,akihetwo,30,0.019,1197,
gikuyu,ndangihot-,30,0.019,1198,
gikuyu,muremwo,30,0.019,1199,
gikuyu,ndugo,30,0.019,1200,
gikuyu,nja,30,0.019,1201,
gikuyu,thatu,30,0.019,1202,
gikuyu,ngime,30,0.019,1203,
gikuyu,mukimir-,30,0.019,1204,
gikuyu,yak-,30,0.019,1205,
gikuyu,ndarundagwo,30,0.019,1206,
gikuyu,ndoinagwo,30,0.019,1207,
gikuyu,-oko,30,0.019,1208,
gikuyu,ndaiyuragi-,30,0.019,1209,
gikuyu,nduminag-,30,0.019,1210,
gikuyu,arag-,30,0.019,1211,
gikuyu,ndunenganagirwo,30,0.019,1212,
gikuyu,ndutuurag-,30,0.019,1213,
gikuyu,niwiriagir-,30,0.019,1214,
gikuyu,ug-,30,0.019,1215,
gikuyu,uminag-,30,0.019,1216,
gikuyu,magego,30,0.019,1217,
gikuyu,rutag-,30,0.019,1218,
gikuyu,-rutag,30,0.019,1219,
gikuyu,uriukagwo,30,0.019,1220,
gikuyu,nduriukagwo,30,0.019,1221,
gikuyu,runene,30,0.019,1222,
gikuyu,ndaruriagir-,30,0.019,1223,
gikuyu,muriganio,30,0.019,1224,
gikuyu,ugitony-,30,0.019,1225,
gikuyu,uki-,30,0.019,1226,
gikuyu,cok-,30,0.019,1227,
gikuyu,-cok,30,0.019,1228,
gikuyu,uragag-,30,0.019,1229,
gikuyu,murogor-,30,0.019,1230,
gikuyu,muror-,30,0.019,1231,
gikuyu,murungur-,30,0.019,1232,
gikuyu,uta-,30,0.019,1233,
gikuyu,hag-,30,0.019,1234,
gikuyu,-hag,30,0.019,1235,
gikuyu,murur-,30,0.019,1236,
gikuyu,ndwakag-,30,0.019,1237,
gikuyu,murwithi-,30,0.019,1238,
kamba,-a,12030,13.977,1,
kamba,-e,3270,3.799,2,
kamba,-i,2430,2.823,3,
kamba,nĩ,1920,2.231,4,
kamba,-ĩ,1710,1.987,5,
kamba,ka-,1230,1.429,6,
kamba,na,1050,1.22,7,
kamba,-u,1020,1.185,8,
kamba,wa,960,1.115,9,
kamba,-aa,930,1.081,10,
kamba,-o,870,1.011,11,
kamba,mũt-,780,0.906,12,
kamba,mbu-,720,0.837,13,
kamba,-la,690,0.802,14,
kamba,mb-,630,0.732,15,
kamba,ya,570,0.662,16,
kamba,kĩ-,570,0.662,17,
kamba,mũ-,540,0.627,18,
kamba,nzo-,510,0.593,19,
kamba,a,480,0.558,20,
kamba,ng-,480,0.558,21,
kamba,ma-,480,0.558,22,
kamba,nyamũ,480,0.558,23,
kamba,kya,450,0.523,24,
kamba,-iti,420,0.488,25,
kamba,ũtukũ,390,0.453,26,
kamba,-yo,390,0.453,27,
kamba,wa-,360,0.418,28,
kamba,-anga,360,0.418,29,
kamba,wĩ,330,0.383,30,
kamba,nth-,330,0.383,31,
kamba,-ũ,330,0.383,32,
kamba,vay-,330,0.383,33,
kamba,o,300,0.349,34,
kamba,kĩth-,300,0.349,35,
kamba,nz-,300,0.349,36,
kamba,sua,270,0.314,37,
kamba,mũtheny-,270,0.314,38,
kamba,-wa,270,0.314,39,
kamba,va-,270,0.314,40,
kamba,kũ-,270,0.314,41,
kamba,ta,270,0.314,42,
kamba,-ya,240,0.279,43,
kamba,um-,240,0.279,44,
kamba,-um,240,0.279,45,
kamba,mũndũ,240,0.279,46,
kamba,mw-,240,0.279,47,
kamba,-w,240,0.279,48,
kamba,ek-,240,0.279,49,
kamba,-ek,240,0.279,50,
kamba,ny-,240,0.279,51,
kamba,am-,240,0.279,52,
kamba,-am,240,0.279,53,
kamba,ndw-,210,0.244,54,
kamba,syĩ,210,0.244,55,
kamba,ũsĩ,210,0.244,56,
kamba,-ĩa,210,0.244,57,
kamba,ũla,210,0.244,58,
kamba,ũt-,210,0.244,59,
kamba,ngũ,210,0.244,60,
kamba,nze-,210,0.244,61,
kamba,sy-,210,0.244,62,
kamba,-sy,210,0.244,63,
kamba,mũsyĩm-,210,0.244,64,
kamba,yĩ,210,0.244,65,
kamba,ũ-,180,0.209,66,
kamba,sya-,180,0.209,67,
kamba,-sya,180,0.209,68,
kamba,en-,180,0.209,69,
kamba,sya,180,0.209,70,
kamba,mbo-,180,0.209,71,
kamba,sũn-,180,0.209,72,
kamba,-sũn,180,0.209,73,
kamba,ti,150,0.174,74,
kamba,ona,150,0.174,75,
kamba,no,150,0.174,76,
kamba,vai,150,0.174,77,
kamba,ve,150,0.174,78,
kamba,-en,150,0.174,79,
kamba,ya-,150,0.174,80,
kamba,ak-,150,0.174,81,
kamba,-ak,150,0.174,82,
kamba,-we,150,0.174,83,
kamba,kath-,150,0.174,84,
kamba,nĩ-,150,0.174,85,
kamba,kĩs-,150,0.174,86,
kamba,nd-,150,0.174,87,
kamba,kav-,150,0.174,88,
kamba,-ũkũ,150,0.174,89,
kamba,-vĩsĩ,150,0.174,90,
kamba,lũm-,150,0.174,91,
kamba,ĩsũn-,150,0.174,92,
kamba,ĩl-,120,0.139,93,
kamba,at-,120,0.139,94,
kamba,-at,120,0.139,95,
kamba,kan-,120,0.139,96,
kamba,kwa-,120,0.139,97,
kamba,kũt-,120,0.139,98,
kamba,mat-,120,0.139,99,
kamba,ũmwe,120,0.139,100,
kamba,ũta-,120,0.139,101,
kamba,ath-,120,0.139,102,
kamba,-ath,120,0.139,103,
kamba,kwĩ,120,0.139,104,
kamba,ĩt-,120,0.139,105,
kamba,-ongo,120,0.139,106,
kamba,-ula,120,0.139,107,
kamba,nok-,120,0.139,108,
kamba,mwa-,120,0.139,109,
kamba,-ka,120,0.139,110,
kamba,ngũũ-,120,0.139,111,
kamba,mwĩ-,120,0.139,112,
kamba,in-,120,0.139,113,
kamba,-uma,120,0.139,114,
kamba,nĩk-,120,0.139,115,
kamba,mang,120,0.139,116,
kamba,e,120,0.139,117,
kamba,aa,120,0.139,118,
kamba,i-,120,0.139,119,
kamba,ĩ,120,0.139,120,
kamba,ĩ-,120,0.139,121,
kamba,ke,120,0.139,122,
kamba,-ima,120,0.139,123,
kamba,ngũngũũ,120,0.139,124,
kamba,ka,90,0.105,125,
kamba,ũk-,90,0.105,126,
kamba,nzi-,90,0.105,127,
kamba,ĩmwe,90,0.105,128,
kamba,tha-,90,0.105,129,
kamba,-ano,90,0.105,130,
kamba,ĩte,90,0.105,131,
kamba,-yũ,90,0.105,132,
kamba,mũn-,90,0.105,133,
kamba,ĩm-,90,0.105,134,
kamba,-ĩm,90,0.105,135,
kamba,kĩngĩ,90,0.105,136,
kamba,ky-,90,0.105,137,
kamba,e-,90,0.105,138,
kamba,kũm-,90,0.105,139,
kamba,mũth-,90,0.105,140,
kamba,-in,90,0.105,141,
kamba,-ĩla,90,0.105,142,
kamba,ĩla,90,0.105,143,
kamba,uma-,90,0.105,144,
kamba,-ii,90,0.105,145,
kamba,eka,90,0.105,146,
kamba,kwe-,90,0.105,147,
kamba,ndũ-,90,0.105,148,
kamba,ũte,90,0.105,149,
kamba,mu-,90,0.105,150,
kamba,mũnene,90,0.105,151,
kamba,-syaa,90,0.105,152,
kamba,ng,90,0.105,153,
kamba,kĩt-,90,0.105,154,
kamba,ũ,90,0.105,155,
kamba,-yĩ,90,0.105,156,
kamba,ĩs-,90,0.105,157,
kamba,-ĩs,90,0.105,158,
kamba,vata,90,0.105,159,
kamba,ngũng-,90,0.105,160,
kamba,mee,90,0.105,161,
kamba,ila,90,0.105,162,
kamba,-syo,90,0.105,163,
kamba,ndasyĩma-,90,0.105,164,
kamba,ĩngĩ,90,0.105,165,
kamba,maa,90,0.105,166,
kamba,ang-,90,0.105,167,
kamba,katu,60,0.07,168,
kamba,-kya,60,0.07,169,
kamba,matukũ,60,0.07,170,
kamba,ma,60,0.07,171,
kamba,nĩyone-,60,0.07,172,
kamba,mbũ-,60,0.07,173,
kamba,ũthũk-,60,0.07,174,
kamba,ũka-,60,0.07,175,
kamba,yĩ-,60,0.07,176,
kamba,ĩv-,60,0.07,177,
kamba,metho,60,0.07,178,
kamba,kua,60,0.07,179,
kamba,mũumbĩ,60,0.07,180,
kamba,ũm-,60,0.07,181,
kamba,-ũũ,60,0.07,182,
kamba,itũngaw-,60,0.07,183,
kamba,syĩĩm-,60,0.07,184,
kamba,-laa,60,0.07,185,
kamba,kũmwe,60,0.07,186,
kamba,kĩnen-,60,0.07,187,
kamba,-saa,60,0.07,188,
kamba,-ingi,60,0.07,189,
kamba,wĩsĩ,60,0.07,190,
kamba,kenda,60,0.07,191,
kamba,ndwa-,60,0.07,192,
kamba,-ĩĩ,60,0.07,193,
kamba,i,60,0.07,194,
kamba,el-,60,0.07,195,
kamba,-el,60,0.07,196,
kamba,-asa,60,0.07,197,
kamba,ngov-,60,0.07,198,
kamba,nyũmb-,60,0.07,199,
kamba,ndu-,60,0.07,200,
kamba,im-,60,0.07,201,
kamba,-im,60,0.07,202,
kamba,kũũ,60,0.07,203,
kamba,-ee,60,0.07,204,
kamba,ndath-,60,0.07,205,
kamba,kũlĩs-,60,0.07,206,
kamba,ũngĩ,60,0.07,207,
kamba,kuth-,60,0.07,208,
kamba,-kuth,60,0.07,209,
kamba,kĩ,60,0.07,210,
kamba,-oka,60,0.07,211,
kamba,kĩyĩs-,60,0.07,212,
kamba,mba-,60,0.07,213,
kamba,ilĩ,60,0.07,214,
kamba,mũmũ,60,0.07,215,
kamba,7,60,0.07,216,
kamba,ũth-,60,0.07,217,
kamba,nĩv-,60,0.07,218,
kamba,-vĩndĩ,60,0.07,219,
kamba,wend-,60,0.07,220,
kamba,nga-,60,0.07,221,
kamba,-lĩ,60,0.07,222,
kamba,-wo,60,0.07,223,
kamba,ndwĩ-,60,0.07,224,
kamba,mwak-,60,0.07,225,
kamba,ũndũ,60,0.07,226,
kamba,mũnin-,60,0.07,227,
kamba,ndũthũũna-,60,0.07,228,
kamba,le-,60,0.07,229,
kamba,-le,60,0.07,230,
kamba,a-,60,0.07,231,
kamba,muu,60,0.07,232,
kamba,mũuumo,60,0.07,233,
kamba,vandũ,60,0.07,234,
kamba,kate,60,0.07,235,
kamba,twĩ,60,0.07,236,
kamba,weũ,60,0.07,237,
kamba,kĩw,60,0.07,238,
kamba,iko,60,0.07,239,
kamba,ok-,60,0.07,240,
kamba,ngi,60,0.07,241,
kamba,-kwa,60,0.07,242,
kamba,-kũũ,60,0.07,243,
kamba,andũ,60,0.07,244,
kamba,-ũngũ,60,0.07,245,
kamba,kĩrũngũ,60,0.07,246,
kamba,-era,60,0.07,247,
kamba,mũũnd-,60,0.07,248,
kamba,yũ-,60,0.07,249,
kamba,mũku-,60,0.07,250,
kamba,nda-,60,0.07,251,
kamba,mĩwongo,60,0.07,252,
kamba,ke-,60,0.07,253,
kamba,ndwĩk-,60,0.07,254,
kamba,we-,60,0.07,255,
kamba,tyo,60,0.07,256,
kamba,ing-,60,0.07,257,
kamba,-ing,60,0.07,258,
kamba,mũta-,60,0.07,259,
kamba,kĩthekanĩ,60,0.07,260,
kamba,1,60,0.07,261,
kamba,kangĩ,60,0.07,262,
kamba,kuma-,60,0.07,263,
kamba,ĩndĩ,60,0.07,264,
kamba,makaan-,60,0.07,265,
kamba,uk-,60,0.07,266,
kamba,-uk,60,0.07,267,
kamba,ol-,60,0.07,268,
kamba,-ol,60,0.07,269,
kamba,sembet-,60,0.07,270,
kamba,-sembet,60,0.07,271,
kamba,on-,60,0.07,272,
kamba,-on,60,0.07,273,
kamba,-samũ,60,0.07,274,
kamba,me,60,0.07,275,
kamba,ĩk-,60,0.07,276,
kamba,-oto,60,0.07,277,
kamba,mũlak-,60,0.07,278,
kamba,-ala,60,0.07,279,
kamba,nditũa-,60,0.07,280,
kamba,kany-,60,0.07,281,
kamba,mũsyĩ,60,0.07,282,
kamba,ngunĩ,60,0.07,283,
kamba,ndundul-,60,0.07,284,
kamba,-sĩĩlĩlĩ,60,0.07,285,
kamba,kĩndalĩ,60,0.07,286,
kamba,ngwet-,60,0.07,287,
kamba,-ang,60,0.07,288,
kamba,ngo-,60,0.07,289,
kamba,-so,60,0.07,290,
kamba,kimb-,60,0.07,291,
kamba,as-,60,0.07,292,
kamba,-as,60,0.07,293,
kamba,ketũũ-,30,0.035,294,
kamba,-ketũũ,30,0.035,295,
kamba,thano,30,0.035,296,
kamba,kambĩĩa-,30,0.035,297,
kamba,ũkoloty-,30,0.035,298,
kamba,-anĩ,30,0.035,299,
kamba,oonth-,30,0.035,300,
kamba,sikũkũ,30,0.035,301,
kamba,kĩng,30,0.035,302,
kamba,ei,30,0.035,303,
kamba,mwonz-,30,0.035,304,
kamba,ndyĩsũva-,30,0.035,305,
kamba,kweteel-,30,0.035,306,
kamba,ũkaem-,30,0.035,307,
kamba,ndũmyon-,30,0.035,308,
kamba,ndũkemen-,30,0.035,309,
kamba,ũse-,30,0.035,310,
kamba,yumaatatũ,30,0.035,311,
kamba,ndĩtũa-,30,0.035,312,
kamba,yuma-,30,0.035,313,
kamba,ĩsa-,30,0.035,314,
kamba,-ĩsa,30,0.035,315,
kamba,ik-,30,0.035,316,
kamba,-ik,30,0.035,317,
kamba,kyetho,30,0.035,318,
kamba,yũlũ,30,0.035,319,
kamba,kĩtũa-,30,0.035,320,
kamba,ndĩkĩlaw,30,0.035,321,
kamba,ndĩ,30,0.035,322,
kamba,ndyasya-,30,0.035,323,
kamba,ĩmanth-,30,0.035,324,
kamba,ũnyenyeũ,30,0.035,325,
kamba,ndĩvandĩaw-,30,0.035,326,
kamba,nundu,30,0.035,327,
kamba,ndĩkyesa-,30,0.035,328,
kamba,ĩkĩle-,30,0.035,329,
kamba,ĩeta-,30,0.035,330,
kamba,yũle-,30,0.035,331,
kamba,ĩkwatasy-,30,0.035,332,
kamba,ũkũng-,30,0.035,333,
kamba,8,30,0.035,334,
kamba,aweta-,30,0.035,335,
kamba,yaamuĩ-,30,0.035,336,
kamba,ndũkasuk-,30,0.035,337,
kamba,ũmanya-,30,0.035,338,
kamba,nĩkwon-,30,0.035,339,
kamba,ũtis-,30,0.035,340,
kamba,mbe-,30,0.035,341,
kamba,kolyanz-,30,0.035,342,
kamba,-uu,30,0.035,343,
kamba,ĩtak-,30,0.035,344,
kamba,ndũka-,30,0.035,345,
kamba,ũtavik-,30,0.035,346,
kamba,-unĩ,30,0.035,347,
kamba,ndũkaũmang-,30,0.035,348,
kamba,ĩtanathũ-,30,0.035,349,
kamba,syaem-,30,0.035,350,
kamba,syaisy-,30,0.035,351,
kamba,yĩĩ,30,0.035,352,
kamba,yoomy-,30,0.035,353,
kamba,ũkatho,30,0.035,354,
kamba,ngoow,30,0.035,355,
kamba,syatham-,30,0.035,356,
kamba,syatwaaw-,30,0.035,357,
kamba,ũsev-,30,0.035,358,
kamba,ndutan-,30,0.035,359,
kamba,ĩyetela-,30,0.035,360,
kamba,mũsil-,30,0.035,361,
kamba,wamanthĩ-,30,0.035,362,
kamba,suanĩ,30,0.035,363,
kamba,ĩĩa,30,0.035,364,
kamba,munyĩnĩ,30,0.035,365,
kamba,ndwatha-,30,0.035,366,
kamba,itakomana-,30,0.035,367,
kamba,sind-,30,0.035,368,
kamba,-sind,30,0.035,369,
kamba,ĩnyũũ,30,0.035,370,
kamba,nzev-,30,0.035,371,
kamba,kĩkĩlĩty-,30,0.035,372,
kamba,makanz-,30,0.035,373,
kamba,lĩm-,30,0.035,374,
kamba,-lĩm,30,0.035,375,
kamba,katalĩsĩk-,30,0.035,376,
kamba,mbevo,30,0.035,377,
kamba,kĩkal-,30,0.035,378,
kamba,kyeteelasy-,30,0.035,379,
kamba,mbuta,30,0.035,380,
kamba,kiĩ,30,0.035,381,
kamba,ũatĩa-,30,0.035,382,
kamba,and-,30,0.035,383,
kamba,-and,30,0.035,384,
kamba,ũtũlĩla-,30,0.035,385,
kamba,vavũthũ,30,0.035,386,
kamba,-ũa,30,0.035,387,
kamba,kĩthamanĩ,30,0.035,388,
kamba,ũtwaaw-,30,0.035,389,
kamba,ndathana-,30,0.035,390,
kamba,sĩl-,30,0.035,391,
kamba,-sĩl,30,0.035,392,
kamba,kak-,30,0.035,393,
kamba,koneka-,30,0.035,394,
kamba,-ĩte,30,0.035,395,
kamba,myũnthĩ,30,0.035,396,
kamba,ĩthwĩw-,30,0.035,397,
kamba,nũkũmĩ-,30,0.035,398,
kamba,ndunia,30,0.035,399,
kamba,nĩkeũka-,30,0.035,400,
kamba,mũng,30,0.035,401,
kamba,ong,30,0.035,402,
kamba,oo,30,0.035,403,
kamba,kĩvind-,30,0.035,404,
kamba,sanasy-,30,0.035,405,
kamba,-sanasy,30,0.035,406,
kamba,-ũndũ,30,0.035,407,
kamba,kũtingw-,30,0.035,408,
kamba,ũtakesa-,30,0.035,409,
kamba,kũth-,30,0.035,410,
kamba,ndathela-,30,0.035,411,
kamba,malang-,30,0.035,412,
kamba,ndũtuma-,30,0.035,413,
kamba,ũthama-,30,0.035,414,
kamba,ndũkalaataw-,30,0.035,415,
kamba,kwĩng,30,0.035,416,
kamba,uth-,30,0.035,417,
kamba,ngung-,30,0.035,418,
kamba,-eni,30,0.035,419,
kamba,akom-,30,0.035,420,
kamba,kũtakomaw-,30,0.035,421,
kamba,vatakomw-,30,0.035,422,
kamba,vakomeaw-,30,0.035,423,
kamba,luĩlasy-,30,0.035,424,
kamba,-luĩlasy,30,0.035,425,
kamba,iyĩĩaw-,30,0.035,426,
kamba,-iyĩĩaw,30,0.035,427,
kamba,kĩnaem-,30,0.035,428,
kamba,kĩitonyek-,30,0.035,429,
kamba,kĩkakwĩthĩ-,30,0.035,430,
kamba,ũthuasy-,30,0.035,431,
kamba,ũtonyetw-,30,0.035,432,
kamba,ũkamboni-,30,0.035,433,
kamba,kĩseme-,30,0.035,434,
kamba,nyek-,30,0.035,435,
kamba,mwand-,30,0.035,436,
kamba,vĩt-,30,0.035,437,
kamba,-vĩt,30,0.035,438,
kamba,ndi-,30,0.035,439,
kamba,ĩtang,30,0.035,440,
kamba,alw,30,0.035,441,
kamba,anakavĩt-,30,0.035,442,
kamba,mũutĩ,30,0.035,443,
kamba,avaĩĩ,30,0.035,444,
kamba,kĩtath-,30,0.035,445,
kamba,vayũa-,30,0.035,446,
kamba,ngwat-,30,0.035,447,
kamba,ĩla-,30,0.035,448,
kamba,kamanyĩ-,30,0.035,449,
kamba,mĩtĩ,30,0.035,450,
kamba,mĩnen-,30,0.035,451,
kamba,tũ-,30,0.035,452,
kamba,tũnin-,30,0.035,453,
kamba,imanya-,30,0.035,454,
kamba,-imanya,30,0.035,455,
kamba,nzĩ,30,0.035,456,
kamba,mĩw,30,0.035,457,
kamba,ky,30,0.035,458,
kamba,-umaa,30,0.035,459,
kamba,ũtw-,30,0.035,460,
kamba,-ko,30,0.035,461,
kamba,ĩtũlik-,30,0.035,462,
kamba,yoveyaw-,30,0.035,463,
kamba,kaneyũmb-,30,0.035,464,
kamba,kai-,30,0.035,465,
kamba,wĩvitho,30,0.035,466,
kamba,ũmĩw-,30,0.035,467,
kamba,ndũkavũthĩĩsy-,30,0.035,468,
kamba,kĩko-,30,0.035,469,
kamba,ndũkaakĩĩ-,30,0.035,470,
kamba,kũthung-,30,0.035,471,
kamba,syamat-,30,0.035,472,
kamba,akesĩl-,30,0.035,473,
kamba,yalatanĩ,30,0.035,474,
kamba,syiile-,30,0.035,475,
kamba,ũmũkwat-,30,0.035,476,
kamba,-ũkuutw,30,0.035,477,
kamba,4,30,0.035,478,
kamba,ung-,30,0.035,479,
kamba,-ung,30,0.035,480,
kamba,ũtwĩk-,30,0.035,481,
kamba,ĩei,30,0.035,482,
kamba,mwi-,30,0.035,483,
kamba,ser-,30,0.035,484,
kamba,serasy-,30,0.035,485,
kamba,wĩĩthy-,30,0.035,486,
kamba,ula,30,0.035,487,
kamba,twesĩl-,30,0.035,488,
kamba,umb-,30,0.035,489,
kamba,-umb,30,0.035,490,
kamba,ũvῖvy-,30,0.035,491,
kamba,vau,30,0.035,492,
kamba,ũkũĩthy-,30,0.035,493,
kamba,naĩthasy-,30,0.035,494,
kamba,vuvĩ,30,0.035,495,
kamba,mwanak-,30,0.035,496,
kamba,ũkonzaw-,30,0.035,497,
kamba,wĩmwiyũ,30,0.035,498,
kamba,woma,30,0.035,499,
kamba,ndũkonzeka-,30,0.035,500,
kamba,kyũmat-,30,0.035,501,
kamba,kĩiminaw-,30,0.035,502,
kamba,mbĩtũk-,30,0.035,503,
kamba,ndũkuaw-,30,0.035,504,
kamba,mwoomboko,30,0.035,505,
kamba,ndũlĩsĩlaw-,30,0.035,506,
kamba,mbongenĩ,30,0.035,507,
kamba,ngasũ-,30,0.035,508,
kamba,nĩwona-,30,0.035,509,
kamba,ũyambĩĩ-,30,0.035,510,
kamba,-eka,30,0.035,511,
kamba,nonginy-,30,0.035,512,
kamba,ũsya-,30,0.035,513,
kamba,wĩkasw,30,0.035,514,
kamba,mbong-,30,0.035,515,
kamba,muny-,30,0.035,516,
kamba,ũvalũkĩla-,30,0.035,517,
kamba,wĩvakuvĩ,30,0.035,518,
kamba,wovosy-,30,0.035,519,
kamba,ndwendeka-,30,0.035,520,
kamba,mwiingĩ,30,0.035,521,
kamba,mũito,30,0.035,522,
kamba,waa,30,0.035,523,
kamba,ũmanthw-,30,0.035,524,
kamba,ũme-,30,0.035,525,
kamba,kĩĩman-,30,0.035,526,
kamba,al-,30,0.035,527,
kamba,mbenz-,30,0.035,528,
kamba,atema-,30,0.035,529,
kamba,ngĩĩtĩ,30,0.035,530,
kamba,wĩani-,30,0.035,531,
kamba,ndũyota-,30,0.035,532,
kamba,-unyĩ,30,0.035,533,
kamba,ũtemaw-,30,0.035,534,
kamba,kĩthũmũsyo,30,0.035,535,
kamba,kinya-,30,0.035,536,
kamba,kĩthanz-,30,0.035,537,
kamba,kĩvo-,30,0.035,538,
kamba,kĩse-,30,0.035,539,
kamba,kĩitony-,30,0.035,540,
kamba,mũkungo,30,0.035,541,
kamba,-uta,30,0.035,542,
kamba,-ũm,30,0.035,543,
kamba,mainda-,30,0.035,544,
kamba,un-,30,0.035,545,
kamba,-un,30,0.035,546,
kamba,syeew,30,0.035,547,
kamba,-iya,30,0.035,548,
kamba,ĩtulasy-,30,0.035,549,
kamba,kĩmu-,30,0.035,550,
kamba,ti-,30,0.035,551,
kamba,yosanasy-,30,0.035,552,
kamba,mũkũyũ,30,0.035,553,
kamba,wavalũk-,30,0.035,554,
kamba,ũti-,30,0.035,555,
kamba,mũthonok-,30,0.035,556,
kamba,vaĩ,30,0.035,557,
kamba,-amba,30,0.035,558,
kamba,amb-,30,0.035,559,
kamba,-amb,30,0.035,560,
kamba,amba,30,0.035,561,
kamba,ũkimaw-,30,0.035,562,
kamba,it-,30,0.035,563,
kamba,-it,30,0.035,564,
kamba,elĩ,30,0.035,565,
kamba,kothumũl-,30,0.035,566,
kamba,ngalalũ,30,0.035,567,
kamba,nthũmũl-,30,0.035,568,
kamba,yĩndu-,30,0.035,569,
kamba,weũnĩ,30,0.035,570,
kamba,ndũtũaw-,30,0.035,571,
kamba,ũka,30,0.035,572,
kamba,ũkũ,30,0.035,573,
kamba,ũtatũmĩk-,30,0.035,574,
kamba,ĩaw-,30,0.035,575,
kamba,-ĩaw,30,0.035,576,
kamba,mbavath-,30,0.035,577,
kamba,yĩkalasy-,30,0.035,578,
kamba,-yĩkalasy,30,0.035,579,
kamba,mũtumĩ-,30,0.035,580,
kamba,thom-,30,0.035,581,
kamba,kĩvetanĩ,30,0.035,582,
kamba,ndũtheka-,30,0.035,583,
kamba,ndũkaunĩĩ-,30,0.035,584,
kamba,kĩthĩnthĩmw-,30,0.035,585,
kamba,ĩlũkũ,30,0.035,586,
kamba,yĩile-,30,0.035,587,
kamba,ũto-,30,0.035,588,
kamba,matatw-,30,0.035,589,
kamba,oko,30,0.035,590,
kamba,ĩng,30,0.035,591,
kamba,ene,30,0.035,592,
kamba,ũtang,30,0.035,593,
kamba,kũkw-,30,0.035,594,
kamba,nĩw,30,0.035,595,
kamba,ũlũmasy-,30,0.035,596,
kamba,sisy-,30,0.035,597,
kamba,ũkuĩl-,30,0.035,598,
kamba,ĩkundonĩ,30,0.035,599,
kamba,nĩmau-,30,0.035,600,
kamba,was-,30,0.035,601,
kamba,omb-,30,0.035,602,
kamba,kyũsya-,30,0.035,603,
kamba,mũthe-,30,0.035,604,
kamba,ũtũinĩ,30,0.035,605,
kamba,mĩingo,30,0.035,606,
kamba,ĩlĩ,30,0.035,607,
kamba,ĩnyunga-,30,0.035,608,
kamba,mũtitũ,30,0.035,609,
kamba,ey-,30,0.035,610,
kamba,-ey,30,0.035,611,
kamba,nĩyũmĩsya-,30,0.035,612,
kamba,myũngũ,30,0.035,613,
kamba,yũme-,30,0.035,614,
kamba,ĩkĩkũ-,30,0.035,615,
kamba,kĩthangaitĩ,30,0.035,616,
kamba,yavũnĩ-,30,0.035,617,
kamba,ĩti-,30,0.035,618,
kamba,yũngũ,30,0.035,619,
kamba,yĩmw-,30,0.035,620,
kamba,yĩyonaw-,30,0.035,621,
kamba,-ola,30,0.035,622,
kamba,nima,30,0.035,623,
kamba,nĩyak-,30,0.035,624,
kamba,onethĩw-,30,0.035,625,
kamba,anasy-,30,0.035,626,
kamba,-anasy,30,0.035,627,
kamba,o-,30,0.035,628,
kamba,nũyumasy-,30,0.035,629,
kamba,nzounĩ,30,0.035,630,
kamba,mũkuĩl-,30,0.035,631,
kamba,ndĩkyamana-,30,0.035,632,
kamba,ndyũlaw-,30,0.035,633,
kamba,kwo-,30,0.035,634,
kamba,yakyaman-,30,0.035,635,
kamba,nĩvenaw-,30,0.035,636,
kamba,ndũsind-,30,0.035,637,
kamba,ndũkek-,30,0.035,638,
kamba,thi-,30,0.035,639,
kamba,mwo-,30,0.035,640,
kamba,ana,30,0.035,641,
kamba,yatũkasw-,30,0.035,642,
kamba,ndĩmanya-,30,0.035,643,
kamba,syĩndũ,30,0.035,644,
kamba,ndĩemaw-,30,0.035,645,
kamba,yo-,30,0.035,646,
kamba,asy-,30,0.035,647,
kamba,-asy,30,0.035,648,
kamba,ĩvalũkĩt-,30,0.035,649,
kamba,nditalaw-,30,0.035,650,
kamba,ngũmbaũ,30,0.035,651,
kamba,ĩtakalw-,30,0.035,652,
kamba,kĩthii-,30,0.035,653,
kamba,avalũkũ,30,0.035,654,
kamba,iw-,30,0.035,655,
kamba,-iw,30,0.035,656,
kamba,ũũ,30,0.035,657,
kamba,mũlik-,30,0.035,658,
kamba,ndũkaaing-,30,0.035,659,
kamba,eme-,30,0.035,660,
kamba,-eme,30,0.035,661,
kamba,eng-,30,0.035,662,
kamba,-eng,30,0.035,663,
kamba,ũliliinĩ,30,0.035,664,
kamba,ĩsyĩmaw-,30,0.035,665,
kamba,mũĩ,30,0.035,666,
kamba,yesĩl-,30,0.035,667,
kamba,kĩtonyinĩ,30,0.035,668,
kamba,ndĩlea-,30,0.035,669,
kamba,-ia,30,0.035,670,
kamba,wia,30,0.035,671,
kamba,aumi-,30,0.035,672,
kamba,ĩkĩmboo,30,0.035,673,
kamba,avot-,30,0.035,674,
kamba,ĩkĩngo,30,0.035,675,
kamba,aan-,30,0.035,676,
kamba,-aan,30,0.035,677,
kamba,no-,30,0.035,678,
kamba,kyanzavĩ,30,0.035,679,
kamba,ndĩkwataw-,30,0.035,680,
kamba,imb-,30,0.035,681,
kamba,-imb,30,0.035,682,
kamba,yenda-,30,0.035,683,
kamba,yoka,30,0.035,684,
kamba,nĩlĩsĩlaw-,30,0.035,685,
kamba,ũkany,30,0.035,686,
kamba,ũkakanw,30,0.035,687,
kamba,watin-,30,0.035,688,
kamba,cha,30,0.035,689,
kamba,kĩyĩema-,30,0.035,690,
kamba,ema-,30,0.035,691,
kamba,-ema,30,0.035,692,
kamba,ntheeũ,30,0.035,693,
kamba,mũs-,30,0.035,694,
kamba,ndakĩa-,30,0.035,695,
kamba,ndatulasy-,30,0.035,696,
kamba,ngũk-,30,0.035,697,
kamba,kĩnd-,30,0.035,698,
kamba,ndatia-,30,0.035,699,
kamba,tũv-,30,0.035,700,
kamba,mũthũs-,30,0.035,701,
kamba,mũlanz-,30,0.035,702,
kamba,il-,30,0.035,703,
kamba,-il,30,0.035,704,
kamba,mateng,30,0.035,705,
kamba,nzia,30,0.035,706,
kamba,yatta,30,0.035,707,
kamba,kũu,30,0.035,708,
kamba,-ayo,30,0.035,709,
kamba,ngunyũ,30,0.035,710,
kamba,-ĩaa,30,0.035,711,
kamba,nthingi-,30,0.035,712,
kamba,syaviny-,30,0.035,713,
kamba,naeke-,30,0.035,714,
kamba,wĩa,30,0.035,715,
kamba,kwĩnz-,30,0.035,716,
kamba,naw,30,0.035,717,
kamba,om-,30,0.035,718,
kamba,-om,30,0.035,719,
kamba,nzĩnĩ,30,0.035,720,
kamba,ama-,30,0.035,721,
kamba,mũtho-,30,0.035,722,
kamba,ũaithasy-,30,0.035,723,
kamba,mũatĩĩ-,30,0.035,724,
kamba,ũndũmw-,30,0.035,725,
kamba,ngwa-,30,0.035,726,
kamba,ĩtamby-,30,0.035,727,
kamba,yĩkanga-,30,0.035,728,
kamba,yo,30,0.035,729,
kamba,mbĩky-,30,0.035,730,
kamba,mbovel-,30,0.035,731,
kamba,mbov-,30,0.035,732,
kamba,nthwa-,30,0.035,733,
kamba,mwovel-,30,0.035,734,
kamba,ndathĩka-,30,0.035,735,
kamba,emw-,30,0.035,736,
kamba,-emw,30,0.035,737,
kamba,mwat-,30,0.035,738,
kamba,ilĩkĩla-,30,0.035,739,
kamba,imilĩla-,30,0.035,740,
kamba,nen-,30,0.035,741,
kamba,yevũthisy-,30,0.035,742,
kamba,mbiivi-,30,0.035,743,
kamba,ĩva-,30,0.035,744,
kamba,ĩyũaĩa-,30,0.035,745,
kamba,kũmbĩa-,30,0.035,746,
kamba,yamesy-,30,0.035,747,
kamba,yĩsaw-,30,0.035,748,
kamba,aka,30,0.035,749,
kamba,makalanzang-,30,0.035,750,
kamba,matanĩa-,30,0.035,751,
kamba,makathang-,30,0.035,752,
kamba,ndĩyĩw,30,0.035,753,
kamba,ĩkungĩaw-,30,0.035,754,
kamba,kĩvĩs,30,0.035,755,
kamba,kũnwa,30,0.035,756,
kamba,ndũmyatha-,30,0.035,757,
kamba,welel-,30,0.035,758,
kamba,ndĩthea-,30,0.035,759,
kamba,ũta,30,0.035,760,
kamba,ndĩtiawa-,30,0.035,761,
kamba,nzam-,30,0.035,762,
kamba,ndĩkũnaw-,30,0.035,763,
kamba,ĩkusa-,30,0.035,764,
kamba,yĩendet-,30,0.035,765,
kamba,nũm-,30,0.035,766,
kamba,ndĩkĩla-,30,0.035,767,
kamba,mbath-,30,0.035,768,
kamba,ndĩkala-,30,0.035,769,
kamba,ũyinĩ,30,0.035,770,
kamba,ngũlũ,30,0.035,771,
kamba,ĩmĩa-,30,0.035,772,
kamba,ĩũngem-,30,0.035,773,
kamba,ũkamyon-,30,0.035,774,
kamba,ĩkwitheeth-,30,0.035,775,
kamba,ĩĩ,30,0.035,776,
kamba,ndyaũmbw-,30,0.035,777,
kamba,wakoman-,30,0.035,778,
kamba,mavũngũ,30,0.035,779,
kamba,manya,30,0.035,780,
kamba,ith-,30,0.035,781,
kamba,ũman-,30,0.035,782,
kamba,ki-,30,0.035,783,
kamba,-ita,30,0.035,784,
kamba,ĩswi-,30,0.035,785,
kamba,wo-,30,0.035,786,
kamba,kĩĩt-,30,0.035,787,
kamba,-kĩĩt,30,0.035,788,
kamba,kwĩko,30,0.035,789,
kamba,mũthaim-,30,0.035,790,
kamba,naĩ,30,0.035,791,
kamba,athekaw,30,0.035,792,
kamba,-ao,30,0.035,793,
kamba,syĩnzanĩa-,30,0.035,794,
kamba,leng-,30,0.035,795,
kamba,-leng,30,0.035,796,
kamba,ũkũlengal-,30,0.035,797,
kamba,ĩthĩĩ,30,0.035,798,
kamba,yĩkwĩtũũ-,30,0.035,799,
kamba,yoneka-,30,0.035,800,
kamba,ch-,30,0.035,801,
kamba,-ch,30,0.035,802,
kamba,ĩyĩĩsaw-,30,0.035,803,
kamba,yĩoea-,30,0.035,804,
kamba,mokonĩ,30,0.035,805,
kamba,yaũleky-,30,0.035,806,
kamba,nzevenĩ,30,0.035,807,
kamba,yilũ,30,0.035,808,
kamba,ĩvũthasy-,30,0.035,809,
kamba,mũũlũkĩl-,30,0.035,810,
kamba,kĩtaũmw-,30,0.035,811,
kamba,kĩnengaw-,30,0.035,812,
kamba,syũnger-,30,0.035,813,
kamba,-syũnger,30,0.035,814,
kamba,ndoga-,30,0.035,815,
kamba,-ere,30,0.035,816,
kamba,-sĩlĩlĩ,30,0.035,817,
kamba,kosyaĩ-,30,0.035,818,
kamba,mauuwĩ,30,0.035,819,
kamba,kĩndilĩ,30,0.035,820,
kamba,kĩkalasy-,30,0.035,821,
kamba,kyakwatw,30,0.035,822,
kamba,tũmĩmanya-,30,0.035,823,
kamba,tũsĩl-,30,0.035,824,
kamba,vamwe,30,0.035,825,
kamba,nye,30,0.035,826,
kamba,amal-,30,0.035,827,
kamba,ngũnyw,30,0.035,828,
kamba,la-,30,0.035,829,
kamba,wĩna,30,0.035,830,
kamba,ũsĩ-,30,0.035,831,
kamba,nde-,30,0.035,832,
kamba,ndwosaw-,30,0.035,833,
kamba,ĩtheo,30,0.035,834,
kamba,ũsĩnĩ,30,0.035,835,
kamba,meka-,30,0.035,836,
kamba,ngũlimũ,30,0.035,837,
kamba,ĩvũ-,30,0.035,838,
kamba,ndyonaw,30,0.035,839,
kamba,-eo,30,0.035,840,
kamba,nthũk-,30,0.035,841,
kamba,ĩkaw,30,0.035,842,
kamba,kĩlĩo,30,0.035,843,
kamba,ngalĩko,30,0.035,844,
kamba,yatilw-,30,0.035,845,
kamba,ngingo,30,0.035,846,
kamba,ĩtwĩka-,30,0.035,847,
kamba,eetĩw-,30,0.035,848,
kamba,kũsĩĩlĩl-,30,0.035,849,
kamba,akĩsĩĩlĩlĩkĩl-,30,0.035,850,
kamba,kĩsĩĩlĩlonĩ,30,0.035,851,
kamba,kambe-,30,0.035,852,
kamba,kathũku,30,0.035,853,
kamba,kĩmb-,30,0.035,854,
kamba,kĩivĩtĩlw-,30,0.035,855,
kamba,ĩtolok-,30,0.035,856,
kamba,-ana,30,0.035,857,
kamba,mwikith-,30,0.035,858,
kamba,nũth-,30,0.035,859,
kamba,mwiiy-,30,0.035,860,
kamba,alĩka-,30,0.035,861,
kamba,ũkĩt-,30,0.035,862,
kamba,-ũkĩt,30,0.035,863,
kamba,-aũ,30,0.035,864,
kamba,ĩalyũlĩt-,30,0.035,865,
kamba,mak-,30,0.035,866,
kamba,nda,30,0.035,867,
kamba,mayusasy-,30,0.035,868,
kamba,mũsũkũ-,30,0.035,869,
kamba,kĩthũ-,30,0.035,870,
kamba,ũlembw-,30,0.035,871,
kamba,kyelelo,30,0.035,872,
kamba,ĩkeng-,30,0.035,873,
kamba,kũkwaty-,30,0.035,874,
kamba,lekely-,30,0.035,875,
kamba,-lekely,30,0.035,876,
kamba,voneka-,30,0.035,877,
kamba,katumbĩlĩl-,30,0.035,878,
kamba,tikonek-,30,0.035,879,
kamba,yonanasy-,30,0.035,880,
kamba,-yonanasy,30,0.035,881,
kamba,kokĩl-,30,0.035,882,
kamba,wanganga-,30,0.035,883,
kamba,ĩkengen-,30,0.035,884,
kamba,ndwaatong,30,0.035,885,
kamba,ũmwalyo,30,0.035,886,
kamba,ĩvyũvy-,30,0.035,887,
kamba,ngũ-,30,0.035,888,
kamba,mwith-,30,0.035,889,
kamba,wĩ-,30,0.035,890,
kamba,-wĩ,30,0.035,891,
kamba,nĩvĩĩy-,30,0.035,892,
kamba,kĩthiit-,30,0.035,893,
kamba,yatũl-,30,0.035,894,
kamba,ndĩvitha-,30,0.035,895,
kamba,-ei,30,0.035,896,
kamba,wavĩty-,30,0.035,897,
kamba,ũtony-,30,0.035,898,
kamba,kwanang-,30,0.035,899,
kamba,ndũkonũv-,30,0.035,900,
kamba,kĩvũĩyo,30,0.035,901,
kamba,kyengonĩ,30,0.035,902,
kamba,ndivivasw-,30,0.035,903,
kamba,-ũlũ,30,0.035,904,
kamba,ndi,30,0.035,905,
kamba,kĩvalal-,30,0.035,906,
kamba,mamb-,30,0.035,907,
kamba,mai,30,0.035,908,
kamba,ũvakũs-,30,0.035,909,
kamba,wĩvũ-,30,0.035,910,
kamba,itakũũlũk-,30,0.035,911,
kamba,kaũ,30,0.035,912,
kamba,ĩtol-,30,0.035,913,
kamba,ũtan-,30,0.035,914,
kamba,ndĩ-,30,0.035,915,
kamba,-sa,30,0.035,916,
kamba,mũũngũ-,30,0.035,917,
kamba,yon-,30,0.035,918,
kamba,vaa,30,0.035,919,
kamba,ko-,30,0.035,920,
kamba,kĩla-,30,0.035,921,
kamba,-kĩla,30,0.035,922,
kamba,tene,30,0.035,923,
kamba,nik-,30,0.035,924,
kamba,kwata-,30,0.035,925,
kamba,-kwata,30,0.035,926,
kamba,kiinyũ,30,0.035,927,
kamba,kas-,30,0.035,928,
kamba,wavĩ-,30,0.035,929,
kamba,akĩlasy-,30,0.035,930,
kamba,omanya,30,0.035,931,
kamba,kyathĩ,30,0.035,932,
kamba,nĩkyavik-,30,0.035,933,
kamba,unyũsy-,30,0.035,934,
kamba,-unyũsy,30,0.035,935,
kamba,kolũka-,30,0.035,936,
kamba,ikitalasy-,30,0.035,937,
kamba,-ikitalasy,30,0.035,938,
kamba,ũsek-,30,0.035,939,
kamba,katanamb-,30,0.035,940,
kamba,kũũlũk-,30,0.035,941,
kamba,kamb-,30,0.035,942,
kamba,ũtumbĩlĩl-,30,0.035,943,
kamba,kamwe,30,0.035,944,
kamba,kwokonĩ,30,0.035,945,
kamba,twĩlĩ,30,0.035,946,
kamba,wavĩyaw-,30,0.035,947,
kamba,nyony-,30,0.035,948,
kamba,kĩtol-,30,0.035,949,
kamba,kyaasindan-,30,0.035,950,
kamba,ndandaalik-,30,0.035,951,
kamba,ĩkũy-,30,0.035,952,
kamba,maumĩ,30,0.035,953,
kamba,ĩvĩndĩ,30,0.035,954,
kamba,yaemi-,30,0.035,955,
kamba,ngitĩ,30,0.035,956,
kamba,ekana-,30,0.035,957,
kamba,na-,30,0.035,958,
kamba,ata,30,0.035,959,
kamba,kevwi-,30,0.035,960,
kamba,kenũkĩa-,30,0.035,961,
kamba,kanin-,30,0.035,962,
kamba,ĩĩ-,30,0.035,963,
kamba,syĩthesya-,30,0.035,964,
kamba,katũlil-,30,0.035,965,
kamba,kyonz-,30,0.035,966,
kamba,kĩminũkĩlasw-,30,0.035,967,
kamba,kĩvoya-,30,0.035,968,
kamba,ĩmwenĩ,30,0.035,969,
kamba,ndyenda-,30,0.035,970,
kamba,mũsolonĩ,30,0.035,971,
kamba,iingĩ,30,0.035,972,
kamba,kũtukĩw-,30,0.035,973,
kamba,tik-,30,0.035,974,
kamba,kũlĩk-,30,0.035,975,
kamba,kũndũ,30,0.035,976,
kamba,ay-,30,0.035,977,
kamba,-ay,30,0.035,978,
kamba,ndũkaawete-,30,0.035,979,
kamba,ndatala-,30,0.035,980,
kamba,maũmangw-,30,0.035,981,
kamba,mwĩao,30,0.035,982,
kamba,onz-,30,0.035,983,
kamba,-onz,30,0.035,984,
kamba,weethĩ-,30,0.035,985,
kamba,ndũkati-,30,0.035,986,
runyoro,-a,6603,19.018,1,
runyoro,-i,1891,5.446,2,
runyoro,-e,1612,4.643,3,
runyoro,-u,899,2.589,4,
runyoro,-o,465,1.339,5,
runyoro,a-,372,1.071,6,
runyoro,-ka,217,0.625,7,
runyoro,ny-,186,0.536,8,
runyoro,ka-,186,0.536,9,
runyoro,-we,186,0.536,10,
runyoro,e-,186,0.536,11,
runyoro,omu-,186,0.536,12,
runyoro,-yo,155,0.446,13,
runyoro,ir-,155,0.446,14,
runyoro,-ir,155,0.446,15,
runyoro,-wa,155,0.446,16,
runyoro,ak-,155,0.446,17,
runyoro,-ak,155,0.446,18,
runyoro,kagamb-,155,0.446,19,
runyoro,-kagamb,155,0.446,20,
runyoro,ente,155,0.446,21,
runyoro,-zi,155,0.446,22,
runyoro,omuntu,155,0.446,23,
runyoro,-ya,124,0.357,24,
runyoro,ku-,124,0.357,25,
runyoro,ya,124,0.357,26,
runyoro,mun-,124,0.357,27,
runyoro,kandi,124,0.357,28,
runyoro,oku-,124,0.357,29,
runyoro,na-,124,0.357,30,
runyoro,ngu,93,0.268,31,
runyoro,a,93,0.268,32,
runyoro,ekis-,93,0.268,33,
runyoro,ag-,93,0.268,34,
runyoro,mu-,93,0.268,35,
runyoro,-ha,93,0.268,36,
runyoro,ly-,93,0.268,37,
runyoro,-ly,93,0.268,38,
runyoro,ba-,93,0.268,39,
runyoro,ebi-,93,0.268,40,
runyoro,obw-,93,0.268,41,
runyoro,emb-,93,0.268,42,
runyoro,chw-,93,0.268,43,
runyoro,-chw,93,0.268,44,
runyoro,in-,93,0.268,45,
runyoro,-in,93,0.268,46,
runyoro,rung-,93,0.268,47,
runyoro,-rung,93,0.268,48,
runyoro,omug-,93,0.268,49,
runyoro,omugurus-,93,0.268,50,
runyoro,omw-,93,0.268,51,
runyoro,an-,93,0.268,52,
runyoro,-an,93,0.268,53,
runyoro,marum-,62,0.179,54,
runyoro,bagonz-,62,0.179,55,
runyoro,-oko,62,0.179,56,
runyoro,-kaba,62,0.179,57,
runyoro,aban-,62,0.179,58,
runyoro,yent-,62,0.179,59,
runyoro,emu,62,0.179,60,
runyoro,chumbir-,62,0.179,61,
runyoro,en-,62,0.179,62,
runyoro,ob-,62,0.179,63,
runyoro,ur-,62,0.179,64,
runyoro,-ur,62,0.179,65,
runyoro,mp-,62,0.179,66,
runyoro,kag-,62,0.179,67,
runyoro,nzwer-,62,0.179,68,
runyoro,amagez-,62,0.179,69,
runyoro,ang-,62,0.179,70,
runyoro,-ang,62,0.179,71,
runyoro,amag-,62,0.179,72,
runyoro,it-,62,0.179,73,
runyoro,-it,62,0.179,74,
runyoro,omusaij-,62,0.179,75,
runyoro,okuf-,62,0.179,76,
runyoro,har-,62,0.179,77,
runyoro,nu-,62,0.179,78,
runyoro,ar-,62,0.179,79,
runyoro,-ar,62,0.179,80,
runyoro,ebibi,62,0.179,81,
runyoro,ebir-,62,0.179,82,
runyoro,ch-,62,0.179,83,
runyoro,-ch,62,0.179,84,
runyoro,omugat-,62,0.179,85,
runyoro,eby-,62,0.179,86,
runyoro,ekint-,62,0.179,87,
runyoro,kibi,62,0.179,88,
runyoro,-li,62,0.179,89,
runyoro,kab-,62,0.179,90,
runyoro,-kab,62,0.179,91,
runyoro,ing-,62,0.179,92,
runyoro,-ing,62,0.179,93,
runyoro,egamba,62,0.179,94,
runyoro,emp-,62,0.179,95,
runyoro,ung-,62,0.179,96,
runyoro,-ung,62,0.179,97,
runyoro,efwer-,62,0.179,98,
runyoro,enj-,62,0.179,99,
runyoro,me-,62,0.179,100,
runyoro,-ita,62,0.179,101,
runyoro,enzok-,62,0.179,102,
runyoro,ensweher-,62,0.179,103,
runyoro,at-,62,0.179,104,
runyoro,-at,62,0.179,105,
runyoro,enz-,62,0.179,106,
runyoro,nukwo,62,0.179,107,
runyoro,sobor-,62,0.179,108,
runyoro,na,62,0.179,109,
runyoro,ond-,62,0.179,110,
runyoro,mudom-,62,0.179,111,
runyoro,omuk-,62,0.179,112,
runyoro,-ama,62,0.179,113,
runyoro,ta-,62,0.179,114,
runyoro,mukor-,62,0.179,115,
runyoro,chon-,62,0.179,116,
runyoro,mundeter-,62,0.179,117,
runyoro,omut-,62,0.179,118,
runyoro,ror-,62,0.179,119,
runyoro,-ror,62,0.179,120,
runyoro,asemerez-,62,0.179,121,
runyoro,tambw-,62,0.179,122,
runyoro,ababinger-,31,0.089,123,
runyoro,nyokorom-,31,0.089,124,
runyoro,ntibang-,31,0.089,125,
runyoro,ru-,31,0.089,126,
runyoro,aman-,31,0.089,127,
runyoro,iruk-,31,0.089,128,
runyoro,-iruk,31,0.089,129,
runyoro,aba,31,0.089,130,
runyoro,charo,31,0.089,131,
runyoro,bagonjang-,31,0.089,132,
runyoro,okufuruk-,31,0.089,133,
runyoro,tiga,31,0.089,134,
runyoro,abing-,31,0.089,135,
runyoro,ibiri,31,0.089,136,
runyoro,imusig-,31,0.089,137,
runyoro,enobiamar-,31,0.089,138,
runyoro,engul-,31,0.089,139,
runyoro,-ob,31,0.089,140,
runyoro,asaliz-,31,0.089,141,
runyoro,end-,31,0.089,142,
runyoro,-end,31,0.089,143,
runyoro,or-,31,0.089,144,
runyoro,-or,31,0.089,145,
runyoro,kom-,31,0.089,146,
runyoro,-kom,31,0.089,147,
runyoro,akab-,31,0.089,148,
runyoro,totabarayo,31,0.089,149,
runyoro,akand-,31,0.089,150,
runyoro,aka-,31,0.089,151,
runyoro,her-,31,0.089,152,
runyoro,-her,31,0.089,153,
runyoro,-iza,31,0.089,154,
runyoro,um-,31,0.089,155,
runyoro,-um,31,0.089,156,
runyoro,ye,31,0.089,157,
runyoro,nz-,31,0.089,158,
runyoro,-ura,31,0.089,159,
runyoro,akarail-,31,0.089,160,
runyoro,kwe,31,0.089,161,
runyoro,enyindo,31,0.089,162,
runyoro,keugukir-,31,0.089,163,
runyoro,mwa,31,0.089,164,
runyoro,akatimb-,31,0.089,165,
runyoro,timb-,31,0.089,166,
runyoro,rubung-,31,0.089,167,
runyoro,asereiz-,31,0.089,168,
runyoro,ukanuk-,31,0.089,169,
runyoro,akubing-,31,0.089,170,
runyoro,akuijuky-,31,0.089,171,
runyoro,empirim-,31,0.089,172,
runyoro,aku-,31,0.089,173,
runyoro,nomu-,31,0.089,174,
runyoro,niz-,31,0.089,175,
runyoro,engonz-,31,0.089,176,
runyoro,itafw-,31,0.089,177,
runyoro,akunobir-,31,0.089,178,
runyoro,akwet-,31,0.089,179,
runyoro,no-,31,0.089,180,
runyoro,akuter-,31,0.089,181,
runyoro,hangoto,31,0.089,182,
runyoro,nuterahaliso,31,0.089,183,
runyoro,mur-,31,0.089,184,
runyoro,bagwish-,31,0.089,185,
runyoro,machand-,31,0.089,186,
runyoro,ba,31,0.089,187,
runyoro,kar-,31,0.089,188,
runyoro,nibanen-,31,0.089,189,
runyoro,gairaguz-,31,0.089,190,
runyoro,engoy-,31,0.089,191,
runyoro,tari,31,0.089,192,
runyoro,koto,31,0.089,193,
runyoro,yo,31,0.089,194,
runyoro,ara-,31,0.089,195,
runyoro,okumagur-,31,0.089,196,
runyoro,reir-,31,0.089,197,
runyoro,-reir,31,0.089,198,
runyoro,kub-,31,0.089,199,
runyoro,bamumany-,31,0.089,200,
runyoro,mozinduk-,31,0.089,201,
runyoro,bakamukwat-,31,0.089,202,
runyoro,yaachw-,31,0.089,203,
runyoro,bul-,31,0.089,204,
runyoro,akasangw-,31,0.089,205,
runyoro,anyway,31,0.089,206,
runyoro,ine-,31,0.089,207,
runyoro,bakugonz-,31,0.089,208,
runyoro,oyan-,31,0.089,209,
runyoro,olefw-,31,0.089,210,
runyoro,ninuk-,31,0.089,211,
runyoro,batekerez-,31,0.089,212,
runyoro,abagurus-,31,0.089,213,
runyoro,nibatekw-,31,0.089,214,
runyoro,okubanj-,31,0.089,215,
runyoro,bei-,31,0.089,216,
runyoro,omumazim-,31,0.089,217,
runyoro,abasigaz-,31,0.089,218,
runyoro,nubo,31,0.089,219,
runyoro,nibabanj-,31,0.089,220,
runyoro,beitw-,31,0.089,221,
runyoro,kaz-,31,0.089,222,
runyoro,-kaz,31,0.089,223,
runyoro,gasangw-,31,0.089,224,
runyoro,-har,31,0.089,225,
runyoro,bujun-,31,0.089,226,
runyoro,omweges-,31,0.089,227,
runyoro,bwayek-,31,0.089,228,
runyoro,kam-,31,0.089,229,
runyoro,bu-,31,0.089,230,
runyoro,kur-,31,0.089,231,
runyoro,-kur,31,0.089,232,
runyoro,mukibir-,31,0.089,233,
runyoro,byeyolek-,31,0.089,234,
runyoro,mus-,31,0.089,235,
runyoro,-ana,31,0.089,236,
runyoro,by-,31,0.089,237,
runyoro,ab-,31,0.089,238,
runyoro,-ab,31,0.089,239,
runyoro,be,31,0.089,240,
runyoro,kaba,31,0.089,241,
runyoro,ebikoto,31,0.089,242,
runyoro,tibimany-,31,0.089,243,
runyoro,obulemez-,31,0.089,244,
runyoro,mut-,31,0.089,245,
runyoro,tibikusig-,31,0.089,246,
runyoro,omtw-,31,0.089,247,
runyoro,ebiroto,31,0.089,248,
runyoro,owenzar-,31,0.089,249,
runyoro,bitang-,31,0.089,250,
runyoro,ruh-,31,0.089,251,
runyoro,nibikir-,31,0.089,252,
runyoro,egaterein-,31,0.089,253,
runyoro,gageyamb-,31,0.089,254,
runyoro,-ku,31,0.089,255,
runyoro,echwan-,31,0.089,256,
runyoro,ni-,31,0.089,257,
runyoro,ita,31,0.089,258,
runyoro,ekyog-,31,0.089,259,
runyoro,kimariliz-,31,0.089,260,
runyoro,echwam-,31,0.089,261,
runyoro,kiswaz-,31,0.089,262,
runyoro,ekiroso,31,0.089,263,
runyoro,teronj-,31,0.089,264,
runyoro,ekizok-,31,0.089,265,
runyoro,omuzano,31,0.089,266,
runyoro,enuniyen-,31,0.089,267,
runyoro,nkisobor-,31,0.089,268,
runyoro,let-,31,0.089,269,
runyoro,-let,31,0.089,270,
runyoro,kwembuz-,31,0.089,271,
runyoro,ekinig-,31,0.089,272,
runyoro,mugeny-,31,0.089,273,
runyoro,kirung-,31,0.089,274,
runyoro,-kirung,31,0.089,275,
runyoro,ekit-,31,0.089,276,
runyoro,und-,31,0.089,277,
runyoro,-und,31,0.089,278,
runyoro,otar-,31,0.089,279,
runyoro,okumanya,31,0.089,280,
runyoro,ebigambo,31,0.089,281,
runyoro,ekir-,31,0.089,282,
runyoro,kyetund-,31,0.089,283,
runyoro,obutubwoger-,31,0.089,284,
runyoro,aband-,31,0.089,285,
runyoro,twebw-,31,0.089,286,
runyoro,gera,31,0.089,287,
runyoro,twenk-,31,0.089,288,
runyoro,titerw-,31,0.089,289,
runyoro,babiri,31,0.089,290,
runyoro,hans-,31,0.089,291,
runyoro,engeso,31,0.089,292,
runyoro,ziyeserek-,31,0.089,293,
runyoro,omunjwar-,31,0.089,294,
runyoro,nkab-,31,0.089,295,
runyoro,manyis-,31,0.089,296,
runyoro,nehumuliko,31,0.089,297,
runyoro,omuseij-,31,0.089,298,
runyoro,tekaniz-,31,0.089,299,
runyoro,ya-,31,0.089,300,
runyoro,enchek-,31,0.089,301,
runyoro,ekin-,31,0.089,302,
runyoro,-ag,31,0.089,303,
runyoro,ki-,31,0.089,304,
runyoro,-ki,31,0.089,305,
runyoro,kyonansindikir-,31,0.089,306,
runyoro,ndung-,31,0.089,307,
runyoro,entekaniz-,31,0.089,308,
runyoro,eyo,31,0.089,309,
runyoro,bont-,31,0.089,310,
runyoro,eli,31,0.089,311,
runyoro,matong-,31,0.089,312,
runyoro,iz-,31,0.089,313,
runyoro,-iz,31,0.089,314,
runyoro,agabatekaniz-,31,0.089,315,
runyoro,entekerez-,31,0.089,316,
runyoro,eya,31,0.089,317,
runyoro,bantu,31,0.089,318,
runyoro,be-,31,0.089,319,
runyoro,ekabokonyer-,31,0.089,320,
runyoro,omumat-,31,0.089,321,
runyoro,efwef-,31,0.089,322,
runyoro,omum-,31,0.089,323,
runyoro,zar-,31,0.089,324,
runyoro,-zar,31,0.089,325,
runyoro,muntum-,31,0.089,326,
runyoro,omub-,31,0.089,327,
runyoro,huram-,31,0.089,328,
runyoro,ho,31,0.089,329,
runyoro,mwibembez-,31,0.089,330,
runyoro,ayemelir-,31,0.089,331,
runyoro,omugeny-,31,0.089,332,
runyoro,tatung-,31,0.089,333,
runyoro,ubwikaz-,31,0.089,334,
runyoro,hobwo,31,0.089,335,
runyoro,kuba,31,0.089,336,
runyoro,omusihan-,31,0.089,337,
runyoro,ta,31,0.089,338,
runyoro,okugamb-,31,0.089,339,
runyoro,nangw-,31,0.089,340,
runyoro,inyum-,31,0.089,341,
runyoro,zokuzik-,31,0.089,342,
runyoro,omwebembez-,31,0.089,343,
runyoro,ogamb-,31,0.089,344,
runyoro,omubil-,31,0.089,345,
runyoro,turugagaruko,31,0.089,346,
runyoro,bulikizarw-,31,0.089,347,
runyoro,aika-,31,0.089,348,
runyoro,nkati-,31,0.089,349,
runyoro,tungir-,31,0.089,350,
runyoro,akumu,31,0.089,351,
runyoro,swer-,31,0.089,352,
runyoro,yaba,31,0.089,353,
runyoro,wogu,31,0.089,354,
runyoro,amusij-,31,0.089,355,
runyoro,nomutar-,31,0.089,356,
runyoro,reran,31,0.089,357,
runyoro,-iso,31,0.089,358,
runyoro,ibal-,31,0.089,359,
runyoro,ntilyekumby-,31,0.089,360,
runyoro,iyonk-,31,0.089,361,
runyoro,nomuzan-,31,0.089,362,
runyoro,nomur-,31,0.089,363,
runyoro,obwokub-,31,0.089,364,
runyoro,tumany-,31,0.089,365,
runyoro,nkok-,31,0.089,366,
runyoro,gwoch-,31,0.089,367,
runyoro,ntamany-,31,0.089,368,
runyoro,kwegis-,31,0.089,369,
runyoro,obahwer-,31,0.089,370,
runyoro,no,31,0.089,371,
runyoro,mugahw-,31,0.089,372,
runyoro,banyeger-,31,0.089,373,
runyoro,omulis-,31,0.089,374,
runyoro,obusotalibaz-,31,0.089,375,
runyoro,nabant-,31,0.089,376,
runyoro,aliferw-,31,0.089,377,
runyoro,obwenyar-,31,0.089,378,
runyoro,eyolek-,31,0.089,379,
runyoro,ensom-,31,0.089,380,
runyoro,endi,31,0.089,381,
runyoro,ragab-,31,0.089,382,
runyoro,nakusemererw-,31,0.089,383,
runyoro,ensenen-,31,0.089,384,
runyoro,egarw-,31,0.089,385,
runyoro,habil-,31,0.089,386,
runyoro,muntu,31,0.089,387,
runyoro,okugur-,31,0.089,388,
runyoro,gentey-,31,0.089,389,
runyoro,agifumw-,31,0.089,390,
runyoro,ameiso,31,0.089,391,
runyoro,okubamanyisiz-,31,0.089,392,
runyoro,eng-,31,0.089,393,
runyoro,nko,31,0.089,394,
runyoro,banabw-,31,0.089,395,
runyoro,bukutw-,31,0.089,396,
runyoro,embogo,31,0.089,397,
runyoro,yagamb-,31,0.089,398,
runyoro,embuz-,31,0.089,399,
runyoro,omojo,31,0.089,400,
runyoro,oy-,31,0.089,401,
runyoro,-oy,31,0.089,402,
runyoro,neis-,31,0.089,403,
runyoro,omubwiko,31,0.089,404,
runyoro,utagend-,31,0.089,405,
runyoro,omukuhamur-,31,0.089,406,
runyoro,wirar-,31,0.089,407,
runyoro,is-,31,0.089,408,
runyoro,-is,31,0.089,409,
runyoro,-yaga,31,0.089,410,
runyoro,noguking-,31,0.089,411,
runyoro,nigutah-,31,0.089,412,
runyoro,akugenz-,31,0.089,413,
runyoro,akutun-,31,0.089,414,
runyoro,owang-,31,0.089,415,
runyoro,tamany-,31,0.089,416,
runyoro,museij-,31,0.089,417,
runyoro,omulim-,31,0.089,418,
runyoro,tasoror-,31,0.089,419,
runyoro,enfuk-,31,0.089,420,
runyoro,atagumisiriz-,31,0.089,421,
runyoro,lind-,31,0.089,422,
runyoro,-lind,31,0.089,423,
runyoro,azizar-,31,0.089,424,
runyoro,aetemby-,31,0.089,425,
runyoro,ebirung-,31,0.089,426,
runyoro,rabireho,31,0.089,427,
runyoro,amany-,31,0.089,428,
runyoro,ukubuch-,31,0.089,429,
runyoro,rund-,31,0.089,430,
runyoro,nkobw-,31,0.089,431,
runyoro,hung-,31,0.089,432,
runyoro,otur-,31,0.089,433,
runyoro,owitekaniz-,31,0.089,434,
runyoro,akwzin-,31,0.089,435,
runyoro,tasereko,31,0.089,436,
runyoro,ekifub-,31,0.089,437,
runyoro,ekitasobok-,31,0.089,438,
runyoro,omulyango,31,0.089,439,
runyoro,ogwo,31,0.089,440,
runyoro,tahiram-,31,0.089,441,
runyoro,nugwo,31,0.089,442,
runyoro,oturukiram-,31,0.089,443,
runyoro,omumaiso,31,0.089,444,
runyoro,bachur-,31,0.089,445,
runyoro,im-,31,0.089,446,
runyoro,-im,31,0.089,447,
runyoro,bas-,31,0.089,448,
runyoro,ek-,31,0.089,449,
runyoro,-ek,31,0.089,450,
runyoro,omun-,31,0.089,451,
runyoro,-ako,31,0.089,452,
runyoro,ameiz-,31,0.089,453,
runyoro,muyond-,31,0.089,454,
runyoro,nany-,31,0.089,455,
runyoro,amat-,31,0.089,456,
runyoro,ata-,31,0.089,457,
runyoro,omwabo,31,0.089,458,
runyoro,bamwet-,31,0.089,459,
runyoro,-oro,31,0.089,460,
runyoro,omu,31,0.089,461,
runyoro,-ongo,31,0.089,462,
runyoro,gwent-,31,0.089,463,
runyoro,nond-,31,0.089,464,
runyoro,avor-,31,0.089,465,
runyoro,ogwimbuz-,31,0.089,466,
runyoro,owabeir-,31,0.089,467,
runyoro,uli,31,0.089,468,
runyoro,oya,31,0.089,469,
runyoro,bungir-,31,0.089,470,
runyoro,nowein-,31,0.089,471,
runyoro,obumany-,31,0.089,472,
runyoro,uwempok-,31,0.089,473,
runyoro,eyitiran-,31,0.089,474,
runyoro,owempak-,31,0.089,475,
runyoro,omusai-,31,0.089,476,
runyoro,nagwa,31,0.089,477,
runyoro,inuk-,31,0.089,478,
runyoro,-inuk,31,0.089,479,
runyoro,sik-,31,0.089,480,
runyoro,-sik,31,0.089,481,
runyoro,nahonder-,31,0.089,482,
runyoro,isitamiro,31,0.089,483,
runyoro,gwebember-,31,0.089,484,
runyoro,okutah-,31,0.089,485,
runyoro,omunz-,31,0.089,486,
runyoro,aziner-,31,0.089,487,
runyoro,aruig-,31,0.089,488,
runyoro,anyakuelet-,31,0.089,489,
runyoro,wenka,31,0.089,490,
runyoro,ez-,31,0.089,491,
runyoro,-ez,31,0.089,492,
runyoro,eguru,31,0.089,493,
runyoro,nyechy-,31,0.089,494,
runyoro,kan-,31,0.089,495,
runyoro,-si,31,0.089,496,
runyoro,rweibajo,31,0.089,497,
runyoro,omwig-,31,0.089,498,
runyoro,eyel-,31,0.089,499,
runyoro,-sobor,31,0.089,500,
runyoro,omwonjo,31,0.089,501,
runyoro,owatamunyir-,31,0.089,502,
runyoro,enkungam-,31,0.089,503,
runyoro,ezo,31,0.089,504,
runyoro,mum-,31,0.089,505,
runyoro,sweento,31,0.089,506,
runyoro,-ija,31,0.089,507,
runyoro,okuraram-,31,0.089,508,
runyoro,oterw-,31,0.089,509,
runyoro,isem-,31,0.089,510,
runyoro,bakumbir-,31,0.089,511,
runyoro,rwebajo,31,0.089,512,
runyoro,tabanow-,31,0.089,513,
runyoro,muhingis-,31,0.089,514,
runyoro,ekahy-,31,0.089,515,
runyoro,-iwe,31,0.089,516,
runyoro,tandikel-,31,0.089,517,
runyoro,tu,31,0.089,518,
runyoro,byam-,31,0.089,519,
runyoro,tera,31,0.089,520,
runyoro,o-,31,0.089,521,
runyoro,rer-,31,0.089,522,
runyoro,-rer,31,0.089,523,
runyoro,kirarugam-,31,0.089,524,
runyoro,tikisemir-,31,0.089,525,
runyoro,okwe-,31,0.089,526,
runyoro,obugamb-,31,0.089,527,
runyoro,tokusober-,31,0.089,528,
runyoro,okukeikuz-,31,0.089,529,
runyoro,omugav-,31,0.089,530,
runyoro,tumukusobor-,31,0.089,531,
runyoro,echwar-,31,0.089,532,
runyoro,ekihuteir-,31,0.089,533,
tooro,-a,7409,20.34,1,
tooro,-e,2170,5.957,2,
tooro,-i,1984,5.447,3,
tooro,-u,713,1.957,4,
tooro,-we,558,1.532,5,
tooro,muntu,310,0.851,6,
tooro,nib-,279,0.766,7,
tooro,-o,248,0.681,8,
tooro,-ya,217,0.596,9,
tooro,ar-,217,0.596,10,
tooro,-ar,217,0.596,11,
tooro,enj-,186,0.511,12,
tooro,ku-,186,0.511,13,
tooro,o-,186,0.511,14,
tooro,ni-,186,0.511,15,
tooro,omu-,155,0.426,16,
tooro,naba,155,0.426,17,
tooro,ka-,155,0.426,18,
tooro,aka-,155,0.426,19,
tooro,mu-,155,0.426,20,
tooro,e-,155,0.426,21,
tooro,wa-,155,0.426,22,
tooro,omuntu,155,0.426,23,
tooro,ny-,124,0.34,24,
tooro,-za,124,0.34,25,
tooro,yin-,124,0.34,26,
tooro,omw-,124,0.34,27,
tooro,an-,124,0.34,28,
tooro,-an,124,0.34,29,
tooro,aha,124,0.34,30,
tooro,kurebw-,124,0.34,31,
tooro,-kurebw,124,0.34,32,
tooro,a-,124,0.34,33,
tooro,ya-,93,0.255,34,
tooro,ir-,93,0.255,35,
tooro,-ir,93,0.255,36,
tooro,in-,93,0.255,37,
tooro,-in,93,0.255,38,
tooro,ab-,93,0.255,39,
tooro,-ab,93,0.255,40,
tooro,omuk-,93,0.255,41,
tooro,tashemereir-,93,0.255,42,
tooro,-yin,93,0.255,43,
tooro,-iro,93,0.255,44,
tooro,kur-,93,0.255,45,
tooro,na-,93,0.255,46,
tooro,zar-,93,0.255,47,
tooro,-zar,93,0.255,48,
tooro,ngu,93,0.255,49,
tooro,mw-,93,0.255,50,
tooro,nabanz-,93,0.255,51,
tooro,ente,93,0.255,52,
tooro,wobusingy-,93,0.255,53,
tooro,end-,93,0.255,54,
tooro,-end,93,0.255,55,
tooro,hand-,93,0.255,56,
tooro,-hand,93,0.255,57,
tooro,wayeyerer-,62,0.17,58,
tooro,otakagyir-,62,0.17,59,
tooro,kugamb-,62,0.17,60,
tooro,eyaband-,62,0.17,61,
tooro,okweteyerir-,62,0.17,62,
tooro,mun-,62,0.17,63,
tooro,ong-,62,0.17,64,
tooro,-ong,62,0.17,65,
tooro,sh-,62,0.17,66,
tooro,-sh,62,0.17,67,
tooro,ekyitinis-,62,0.17,68,
tooro,atakukyih-,62,0.17,69,
tooro,nanyin-,62,0.17,70,
tooro,wondijo,62,0.17,71,
tooro,ebir-,62,0.17,72,
tooro,ekabuzabuz-,62,0.17,73,
tooro,empis-,62,0.17,74,
tooro,by-,62,0.17,75,
tooro,ing-,62,0.17,76,
tooro,-ing,62,0.17,77,
tooro,bi-,62,0.17,78,
tooro,nibabas-,62,0.17,79,
tooro,omug-,62,0.17,80,
tooro,omundijo,62,0.17,81,
tooro,nibamushuk-,62,0.17,82,
tooro,ebyiz-,62,0.17,83,
tooro,bigubir-,62,0.17,84,
tooro,sing-,62,0.17,85,
tooro,-sing,62,0.17,86,
tooro,nabas-,62,0.17,87,
tooro,arikurug-,62,0.17,88,
tooro,rung-,62,0.17,89,
tooro,-rung,62,0.17,90,
tooro,kwat-,62,0.17,91,
tooro,-kwat,62,0.17,92,
tooro,gumwe,62,0.17,93,
tooro,enyung-,62,0.17,94,
tooro,ogukwer-,62,0.17,95,
tooro,ebijum-,62,0.17,96,
tooro,nigw-,62,0.17,97,
tooro,gukurekyerwaho,62,0.17,98,
tooro,amabar-,62,0.17,99,
tooro,ne-,62,0.17,100,
tooro,akachwamutw-,62,0.17,101,
tooro,ahakuz-,62,0.17,102,
tooro,takaruh-,62,0.17,103,
tooro,-ye,62,0.17,104,
tooro,wekitinis-,62,0.17,105,
tooro,kwakushish-,62,0.17,106,
tooro,omwo-,62,0.17,107,
tooro,agir-,62,0.17,108,
tooro,-agir,62,0.17,109,
tooro,abagubiir-,62,0.17,110,
tooro,bagushish-,62,0.17,111,
tooro,nak-,62,0.17,112,
tooro,-ku,62,0.17,113,
tooro,kor-,62,0.17,114,
tooro,-kor,62,0.17,115,
tooro,-wo,62,0.17,116,
tooro,ba-,62,0.17,117,
tooro,namaririz-,62,0.17,118,
tooro,ari-,62,0.17,119,
tooro,burugo,62,0.17,120,
tooro,kw-,62,0.17,121,
tooro,oruh-,62,0.17,122,
tooro,omumwany-,62,0.17,123,
tooro,tigukagw-,62,0.17,124,
tooro,ha-,62,0.17,125,
tooro,nekit-,62,0.17,126,
tooro,kyagw-,62,0.17,127,
tooro,okw-,62,0.17,128,
tooro,-ka,62,0.17,129,
tooro,-zi,62,0.17,130,
tooro,aba-,62,0.17,131,
tooro,-ana,62,0.17,132,
tooro,nam-,62,0.17,133,
tooro,ekir-,62,0.17,134,
tooro,banza,31,0.085,135,
tooro,bint-,31,0.085,136,
tooro,byokubanz-,31,0.085,137,
tooro,-yo,31,0.085,138,
tooro,byomugasho,31,0.085,139,
tooro,bak-,31,0.085,140,
tooro,arikur-,31,0.085,141,
tooro,kusingaho,31,0.085,142,
tooro,um-,31,0.085,143,
tooro,-um,31,0.085,144,
tooro,baku-,31,0.085,145,
tooro,-ha,31,0.085,146,
tooro,emihand-,31,0.085,147,
tooro,ebisero,31,0.085,148,
tooro,ebikukwat-,31,0.085,149,
tooro,ebyenyanj-,31,0.085,150,
tooro,-ri,31,0.085,151,
tooro,omumiz-,31,0.085,152,
tooro,tibikakuzibir-,31,0.085,153,
tooro,kwibik-,31,0.085,154,
tooro,ekis-,31,0.085,155,
tooro,-ero,31,0.085,156,
tooro,ekyaw-,31,0.085,157,
tooro,habanyabwengy-,31,0.085,158,
tooro,babiri,31,0.085,159,
tooro,kwotsyeshohor-,31,0.085,160,
tooro,hakenyanj-,31,0.085,161,
tooro,ch-,31,0.085,162,
tooro,-ch,31,0.085,163,
tooro,tikakahabur-,31,0.085,164,
tooro,ekyenyanj-,31,0.085,165,
tooro,ekyihango,31,0.085,166,
tooro,hashabahebw-,31,0.085,167,
tooro,khurimunt-,31,0.085,168,
tooro,nayegur-,31,0.085,169,
tooro,amb-,31,0.085,170,
tooro,-amb,31,0.085,171,
tooro,gwe,31,0.085,172,
tooro,kikurug-,31,0.085,173,
tooro,ki-,31,0.085,174,
tooro,kirung-,31,0.085,175,
tooro,-kirung,31,0.085,176,
tooro,kutandiik-,31,0.085,177,
tooro,nobworo,31,0.085,178,
tooro,okutandik-,31,0.085,179,
tooro,nobugig-,31,0.085,180,
tooro,khukaz-,31,0.085,181,
tooro,yomb-,31,0.085,182,
tooro,-yomb,31,0.085,183,
tooro,kuba,31,0.085,184,
tooro,-oko,31,0.085,185,
tooro,kurekyer-,31,0.085,186,
tooro,amatungo,31,0.085,187,
tooro,ge,31,0.085,188,
tooro,ondijo,31,0.085,189,
tooro,nabar-,31,0.085,190,
tooro,emp-,31,0.085,191,
tooro,zaago,31,0.085,192,
tooro,kubuz-,31,0.085,193,
tooro,tibushem-,31,0.085,194,
tooro,kukuraganis-,31,0.085,195,
tooro,ekyihuro,31,0.085,196,
tooro,kyihango,31,0.085,197,
tooro,kukwis-,31,0.085,198,
tooro,khuzengyerez-,31,0.085,199,
tooro,khut-,31,0.085,200,
tooro,nigukurir-,31,0.085,201,
tooro,omum-,31,0.085,202,
tooro,it-,31,0.085,203,
tooro,-it,31,0.085,204,
tooro,endijo,31,0.085,205,
tooro,khutumw-,31,0.085,206,
tooro,kuribw-,31,0.085,207,
tooro,khushum-,31,0.085,208,
tooro,ta-,31,0.085,209,
tooro,makumyan-,31,0.085,210,
tooro,khumonw-,31,0.085,211,
tooro,nigu-,31,0.085,212,
tooro,kukuyamb-,31,0.085,213,
tooro,nomugab-,31,0.085,214,
tooro,khumuzey-,31,0.085,215,
tooro,wemichw-,31,0.085,216,
tooro,mib-,31,0.085,217,
tooro,baba,31,0.085,218,
tooro,nibary-,31,0.085,219,
tooro,khukono,31,0.085,220,
tooro,tigukachiriz-,31,0.085,221,
tooro,yamiz-,31,0.085,222,
tooro,gukagit-,31,0.085,223,
tooro,ahamutw-,31,0.085,224,
tooro,khumukaz-,31,0.085,225,
tooro,ahamushij-,31,0.085,226,
tooro,ahandijo,31,0.085,227,
tooro,atin-,31,0.085,228,
tooro,mic-,31,0.085,229,
tooro,khumutayayirw-,31,0.085,230,
tooro,nagober-,31,0.085,231,
tooro,musheng-,31,0.085,232,
tooro,gwomugyeny-,31,0.085,233,
tooro,khumut-,31,0.085,234,
tooro,khumutego,31,0.085,235,
tooro,gwomuzey-,31,0.085,236,
tooro,nigutegw-,31,0.085,237,
tooro,omurund-,31,0.085,238,
tooro,khat-,31,0.085,239,
tooro,khashur-,31,0.085,240,
tooro,ibanj-,31,0.085,241,
tooro,-ibanj,31,0.085,242,
tooro,reero,31,0.085,243,
tooro,otungy-,31,0.085,244,
tooro,otiin-,31,0.085,245,
tooro,aku-,31,0.085,246,
tooro,kukwat-,31,0.085,247,
tooro,-kukwat,31,0.085,248,
tooro,ahamukono,31,0.085,249,
tooro,katakahikyire,31,0.085,250,
tooro,menshob-,31,0.085,251,
tooro,yomwan-,31,0.085,252,
tooro,nibagivunan-,31,0.085,253,
tooro,we-,31,0.085,254,
tooro,membw-,31,0.085,255,
tooro,tekumok-,31,0.085,256,
tooro,ekarum-,31,0.085,257,
tooro,meshagam-,31,0.085,258,
tooro,nekir-,31,0.085,259,
tooro,ama-,31,0.085,260,
tooro,iz-,31,0.085,261,
tooro,-iz,31,0.085,262,
tooro,momurung-,31,0.085,263,
tooro,timurung-,31,0.085,264,
tooro,hatariho,31,0.085,265,
tooro,nkojo,31,0.085,266,
tooro,mbi,31,0.085,267,
tooro,momany-,31,0.085,268,
tooro,-ze,31,0.085,269,
tooro,komunt-,31,0.085,270,
tooro,omubwir-,31,0.085,271,
tooro,bwenjar-,31,0.085,272,
tooro,ur-,31,0.085,273,
tooro,-ur,31,0.085,274,
tooro,omumuringo,31,0.085,275,
tooro,gubamukuzam-,31,0.085,276,
tooro,mkurinz-,31,0.085,277,
tooro,ok-,31,0.085,278,
tooro,nikugaruk-,31,0.085,279,
tooro,kumurind-,31,0.085,280,
tooro,ayigus-,31,0.085,281,
tooro,takatecher-,31,0.085,282,
tooro,abiin-,31,0.085,283,
tooro,mkuririr-,31,0.085,284,
tooro,ekyey-,31,0.085,285,
tooro,tibakamutang-,31,0.085,286,
tooro,wenja-,31,0.085,287,
tooro,tibakamusindiik-,31,0.085,288,
tooro,omukitar-,31,0.085,289,
tooro,yakwetegyerez-,31,0.085,290,
tooro,atakakwetsir-,31,0.085,291,
tooro,kumutayayir-,31,0.085,292,
tooro,atari,31,0.085,293,
tooro,-aro,31,0.085,294,
tooro,nobas-,31,0.085,295,
tooro,kugyir-,31,0.085,296,
tooro,emichw-,31,0.085,297,
tooro,mirung-,31,0.085,298,
tooro,mkurim-,31,0.085,299,
tooro,eky-,31,0.085,300,
tooro,-ina,31,0.085,301,
tooro,akyirim-,31,0.085,302,
tooro,mtakahikyir-,31,0.085,303,
tooro,mtakuh-,31,0.085,304,
tooro,mkukuris-,31,0.085,305,
tooro,nakutegyek-,31,0.085,306,
tooro,mwaman-,31,0.085,307,
tooro,najum-,31,0.085,308,
tooro,mama,31,0.085,309,
tooro,-riho,31,0.085,310,
tooro,aho,31,0.085,311,
tooro,muchez-,31,0.085,312,
tooro,takagaruk-,31,0.085,313,
tooro,nengaro,31,0.085,314,
tooro,nsh-,31,0.085,315,
tooro,musheij-,31,0.085,316,
tooro,arikutung-,31,0.085,317,
tooro,emwe,31,0.085,318,
tooro,arikugyir-,31,0.085,319,
tooro,nti,31,0.085,320,
tooro,nayij-,31,0.085,321,
tooro,kutung-,31,0.085,322,
tooro,eisyo,31,0.085,323,
tooro,rihango,31,0.085,324,
tooro,ryent-,31,0.085,325,
tooro,nyingy-,31,0.085,326,
tooro,takarizibw-,31,0.085,327,
tooro,bu-,31,0.085,328,
tooro,-sha,31,0.085,329,
tooro,bwebint-,31,0.085,330,
tooro,ebirung-,31,0.085,331,
tooro,mur-,31,0.085,332,
tooro,nigwotsy-,31,0.085,333,
tooro,arikuguhemb-,31,0.085,334,
tooro,mukoz-,31,0.085,335,
tooro,omukayey-,31,0.085,336,
tooro,orikusingayo,31,0.085,337,
tooro,kubanz-,31,0.085,338,
tooro,-kubanz,31,0.085,339,
tooro,kun-,31,0.085,340,
tooro,engaaro,31,0.085,341,
tooro,ze,31,0.085,342,
tooro,mubusigaz-,31,0.085,343,
tooro,nink-,31,0.085,344,
tooro,rwakashesh-,31,0.085,345,
tooro,niruhwaho,31,0.085,346,
tooro,omumwazyo,31,0.085,347,
tooro,nabashum-,31,0.085,348,
tooro,ib-,31,0.085,349,
tooro,-ib,31,0.085,350,
tooro,hik-,31,0.085,351,
tooro,-hik,31,0.085,352,
tooro,nokwib-,31,0.085,353,
tooro,ahubakurir-,31,0.085,354,
tooro,nabariho,31,0.085,355,
tooro,babarw-,31,0.085,356,
tooro,nahariho,31,0.085,357,
tooro,-ika,31,0.085,358,
tooro,tihakaburaho,31,0.085,359,
tooro,omur-,31,0.085,360,
tooro,nabaf-,31,0.085,361,
tooro,bonk-,31,0.085,362,
tooro,bakusingw-,31,0.085,363,
tooro,omurinyaruj-,31,0.085,364,
tooro,yamatek-,31,0.085,365,
tooro,namunt-,31,0.085,366,
tooro,nakukwang-,31,0.085,367,
tooro,nakutek-,31,0.085,368,
tooro,ogurikusingaho,31,0.085,369,
tooro,noguwab-,31,0.085,370,
tooro,oriim-,31,0.085,371,
tooro,namihand-,31,0.085,372,
tooro,nente,31,0.085,373,
tooro,nengyesho,31,0.085,374,
tooro,nungy-,31,0.085,375,
tooro,zomutaban-,31,0.085,376,
tooro,nizihis-,31,0.085,377,
tooro,i-,31,0.085,378,
tooro,ekitinis-,31,0.085,379,
tooro,nimutahiwaw-,31,0.085,380,
tooro,arikubas-,31,0.085,381,
tooro,kukwagur-,31,0.085,382,
tooro,-ongo,31,0.085,383,
tooro,nutaban-,31,0.085,384,
tooro,nabonabon-,31,0.085,385,
tooro,ahabwebib-,31,0.085,386,
tooro,byishew-,31,0.085,387,
tooro,nomuyemb-,31,0.085,388,
tooro,noburwir-,31,0.085,389,
tooro,bwondijo,31,0.085,390,
tooro,tibukakuzibir-,31,0.085,391,
tooro,kubyam-,31,0.085,392,
tooro,nokayesig-,31,0.085,393,
tooro,wenka,31,0.085,394,
tooro,waman-,31,0.085,395,
tooro,-waman,31,0.085,396,
tooro,wabanoyend-,31,0.085,397,
tooro,kuhangur-,31,0.085,398,
tooro,kwombek-,31,0.085,399,
tooro,entsy-,31,0.085,400,
tooro,yasheny-,31,0.085,401,
tooro,en-,31,0.085,402,
tooro,-kur,31,0.085,403,
tooro,kuziin-,31,0.085,404,
tooro,yat-,31,0.085,405,
tooro,-era,31,0.085,406,
tooro,engom-,31,0.085,407,
tooro,yanz-,31,0.085,408,
tooro,-yanz,31,0.085,409,
tooro,arikukukyir-,31,0.085,410,
tooro,aryagum-,31,0.085,411,
tooro,kukyir-,31,0.085,412,
tooro,-kukyir,31,0.085,413,
tooro,akwegur-,31,0.085,414,
tooro,rwe-,31,0.085,415,
tooro,takabur-,31,0.085,416,
tooro,ahokubyam-,31,0.085,417,
tooro,kurahuk-,31,0.085,418,
tooro,ebw-,31,0.085,419,
tooro,-ebw,31,0.085,420,
tooro,kwonk-,31,0.085,421,
tooro,okuribaat-,31,0.085,422,
tooro,omumaz-,31,0.085,423,
tooro,we,31,0.085,424,
tooro,takayebw-,31,0.085,425,
tooro,okukurabur-,31,0.085,426,
tooro,kab-,31,0.085,427,
tooro,-kab,31,0.085,428,
tooro,arimunywan-,31,0.085,429,
tooro,okwitw-,31,0.085,430,
tooro,omwiguto,31,0.085,431,
tooro,takugarukyir-,31,0.085,432,
tooro,abasigar-,31,0.085,433,
tooro,eny-,31,0.085,434,
tooro,im-,31,0.085,435,
tooro,-im,31,0.085,436,
tooro,ayamar-,31,0.085,437,
tooro,yibakutekyeram-,31,0.085,438,
tooro,omut-,31,0.085,439,
tooro,niguterezibw-,31,0.085,440,
tooro,gw-,31,0.085,441,
tooro,gukyir-,31,0.085,442,
tooro,mut-,31,0.085,443,
tooro,omurog-,31,0.085,444,
tooro,narog-,31,0.085,445,
tooro,erikumuh-,31,0.085,446,
tooro,amat-,31,0.085,447,
tooro,kum-,31,0.085,448,
tooro,-kum,31,0.085,449,
tooro,iw-,31,0.085,450,
tooro,-iw,31,0.085,451,
tooro,omushango,31,0.085,452,
tooro,omuteguz-,31,0.085,453,
tooro,webint-,31,0.085,454,
tooro,akumaririz-,31,0.085,455,
tooro,nar-,31,0.085,456,
tooro,amaguf-,31,0.085,457,
tooro,otakayorek-,31,0.085,458,
tooro,omushaho,31,0.085,459,
tooro,mugyenz-,31,0.085,460,
tooro,oburugo,31,0.085,461,
tooro,bwomubaz-,31,0.085,462,
tooro,gwa-,31,0.085,463,
tooro,muherez-,31,0.085,464,
tooro,omubaz-,31,0.085,465,
tooro,gumazir-,31,0.085,466,
tooro,okujungw-,31,0.085,467,
tooro,rukukor-,31,0.085,468,
tooro,hamw-,31,0.085,469,
tooro,bwa,31,0.085,470,
tooro,aman-,31,0.085,471,
tooro,ruf-,31,0.085,472,
tooro,tekwizir-,31,0.085,473,
tooro,sotakater-,31,0.085,474,
tooro,ahabwokuremw-,31,0.085,475,
tooro,kutayayis-,31,0.085,476,
tooro,omugyeny-,31,0.085,477,
tooro,atakakutayayisag-,31,0.085,478,
tooro,sotakayehutzy-,31,0.085,479,
tooro,okuhaburw-,31,0.085,480,
tooro,kwomwan-,31,0.085,481,
tooro,tur-,31,0.085,482,
tooro,owomunt-,31,0.085,483,
tooro,-kusingaho,31,0.085,484,
tooro,kutur-,31,0.085,485,
tooro,omwitagy-,31,0.085,486,
tooro,ryekit-,31,0.085,487,
tooro,taribar-,31,0.085,488,
tooro,enkojo,31,0.085,489,
tooro,zaa-,31,0.085,490,
tooro,otakafiir-,31,0.085,491,
tooro,wokury-,31,0.085,492,
tooro,-awe,31,0.085,493,
tooro,arikukwit-,31,0.085,494,
tooro,wayesigyir-,31,0.085,495,
tooro,obugig-,31,0.085,496,
tooro,bwamukuruwey-,31,0.085,497,
tooro,-fa,31,0.085,498,
tooro,obworo,31,0.085,499,
tooro,yibakuguriz-,31,0.085,500,
tooro,kukyikwak-,31,0.085,501,
tooro,kandi,31,0.085,502,
tooro,okyakyend-,31,0.085,503,
tooro,zayin-,31,0.085,504,
tooro,zebifer-,31,0.085,505,
tooro,nibitur-,31,0.085,506,
tooro,okumar-,31,0.085,507,
tooro,obw-,31,0.085,508,
tooro,bw-,31,0.085,509,
tooro,zurinamanyir-,31,0.085,510,
tooro,-ija,31,0.085,511,
tooro,bwanyim-,31,0.085,512,
tooro,zimut-,31,0.085,513,
tooro,zuyemb-,31,0.085,514,
tooro,zokureberer-,31,0.085,515,
tooro,yamutah-,31,0.085,516,
tooro,okwokureberer-,31,0.085,517,
tshiluba,-a,6692,17.599,1,
tshiluba,-u,2100,5.523,2,
tshiluba,-i,1764,4.639,3,
tshiluba,-e,1372,3.608,4,
tshiluba,mu-,896,2.356,5,
tshiluba,ka-,672,1.767,6,
tshiluba,tshi-,504,1.325,7,
tshiluba,wa,364,0.957,8,
tshiluba,ne,364,0.957,9,
tshiluba,-ana,308,0.81,10,
tshiluba,kup-,224,0.589,11,
tshiluba,bu-,224,0.589,12,
tshiluba,bi-,224,0.589,13,
tshiluba,en-,196,0.515,14,
tshiluba,-en,196,0.515,15,
tshiluba,und-,196,0.515,16,
tshiluba,-und,196,0.515,17,
tshiluba,mua,168,0.442,18,
tshiluba,-kaji,168,0.442,19,
tshiluba,to,168,0.442,20,
tshiluba,-ya,168,0.442,21,
tshiluba,ku-,168,0.442,22,
tshiluba,bua,140,0.368,23,
tshiluba,ang-,140,0.368,24,
tshiluba,-ang,140,0.368,25,
tshiluba,bantu,140,0.368,26,
tshiluba,wend-,140,0.368,27,
tshiluba,mp-,140,0.368,28,
tshiluba,ni,140,0.368,29,
tshiluba,mutsh-,140,0.368,30,
tshiluba,muntu,112,0.295,31,
tshiluba,kol-,112,0.295,32,
tshiluba,-ala,112,0.295,33,
tshiluba,-ua,112,0.295,34,
tshiluba,-uma,112,0.295,35,
tshiluba,fu-,112,0.295,36,
tshiluba,-fu,112,0.295,37,
tshiluba,badiadi-,112,0.295,38,
tshiluba,katu,112,0.295,39,
tshiluba,pa,112,0.295,40,
tshiluba,kajij-,112,0.295,41,
tshiluba,ka,112,0.295,42,
tshiluba,bul-,112,0.295,43,
tshiluba,ku,112,0.295,44,
tshiluba,-kol,84,0.221,45,
tshiluba,mut-,84,0.221,46,
tshiluba,kadi,84,0.221,47,
tshiluba,bilengel-,84,0.221,48,
tshiluba,pansh-,84,0.221,49,
tshiluba,wen-,84,0.221,50,
tshiluba,eb-,84,0.221,51,
tshiluba,-eb,84,0.221,52,
tshiluba,ba-,84,0.221,53,
tshiluba,mu,84,0.221,54,
tshiluba,al-,84,0.221,55,
tshiluba,-al,84,0.221,56,
tshiluba,nansh-,84,0.221,57,
tshiluba,end-,84,0.221,58,
tshiluba,bel-,84,0.221,59,
tshiluba,mukaleng-,84,0.221,60,
tshiluba,ng-,84,0.221,61,
tshiluba,utu,84,0.221,62,
tshiluba,kabu-,84,0.221,63,
tshiluba,uk-,84,0.221,64,
tshiluba,anu,84,0.221,65,
tshiluba,tsh-,84,0.221,66,
tshiluba,peb-,84,0.221,67,
tshiluba,nk-,84,0.221,68,
tshiluba,lum-,84,0.221,69,
tshiluba,-lum,84,0.221,70,
tshiluba,-enda,84,0.221,71,
tshiluba,bidi,84,0.221,72,
tshiluba,nku,84,0.221,73,
tshiluba,kab-,84,0.221,74,
tshiluba,sh-,84,0.221,75,
tshiluba,-sh,84,0.221,76,
tshiluba,tshidi,84,0.221,77,
tshiluba,mul-,84,0.221,78,
tshiluba,nzamb-,56,0.147,79,
tshiluba,-anza,56,0.147,80,
tshiluba,tshitu,56,0.147,81,
tshiluba,-alu,56,0.147,82,
tshiluba,mund-,56,0.147,83,
tshiluba,-eba,56,0.147,84,
tshiluba,-amba,56,0.147,85,
tshiluba,mbias-,56,0.147,86,
tshiluba,munkelend-,56,0.147,87,
tshiluba,ul-,56,0.147,88,
tshiluba,-ul,56,0.147,89,
tshiluba,shik-,56,0.147,90,
tshiluba,-shik,56,0.147,91,
tshiluba,nz-,56,0.147,92,
tshiluba,ukun-,56,0.147,93,
tshiluba,upol-,56,0.147,94,
tshiluba,mus-,56,0.147,95,
tshiluba,am-,56,0.147,96,
tshiluba,-am,56,0.147,97,
tshiluba,-ebe,56,0.147,98,
tshiluba,mun-,56,0.147,99,
tshiluba,-wen,56,0.147,100,
tshiluba,kuk-,56,0.147,101,
tshiluba,bionso,56,0.147,102,
tshiluba,tshidim-,56,0.147,103,
tshiluba,uta,56,0.147,104,
tshiluba,u-,56,0.147,105,
tshiluba,it-,56,0.147,106,
tshiluba,-it,56,0.147,107,
tshiluba,wakadi-,56,0.147,108,
tshiluba,kuindid-,56,0.147,109,
tshiluba,kum-,56,0.147,110,
tshiluba,seb-,56,0.147,111,
tshiluba,-seb,56,0.147,112,
tshiluba,ba,56,0.147,113,
tshiluba,wadi-,56,0.147,114,
tshiluba,lem-,56,0.147,115,
tshiluba,-lem,56,0.147,116,
tshiluba,-ela,56,0.147,117,
tshiluba,bijimin-,56,0.147,118,
tshiluba,mbiany-,56,0.147,119,
tshiluba,mbuji,56,0.147,120,
tshiluba,pabul-,56,0.147,121,
tshiluba,kunangid-,56,0.147,122,
tshiluba,lel-,56,0.147,123,
tshiluba,-uk,56,0.147,124,
tshiluba,mat-,56,0.147,125,
tshiluba,bundu,56,0.147,126,
tshiluba,kak-,56,0.147,127,
tshiluba,-aya,56,0.147,128,
tshiluba,tshital-,56,0.147,129,
tshiluba,in-,56,0.147,130,
tshiluba,-in,56,0.147,131,
tshiluba,nzol-,56,0.147,132,
tshiluba,-ku,56,0.147,133,
tshiluba,wa-,56,0.147,134,
tshiluba,budim-,56,0.147,135,
tshiluba,bupit-,56,0.147,136,
tshiluba,-anga,56,0.147,137,
tshiluba,din-,56,0.147,138,
tshiluba,ko-,56,0.147,139,
tshiluba,amunt-,56,0.147,140,
tshiluba,-amunt,56,0.147,141,
tshiluba,tshanzamb-,56,0.147,142,
tshiluba,umu-,56,0.147,143,
tshiluba,bakup-,56,0.147,144,
tshiluba,wapangan-,56,0.147,145,
tshiluba,lej-,56,0.147,146,
tshiluba,-lej,56,0.147,147,
tshiluba,shing-,56,0.147,148,
tshiluba,-shing,56,0.147,149,
tshiluba,kutshin-,56,0.147,150,
tshiluba,kuikal-,56,0.147,151,
tshiluba,bup-,56,0.147,152,
tshiluba,ny-,56,0.147,153,
tshiluba,diakuil-,56,0.147,154,
tshiluba,di-,56,0.147,155,
tshiluba,tshifuafu-,56,0.147,156,
tshiluba,ndibak-,56,0.147,157,
tshiluba,-end,56,0.147,158,
tshiluba,at-,56,0.147,159,
tshiluba,-at,56,0.147,160,
tshiluba,kwa,56,0.147,161,
tshiluba,-o,56,0.147,162,
tshiluba,kantu,56,0.147,163,
tshiluba,lukund-,56,0.147,164,
tshiluba,katend-,56,0.147,165,
tshiluba,-ulu,56,0.147,166,
tshiluba,mudinay-,56,0.147,167,
tshiluba,kadi-,56,0.147,168,
tshiluba,biasuey-,28,0.074,169,
tshiluba,alu-,28,0.074,170,
tshiluba,tshiny-,28,0.074,171,
tshiluba,tshiyay-,28,0.074,172,
tshiluba,ki,28,0.074,173,
tshiluba,muk-,28,0.074,174,
tshiluba,mununk-,28,0.074,175,
tshiluba,bulelel-,28,0.074,176,
tshiluba,luf-,28,0.074,177,
tshiluba,nt-,28,0.074,178,
tshiluba,dipuekesh-,28,0.074,179,
tshiluba,bak-,28,0.074,180,
tshiluba,bandish-,28,0.074,181,
tshiluba,kitshituy-,28,0.074,182,
tshiluba,luleng-,28,0.074,183,
tshiluba,diabul-,28,0.074,184,
tshiluba,nank-,28,0.074,185,
tshiluba,ben-,28,0.074,186,
tshiluba,bakwatshishab-,28,0.074,187,
tshiluba,um-,28,0.074,188,
tshiluba,kankaman-,28,0.074,189,
tshiluba,tshiakulu-,28,0.074,190,
tshiluba,sank-,28,0.074,191,
tshiluba,-sank,28,0.074,192,
tshiluba,sel-,28,0.074,193,
tshiluba,babid-,28,0.074,194,
tshiluba,lukas-,28,0.074,195,
tshiluba,fuish-,28,0.074,196,
tshiluba,-fuish,28,0.074,197,
tshiluba,yend-,28,0.074,198,
tshiluba,-yend,28,0.074,199,
tshiluba,mbong-,28,0.074,200,
tshiluba,tshidimanyin-,28,0.074,201,
tshiluba,bidi-,28,0.074,202,
tshiluba,bitup-,28,0.074,203,
tshiluba,bias-,28,0.074,204,
tshiluba,wapit-,28,0.074,205,
tshiluba,on-,28,0.074,206,
tshiluba,-on,28,0.074,207,
tshiluba,neumon-,28,0.074,208,
tshiluba,mabik-,28,0.074,209,
tshiluba,kateketsh-,28,0.074,210,
tshiluba,mutshin-,28,0.074,211,
tshiluba,uteket-,28,0.074,212,
tshiluba,biteket-,28,0.074,213,
tshiluba,dibak-,28,0.074,214,
tshiluba,mbudim-,28,0.074,215,
tshiluba,meba,28,0.074,216,
tshiluba,kusuluil-,28,0.074,217,
tshiluba,tshamukwen-,28,0.074,218,
tshiluba,lw-,28,0.074,219,
tshiluba,mukuen-,28,0.074,220,
tshiluba,mutshelel-,28,0.074,221,
tshiluba,-ende,28,0.074,222,
tshiluba,meji,28,0.074,223,
tshiluba,ubandishil-,28,0.074,224,
tshiluba,nfuak-,28,0.074,225,
tshiluba,udiadi-,28,0.074,226,
tshiluba,tshibi,28,0.074,227,
tshiluba,matand-,28,0.074,228,
tshiluba,nshib-,28,0.074,229,
tshiluba,matsho,28,0.074,230,
tshiluba,mes-,28,0.074,231,
tshiluba,ela,28,0.074,232,
tshiluba,pany-,28,0.074,233,
tshiluba,mmon-,28,0.074,234,
tshiluba,kuy-,28,0.074,235,
tshiluba,-kuy,28,0.074,236,
tshiluba,tu,28,0.074,237,
tshiluba,tshikulul-,28,0.074,238,
tshiluba,eng-,28,0.074,239,
tshiluba,-eng,28,0.074,240,
tshiluba,tumubel-,28,0.074,241,
tshiluba,udia,28,0.074,242,
tshiluba,monj-,28,0.074,243,
tshiluba,bia,28,0.074,244,
tshiluba,ewu,28,0.074,245,
tshiluba,bitsh-,28,0.074,246,
tshiluba,lualu-,28,0.074,247,
tshiluba,wabend-,28,0.074,248,
tshiluba,nkuba,28,0.074,249,
tshiluba,maw-,28,0.074,250,
tshiluba,filak-,28,0.074,251,
tshiluba,alekel-,28,0.074,252,
tshiluba,kutuil-,28,0.074,253,
tshiluba,banga,28,0.074,254,
tshiluba,leng-,28,0.074,255,
tshiluba,-leng,28,0.074,256,
tshiluba,up-,28,0.074,257,
tshiluba,kuibidij-,28,0.074,258,
tshiluba,chomb-,28,0.074,259,
tshiluba,akudil-,28,0.074,260,
tshiluba,ngoma,28,0.074,261,
tshiluba,baja,28,0.074,262,
tshiluba,maja,28,0.074,263,
tshiluba,kwatshil-,28,0.074,264,
tshiluba,mpas-,28,0.074,265,
tshiluba,pakol-,28,0.074,266,
tshiluba,akukuatshi-,28,0.074,267,
tshiluba,pend-,28,0.074,268,
tshiluba,biwashal-,28,0.074,269,
tshiluba,washadil-,28,0.074,270,
tshiluba,amu,28,0.074,271,
tshiluba,wapesh-,28,0.074,272,
tshiluba,zol-,28,0.074,273,
tshiluba,-zol,28,0.074,274,
tshiluba,kupesh-,28,0.074,275,
tshiluba,kanyuny-,28,0.074,276,
tshiluba,diwadi-,28,0.074,277,
tshiluba,kindiwamen-,28,0.074,278,
tshiluba,mpus-,28,0.074,279,
tshiluba,kusekisek-,28,0.074,280,
tshiluba,mweneb-,28,0.074,281,
tshiluba,any-,28,0.074,282,
tshiluba,-any,28,0.074,283,
tshiluba,many-,28,0.074,284,
tshiluba,tshiyiy-,28,0.074,285,
tshiluba,ndilengel-,28,0.074,286,
tshiluba,bienzel-,28,0.074,287,
tshiluba,tshanz-,28,0.074,288,
tshiluba,im-,28,0.074,289,
tshiluba,-im,28,0.074,290,
tshiluba,bimp-,28,0.074,291,
tshiluba,kutshi,28,0.074,292,
tshiluba,-sa,28,0.074,293,
tshiluba,mushing-,28,0.074,294,
tshiluba,kebej-,28,0.074,295,
tshiluba,kajimin-,28,0.074,296,
tshiluba,avual-,28,0.074,297,
tshiluba,-avual,28,0.074,298,
tshiluba,vu-,28,0.074,299,
tshiluba,kabuta,28,0.074,300,
tshiluba,vual-,28,0.074,301,
tshiluba,-vual,28,0.074,302,
tshiluba,adim-,28,0.074,303,
tshiluba,-adim,28,0.074,304,
tshiluba,tshadi-,28,0.074,305,
tshiluba,bany-,28,0.074,306,
tshiluba,ya,28,0.074,307,
tshiluba,beny-,28,0.074,308,
tshiluba,ibob-,28,0.074,309,
tshiluba,muny-,28,0.074,310,
tshiluba,ok-,28,0.074,311,
tshiluba,-ok,28,0.074,312,
tshiluba,paken-,28,0.074,313,
tshiluba,-uta,28,0.074,314,
tshiluba,bashibey-,28,0.074,315,
tshiluba,bat-,28,0.074,316,
tshiluba,ut-,28,0.074,317,
tshiluba,-ut,28,0.074,318,
tshiluba,wal-,28,0.074,319,
tshiluba,lad-,28,0.074,320,
tshiluba,-lad,28,0.074,321,
tshiluba,mwand-,28,0.074,322,
tshiluba,tshidibudib-,28,0.074,323,
tshiluba,tump-,28,0.074,324,
tshiluba,ntump-,28,0.074,325,
tshiluba,mi-,28,0.074,326,
tshiluba,and-,28,0.074,327,
tshiluba,-and,28,0.074,328,
tshiluba,yakakal-,28,0.074,329,
tshiluba,kinyalel-,28,0.074,330,
tshiluba,nvul-,28,0.074,331,
tshiluba,kwabu,28,0.074,332,
tshiluba,pad-,28,0.074,333,
tshiluba,tutend-,28,0.074,334,
tshiluba,tumonangan-,28,0.074,335,
tshiluba,tudi,28,0.074,336,
tshiluba,tutendangan-,28,0.074,337,
tshiluba,muditel-,28,0.074,338,
tshiluba,bwal-,28,0.074,339,
tshiluba,mudimany-,28,0.074,340,
tshiluba,imp-,28,0.074,341,
tshiluba,-imp,28,0.074,342,
tshiluba,ntuil-,28,0.074,343,
tshiluba,mpelel-,28,0.074,344,
tshiluba,kabien-,28,0.074,345,
tshiluba,ndambil-,28,0.074,346,
tshiluba,mumu-,28,0.074,347,
tshiluba,babel-,28,0.074,348,
tshiluba,mufu,28,0.074,349,
tshiluba,telej-,28,0.074,350,
tshiluba,mumukan-,28,0.074,351,
tshiluba,mwa,28,0.074,352,
tshiluba,muenenb-,28,0.074,353,
tshiluba,ung-,28,0.074,354,
tshiluba,-ung,28,0.074,355,
tshiluba,kuta,28,0.074,356,
tshiluba,kabomb-,28,0.074,357,
tshiluba,kub-,28,0.074,358,
tshiluba,ma-,28,0.074,359,
tshiluba,butuk-,28,0.074,360,
tshiluba,-lel,28,0.074,361,
tshiluba,-su,28,0.074,362,
tshiluba,kua,28,0.074,363,
tshiluba,tatu,28,0.074,364,
tshiluba,kabuf-,28,0.074,365,
tshiluba,ngudiadi-,28,0.074,366,
tshiluba,musuasu-,28,0.074,367,
tshiluba,teka,28,0.074,368,
tshiluba,budik-,28,0.074,369,
tshiluba,dimu-,28,0.074,370,
tshiluba,uya,28,0.074,371,
tshiluba,kukulul-,28,0.074,372,
tshiluba,tshidi-,28,0.074,373,
tshiluba,ukut-,28,0.074,374,
tshiluba,-ukut,28,0.074,375,
tshiluba,abikil-,28,0.074,376,
tshiluba,-abikil,28,0.074,377,
tshiluba,mulopw-,28,0.074,378,
tshiluba,yi,28,0.074,379,
tshiluba,manseb-,28,0.074,380,
tshiluba,bakuanyish-,28,0.074,381,
tshiluba,bulamb-,28,0.074,382,
tshiluba,bayeb-,28,0.074,383,
tshiluba,uma,28,0.074,384,
tshiluba,mba-,28,0.074,385,
tshiluba,-le,28,0.074,386,
tshiluba,mulombel-,28,0.074,387,
tshiluba,kajiminy-,28,0.074,388,
tshiluba,ye-,28,0.074,389,
tshiluba,-ye,28,0.074,390,
tshiluba,munkatsh-,28,0.074,391,
tshiluba,metu,28,0.074,392,
tshiluba,manene,28,0.074,393,
tshiluba,bamon-,28,0.074,394,
tshiluba,batshin-,28,0.074,395,
tshiluba,bakimin-,28,0.074,396,
tshiluba,dikosh-,28,0.074,397,
tshiluba,abend-,28,0.074,398,
tshiluba,-abend,28,0.074,399,
tshiluba,nkulu,28,0.074,400,
tshiluba,ndombo,28,0.074,401,
tshiluba,nkes-,28,0.074,402,
tshiluba,waba,28,0.074,403,
tshiluba,-aka,28,0.074,404,
tshiluba,mupong-,28,0.074,405,
tshiluba,tshot-,28,0.074,406,
tshiluba,ulow-,28,0.074,407,
tshiluba,bulowav-,28,0.074,408,
tshiluba,et-,28,0.074,409,
tshiluba,-et,28,0.074,410,
tshiluba,tent-,28,0.074,411,
tshiluba,mamb-,28,0.074,412,
tshiluba,tshidiadi-,28,0.074,413,
tshiluba,nkasham-,28,0.074,414,
tshiluba,udi,28,0.074,415,
tshiluba,mudima,28,0.074,416,
tshiluba,ngudi,28,0.074,417,
tshiluba,uny-,28,0.074,418,
tshiluba,tshikonyangan-,28,0.074,419,
tshiluba,atsh-,28,0.074,420,
tshiluba,-atsh,28,0.074,421,
tshiluba,mudiadi-,28,0.074,422,
tshiluba,kupopok-,28,0.074,423,
tshiluba,nsal-,28,0.074,424,
tshiluba,nke,28,0.074,425,
tshiluba,nyuny-,28,0.074,426,
tshiluba,biwamon-,28,0.074,427,
tshiluba,kim-,28,0.074,428,
tshiluba,an-,28,0.074,429,
tshiluba,-an,28,0.074,430,
tshiluba,-kup,28,0.074,431,
tshiluba,waman-,28,0.074,432,
tshiluba,tshikondo,28,0.074,433,
tshiluba,ntshikol-,28,0.074,434,
tshiluba,udamadim-,28,0.074,435,
tshiluba,kadianyish-,28,0.074,436,
tshiluba,banyishanyish-,28,0.074,437,
tshiluba,mbamumony-,28,0.074,438,
tshiluba,kwitab-,28,0.074,439,
tshiluba,mbulow-,28,0.074,440,
tshiluba,bwa,28,0.074,441,
tshiluba,ot-,28,0.074,442,
tshiluba,-ot,28,0.074,443,
tshiluba,mutshok-,28,0.074,444,
tshiluba,watshiakab-,28,0.074,445,
tshiluba,bakamutap-,28,0.074,446,
tshiluba,mwimp-,28,0.074,447,
tshiluba,batu,28,0.074,448,
tshiluba,bamumany-,28,0.074,449,
tshiluba,diba,28,0.074,450,
tshiluba,diadikeng-,28,0.074,451,
tshiluba,lubil-,28,0.074,452,
tshiluba,-lubil,28,0.074,453,
tshiluba,kashiy-,28,0.074,454,
tshiluba,-kashiy,28,0.074,455,
tshiluba,kadil-,28,0.074,456,
tshiluba,katshid-,28,0.074,457,
tshiluba,lubalabal-,28,0.074,458,
tshiluba,wajim-,28,0.074,459,
tshiluba,mukuta,28,0.074,460,
tshiluba,kangul-,28,0.074,461,
tshiluba,katukajimin-,28,0.074,462,
tshiluba,kabuluk-,28,0.074,463,
tshiluba,katumbish-,28,0.074,464,
tshiluba,yak-,28,0.074,465,
tshiluba,nseng-,28,0.074,466,
tshiluba,kabund-,28,0.074,467,
tshiluba,dinkelengez-,28,0.074,468,
tshiluba,tshibel-,28,0.074,469,
tshiluba,tshimu-,28,0.074,470,
tshiluba,ntshiuwul-,28,0.074,471,
tshiluba,nying-,28,0.074,472,
tshiluba,kulump-,28,0.074,473,
tshiluba,-kulump,28,0.074,474,
tshiluba,kabanyabany-,28,0.074,475,
tshiluba,dia,28,0.074,476,
tshiluba,wetu,28,0.074,477,
tshiluba,umbul-,28,0.074,478,
tshiluba,nshim-,28,0.074,479,
tshiluba,kulakaj-,28,0.074,480,
tshiluba,-kulakaj,28,0.074,481,
tshiluba,nzub-,28,0.074,482,
tshiluba,katshi,28,0.074,483,
tshiluba,kul-,28,0.074,484,
tshiluba,kuluil-,28,0.074,485,
tshiluba,-kuluil,28,0.074,486,
tshiluba,fut-,28,0.074,487,
tshiluba,-fut,28,0.074,488,
tshiluba,mabanz-,28,0.074,489,
tshiluba,kapingan-,28,0.074,490,
tshiluba,makuabo,28,0.074,491,
tshiluba,-kasekasekabo,28,0.074,492,
tshiluba,nkakadiundadiund-,28,0.074,493,
tshiluba,bunene,28,0.074,494,
tshiluba,kankenen-,28,0.074,495,
tshiluba,kuatshil-,28,0.074,496,
tshiluba,-kuatshil,28,0.074,497,
tshiluba,nzev-,28,0.074,498,
tshiluba,mib-,28,0.074,499,
tshiluba,kabikil-,28,0.074,500,
tshiluba,kandind-,28,0.074,501,
tshiluba,sama,28,0.074,502,
tshiluba,mapa,28,0.074,503,
tshiluba,wakasu-,28,0.074,504,
tshiluba,nguew-,28,0.074,505,
tshiluba,kabuleked-,28,0.074,506,
tshiluba,bidim-,28,0.074,507,
tshiluba,apit-,28,0.074,508,
tshiluba,-apit,28,0.074,509,
tshiluba,-ama,28,0.074,510,
tshiluba,kany-,28,0.074,511,
tshiluba,ntshint-,28,0.074,512,
tshiluba,nkant-,28,0.074,513,
tshiluba,nkufikish-,28,0.074,514,
tshiluba,bujit-,28,0.074,515,
tshiluba,kabukebakeb-,28,0.074,516,
tshiluba,nkabumonamon-,28,0.074,517,
tshiluba,ntshipapay-,28,0.074,518,
tshiluba,kas-,28,0.074,519,
tshiluba,biasuay-,28,0.074,520,
tshiluba,kanza,28,0.074,521,
tshiluba,kalu-,28,0.074,522,
tshiluba,kan-,28,0.074,523,
tshiluba,kitsidiy-,28,0.074,524,
tshiluba,wakafuish-,28,0.074,525,
tshiluba,mbayend-,28,0.074,526,
tshiluba,onj-,28,0.074,527,
tshiluba,-onj,28,0.074,528,
tshiluba,mbupit-,28,0.074,529,
