	meaning	txt_lug	langvar_uid_lug	txt_eng	langvar_uid_eng
0	36235887	Kiyira	lug-000	Nile	eng-000
1	30766268	obunene	lug-000	area	eng-000
3	32692643	obunene	lug-000	size	eng-000
4	36229630	Bulaya	lug-000	Europe	eng-000
10	32691970	ensiri	lug-000	mosquito	eng-000
11	20272490	-pya	lug-000	new	eng-000
12	19491375	butonde	lug-000	environment	eng-000
13	19491376	butonde	lug-000	nature	eng-000
14	19491962	kirevu	lug-000	beard	eng-000
15	19492499	kukunga	lug-000	campaign	eng-000
16	19493968	muntu	lug-000	human	eng-000
17	19493969	muntu	lug-000	person	eng-000
18	10166683	musulo	lug-000	dew	eng-000
19	19494043	musulo	lug-000	piss	eng-000
20	19494044	musulo	lug-000	urine	eng-000
21	19494588	takisi	lug-000	taxi	eng-000
22	30773582	takisi	lug-000	cab	eng-000
24	30773582	takisi	lug-000	taxicab	eng-000
26	19494651	viivi	lug-000	knee	eng-000
27	30765929	akabeenje	lug-000	accident	eng-000
29	30765935	eryanda	lug-000	battery	eng-000
32	30766043	obukulu	lug-000	age	eng-000
34	30766048	ekyaasa	lug-000	century	eng-000
36	30766049	endagaano	lug-000	agreement	eng-000
38	30766049	enzikiriziganya	lug-000	agreement	eng-000
40	30766059	ebyobulimi	lug-000	agriculture	eng-000
42	30766080	obudde	lug-000	weather	eng-000
43	30770448	obudde	lug-000	time	eng-000
46	30766092	ekisaawe kyʼennyonyi	lug-000	airport	eng-000
48	30766108	ekitamiiza	lug-000	alcohol	eng-000
49	30766108	ekitamiiza	lug-000	ethanol	eng-000
50	30766108	ekitamiiza	lug-000	ethyl alcohol	eng-000
51	30766108	ekitamiiza	lug-000	grain alcohol	eng-000
53	30766195	ensolo	lug-000	animal	eng-000
60	30766195	ekisolo	lug-000	animal	eng-000
63	32690542	ekisolo	lug-000	bear	eng-000
64	30766268	ekitundu	lug-000	area	eng-000
72	32691506	ekitundu	lug-000	half	eng-000
73	32692157	ekitundu	lug-000	part	eng-000
74	30766375	atategeera omusiru	lug-000	arse	eng-000
75	30766375	atategeera omusiru	lug-000	ass	eng-000
76	30766375	atategeera omusiru	lug-000	backside	eng-000
77	30766375	atategeera omusiru	lug-000	behind	eng-000
78	30766375	atategeera omusiru	lug-000	bottom	eng-000
79	30766375	atategeera omusiru	lug-000	bum	eng-000
80	30766375	atategeera omusiru	lug-000	buns	eng-000
81	30766375	atategeera omusiru	lug-000	butt	eng-000
82	30766375	atategeera omusiru	lug-000	buttocks	eng-000
83	30766375	atategeera omusiru	lug-000	can	eng-000
84	30766375	atategeera omusiru	lug-000	derriere	eng-000
85	30766375	atategeera omusiru	lug-000	fanny	eng-000
86	30766375	atategeera omusiru	lug-000	fundament	eng-000
87	30766375	atategeera omusiru	lug-000	hind end	eng-000
88	30766375	atategeera omusiru	lug-000	hindquarters	eng-000
90	30766375	atategeera omusiru	lug-000	nates	eng-000
92	30766375	atategeera omusiru	lug-000	prat	eng-000
93	30766375	atategeera omusiru	lug-000	rear	eng-000
94	30766375	atategeera omusiru	lug-000	rear end	eng-000
95	30766375	atategeera omusiru	lug-000	rump	eng-000
98	30766375	atategeera omusiru	lug-000	tail	eng-000
99	30766375	atategeera omusiru	lug-000	tail end	eng-000
100	30766375	atategeera omusiru	lug-000	tooshie	eng-000
101	30766375	atategeera omusiru	lug-000	tush	eng-000
103	30766375	akabina	lug-000	arse	eng-000
104	30766375	akabina	lug-000	ass	eng-000
105	30766375	akabina	lug-000	backside	eng-000
106	30766375	akabina	lug-000	behind	eng-000
107	30766375	akabina	lug-000	bottom	eng-000
108	30766375	akabina	lug-000	bum	eng-000
109	30766375	akabina	lug-000	buns	eng-000
110	30766375	akabina	lug-000	butt	eng-000
111	30766375	akabina	lug-000	buttocks	eng-000
112	30766375	akabina	lug-000	can	eng-000
113	30766375	akabina	lug-000	derriere	eng-000
114	30766375	akabina	lug-000	fanny	eng-000
115	30766375	akabina	lug-000	fundament	eng-000
116	30766375	akabina	lug-000	hind end	eng-000
117	30766375	akabina	lug-000	hindquarters	eng-000
119	30766375	akabina	lug-000	nates	eng-000
121	30766375	akabina	lug-000	prat	eng-000
122	30766375	akabina	lug-000	rear	eng-000
123	30766375	akabina	lug-000	rear end	eng-000
124	30766375	akabina	lug-000	rump	eng-000
127	30766375	akabina	lug-000	tail	eng-000
128	30766375	akabina	lug-000	tail end	eng-000
129	30766375	akabina	lug-000	tooshie	eng-000
130	30766375	akabina	lug-000	tush	eng-000
131	30783454	akabina	lug-000	buttock	eng-000
136	30766384	obusigo	lug-000	berry	eng-000
138	30766387	olubalama lw’enyanja	lug-000	beach	eng-000
140	30766394	ente	lug-000	cattle	eng-000
147	32690955	ente	lug-000	cow	eng-000
148	30766397	evvuvumira	lug-000	beetle	eng-000
150	30766420	eggaali	lug-000	bicycle	eng-000
151	30766420	eggaali	lug-000	bike	eng-000
152	30766420	eggaali	lug-000	cycle	eng-000
154	30766471	okwegema okuzaala	lug-000	birth control	eng-000
155	30766471	okwegema okuzaala	lug-000	contraception	eng-000
157	30766480	omusaayi	lug-000	blood	eng-000
161	30766492	okwesooka	lug-000	book	eng-000
163	32692435	okwesooka	lug-000	reserve	eng-000
164	30766507	ensalo	lug-000	border	eng-000
165	30766511	ensalo	lug-000	boundary	eng-000
170	30766538	ettofali	lug-000	brick	eng-000
172	30766540	okuyunga	lug-000	bridge	eng-000
177	32691710	okuyunga	lug-000	join	eng-000
178	30766564	okusunguwaza	lug-000	rile	eng-000
179	30766564	okusunguwaza	lug-000	annoy	eng-000
180	30766564	okusunguwaza	lug-000	bother	eng-000
181	30766564	okusunguwaza	lug-000	bug	eng-000
182	30766564	okusunguwaza	lug-000	chafe	eng-000
183	30766564	okusunguwaza	lug-000	devil	eng-000
184	30766564	okusunguwaza	lug-000	get at	eng-000
185	30766564	okusunguwaza	lug-000	get to	eng-000
186	30766564	okusunguwaza	lug-000	gravel	eng-000
187	30766564	okusunguwaza	lug-000	irritate	eng-000
188	30766564	okusunguwaza	lug-000	nark	eng-000
189	30766564	okusunguwaza	lug-000	nettle	eng-000
190	30766564	okusunguwaza	lug-000	rag	eng-000
191	30766564	okusunguwaza	lug-000	vex	eng-000
192	32690439	okusunguwaza	lug-000	anger	eng-000
194	30766564	okunyiiza	lug-000	rile	eng-000
195	30766564	okunyiiza	lug-000	annoy	eng-000
196	30766564	okunyiiza	lug-000	bother	eng-000
197	30766564	okunyiiza	lug-000	bug	eng-000
198	30766564	okunyiiza	lug-000	chafe	eng-000
199	30766564	okunyiiza	lug-000	devil	eng-000
200	30766564	okunyiiza	lug-000	get at	eng-000
201	30766564	okunyiiza	lug-000	get to	eng-000
202	30766564	okunyiiza	lug-000	gravel	eng-000
203	30766564	okunyiiza	lug-000	irritate	eng-000
204	30766564	okunyiiza	lug-000	nark	eng-000
205	30766564	okunyiiza	lug-000	nettle	eng-000
206	30766564	okunyiiza	lug-000	rag	eng-000
207	30766564	okunyiiza	lug-000	vex	eng-000
208	30780149	okunyiiza	lug-000	upset	eng-000
210	32690439	okunyiiza	lug-000	anger	eng-000
214	30766564	okuteganya	lug-000	rile	eng-000
215	30766564	okuteganya	lug-000	annoy	eng-000
216	30766564	okuteganya	lug-000	bother	eng-000
217	30766564	okuteganya	lug-000	bug	eng-000
218	30766564	okuteganya	lug-000	chafe	eng-000
219	30766564	okuteganya	lug-000	devil	eng-000
220	30766564	okuteganya	lug-000	get at	eng-000
221	30766564	okuteganya	lug-000	get to	eng-000
222	30766564	okuteganya	lug-000	gravel	eng-000
223	30766564	okuteganya	lug-000	irritate	eng-000
224	30766564	okuteganya	lug-000	nark	eng-000
225	30766564	okuteganya	lug-000	nettle	eng-000
226	30766564	okuteganya	lug-000	rag	eng-000
227	30766564	okuteganya	lug-000	vex	eng-000
229	30766564	okubuguutanya	lug-000	rile	eng-000
230	30766564	okubuguutanya	lug-000	annoy	eng-000
231	30766564	okubuguutanya	lug-000	bother	eng-000
232	30766564	okubuguutanya	lug-000	bug	eng-000
233	30766564	okubuguutanya	lug-000	chafe	eng-000
234	30766564	okubuguutanya	lug-000	devil	eng-000
235	30766564	okubuguutanya	lug-000	get at	eng-000
236	30766564	okubuguutanya	lug-000	get to	eng-000
237	30766564	okubuguutanya	lug-000	gravel	eng-000
238	30766564	okubuguutanya	lug-000	irritate	eng-000
239	30766564	okubuguutanya	lug-000	nark	eng-000
240	30766564	okubuguutanya	lug-000	nettle	eng-000
241	30766564	okubuguutanya	lug-000	rag	eng-000
242	30766564	okubuguutanya	lug-000	vex	eng-000
244	30766565	ekigalanga	lug-000	bug	eng-000
246	30766569	ekizimbe	lug-000	building	eng-000
247	30776016	ekizimbe	lug-000	build	eng-000
250	30766569	okuzimba	lug-000	building	eng-000
257	32692852	okuzimba	lug-000	swell	eng-000
258	30766591	okusubula	lug-000	business	eng-000
260	30766601	ekiwojjolo	lug-000	lepidopteran	eng-000
262	32690707	ekiwojjolo	lug-000	butterfly	eng-000
263	30766638	emmotoka	lug-000	automobile	eng-000
264	30766638	emmotoka	lug-000	car	eng-000
271	30774007	omupiira	lug-000	ball	eng-000
276	32691336	omupiira	lug-000	football	eng-000
277	32692684	omupiira	lug-000	soccer	eng-000
284	30770462	okukoowa	lug-000	toad	eng-000
285	30775270	okukoowa	lug-000	aweary	eng-000
286	30775270	okukoowa	lug-000	tired	eng-000
287	30775270	okukoowa	lug-000	weary	eng-000
290	30766743	omulenzi	lug-000	boy	eng-000
292	30766747	omudumu	lug-000	chimney	eng-000
294	30766771	ekanisa	lug-000	church	eng-000
295	30766771	ekanisa	lug-000	church-building	eng-000
297	30766771	ekeleziya	lug-000	church	eng-000
298	30766771	ekeleziya	lug-000	church-building	eng-000
300	30766775	ekyaalo	lug-000	village	eng-000
302	30766790	ebbumba	lug-000	clay	eng-000
306	30766801	embeera y’obudde	lug-000	climate	eng-000
308	30766817	engoye	lug-000	clothes	eng-000
309	30766817	engoye	lug-000	clothing	eng-000
310	30766817	engoye	lug-000	thing	eng-000
311	30766817	engoye	lug-000	things	eng-000
313	30766822	ekire	lug-000	cloud	eng-000
317	30767010	omuguzi	lug-000	buyer	eng-000
318	30774119	omuguzi	lug-000	client	eng-000
320	30774119	omuguzi	lug-000	patron	eng-000
324	30767022	akalipagano kʼebidduka	lug-000	snarl-up	eng-000
327	30767022	akalipagano kʼebidduka	lug-000	traffic jam	eng-000
329	30767096	obugunjufu	lug-000	civilisation	eng-000
330	30767096	obugunjufu	lug-000	civilization	eng-000
332	30767110	omuyaga ogwamanyi	lug-000	tornado	eng-000
334	30767391	okusimuula	lug-000	wipe	eng-000
336	30767391	okwesimuula	lug-000	wipe	eng-000
338	30767417	obusenge	lug-000	apartment	eng-000
341	30767421	ekisaakaate	lug-000	wall	eng-000
343	30767421	ekisenge	lug-000	wall	eng-000
346	32692479	ekisenge	lug-000	room	eng-000
348	30767421	ekikomera	lug-000	wall	eng-000
350	30767501	ekinege	lug-000	ball	eng-000
351	30767501	ekinege	lug-000	ballock	eng-000
352	30767501	ekinege	lug-000	bollock	eng-000
353	30767501	ekinege	lug-000	nut	eng-000
354	30767501	ekinege	lug-000	orchis	eng-000
359	30767747	ekitambaala	lug-000	cloth	eng-000
361	30767788	olutobazzi	lug-000	swamp	eng-000
367	30767961	ekisaaganda	lug-000	bunch	eng-000
369	30767962	olubaawo	lug-000	timber	eng-000
372	32693206	olubaawo	lug-000	wood	eng-000
373	30768013	ekinuuna	lug-000	sponge	eng-000
375	30768013	ekyangwe	lug-000	sponge	eng-000
379	30768039	ekyomunsiko	lug-000	wild	eng-000
381	30768111	omukira	lug-000	tail	eng-000
387	30768116	esweeta	lug-000	jersey	eng-000
388	30768116	esweeta	lug-000	pullover	eng-000
389	30768116	esweeta	lug-000	sweater	eng-000
391	30768154	ebirime	lug-000	vegetable	eng-000
393	30768163	obukazi	lug-000	vagina	eng-000
394	32692317	obukazi	lug-000	private parts	eng-000
396	30768200	okutambula	lug-000	walk	eng-000
397	30770527	okutambula	lug-000	travel	eng-000
399	32691323	okutambula	lug-000	flow	eng-000
400	32691884	okutambula	lug-000	march	eng-000
403	30768206	obugagga	lug-000	wealth	eng-000
404	30768206	obugagga	lug-000	well-being	eng-000
405	32692457	obugagga	lug-000	riches	eng-000
410	32691714	olugendo	lug-000	journey	eng-000
411	32692870	olugendo	lug-000	tale	eng-000
412	32693017	olugendo	lug-000	trip	eng-000
416	30768438	omutuuze	lug-000	citizen	eng-000
418	30768470	enkizo	lug-000	advantage	eng-000
420	32692317	enkizo	lug-000	private parts	eng-000
423	30768557	ekkatala	lug-000	task	eng-000
425	30768648	evinnyo	lug-000	wine	eng-000
427	30768667	omusolo	lug-000	tax	eng-000
429	30768693	ekitukuvu	lug-000	bright	eng-000
430	30768693	ekitukuvu	lug-000	pale	eng-000
432	30768697	omusubaawa	lug-000	candle	eng-000
437	30768737	ebisasiro	lug-000	refuse	eng-000
438	30768737	ebisasiro	lug-000	rubbish	eng-000
444	30769074	edoboozi	lug-000	sound	eng-000
445	30778199	edoboozi	lug-000	aloud	eng-000
448	30769439	obusagwa	lug-000	venom	eng-000
450	30769520	enyongeza	lug-000	bonus	eng-000
452	30769542	okunyiga	lug-000	squeeze	eng-000
454	32690846	okunyiga	lug-000	click	eng-000
455	32692306	okunyiga	lug-000	press	eng-000
457	30769651	okugula	lug-000	buy	eng-000
458	30769651	okugula	lug-000	purchase	eng-000
460	32692608	okugula	lug-000	shop	eng-000
461	30769840	okussa omukka	lug-000	breathe	eng-000
463	30769876	obutabaawo	lug-000	absent	eng-000
464	30769876	obutabaawo	lug-000	away	eng-000
465	30769876	obutabaawo	lug-000	gone	eng-000
467	30769883	akubagano	lug-000	traffic	eng-000
469	30770040	eryaato	lug-000	boat	eng-000
471	30770054	okuwerekera	lug-000	accompany	eng-000
472	30770054	okuwerekera	lug-000	escort	eng-000
473	30770054	okuwerekera	lug-000	show	eng-000
474	30770054	okuwerekera	lug-000	usher	eng-000
477	30770058	ekisaka	lug-000	bush	eng-000
478	30770058	ekisaka	lug-000	shrub	eng-000
484	30770058	ensiko	lug-000	bush	eng-000
485	30770058	ensiko	lug-000	shrub	eng-000
490	30770109	omunwe gwa sigala	lug-000	cigarette	eng-000
491	30770109	omunwe gwa sigala	lug-000	smoke	eng-000
492	30770200	eddoboozi	lug-000	voice	eng-000
497	30770229	okuvuga endiima	lug-000	speed	eng-000
498	30770229	okuvuga endiima	lug-000	velocity	eng-000
500	30770229	endiima	lug-000	speed	eng-000
501	30770229	endiima	lug-000	velocity	eng-000
503	30770241	okwutolola	lug-000	flip	eng-000
504	30770241	okwutolola	lug-000	gyrate	eng-000
505	30770241	okwutolola	lug-000	rotate	eng-000
506	30770241	okwutolola	lug-000	spin	eng-000
507	30770241	okwutolola	lug-000	turn	eng-000
509	30770285	ekiwato	lug-000	waist	eng-000
512	30770305	ejjinja	lug-000	pebble	eng-000
516	32692474	ejjinja	lug-000	rock	eng-000
519	30770310	enkuba eya kibuyaga	lug-000	tempest	eng-000
520	30770317	okufumba	lug-000	bake	eng-000
523	32690929	okufumba	lug-000	cook	eng-000
524	30770351	ekiwoomereza	lug-000	sugar	eng-000
526	30770408	ebyʼempuliziganya	lug-000	telecommunication	eng-000
527	30770408	ebyʼempuliziganya	lug-000	telecommunications	eng-000
529	30770448	ekiseera	lug-000	time	eng-000
533	30770448	ebanga	lug-000	time	eng-000
535	30770470	olugendo kugayanja	lug-000	travel	eng-000
536	32693118	olugendo kugayanja	lug-000	voyage	eng-000
537	30770527	okusiyagguka	lug-000	travel	eng-000
539	32693012	okusiyagguka	lug-000	trek	eng-000
540	30770527	okutindigga	lug-000	travel	eng-000
542	30770549	ekizimba	lug-000	neoplasm	eng-000
546	30770573	ekubo eriyita wansi	lug-000	subway	eng-000
547	30770573	ekubo eriyita wansi	lug-000	underground	eng-000
548	30770573	ekubo eriyita wansi	lug-000	underground railway	eng-000
549	30770601	ekiwonvu	lug-000	dale	eng-000
550	30770601	ekiwonvu	lug-000	valley	eng-000
552	30770601	ekikko	lug-000	dale	eng-000
553	30770601	ekikko	lug-000	valley	eng-000
555	30770620	olutambi	lug-000	video	eng-000
558	30770636	olusozi oluwanda omuliro	lug-000	volcano	eng-000
559	30770678	ekiyiriro	lug-000	waterfall	eng-000
563	30770695	okufuyisa	lug-000	make	eng-000
564	30770695	okufuyisa	lug-000	micturate	eng-000
565	30770695	okufuyisa	lug-000	pee	eng-000
566	30770695	okufuyisa	lug-000	piss	eng-000
567	30770695	okufuyisa	lug-000	tinkle	eng-000
568	30770695	okufuyisa	lug-000	urinate	eng-000
569	30770695	okufuyisa	lug-000	wee	eng-000
571	30770714	okuzitowa	lug-000	weight	eng-000
573	30770728	ekyenyanja ekisinga obunene	lug-000	whale	eng-000
574	30770735	empewo	lug-000	wind	eng-000
577	30770744	akakazi	lug-000	female	eng-000
578	30770744	akakazi	lug-000	woman	eng-000
580	30770745	omukyaala	lug-000	spouse	eng-000
581	30770745	omukyaala	lug-000	wife	eng-000
582	32691762	omukyaala	lug-000	lady	eng-000
584	30770760	ensi	lug-000	world	eng-000
588	32690947	ensi	lug-000	country	eng-000
589	32691148	ensi	lug-000	earth	eng-000
590	32691428	ensi	lug-000	globe	eng-000
591	32692245	ensi	lug-000	planet	eng-000
593	30770783	ebinnyonyi	lug-000	menagerie	eng-000
594	30770783	ebinnyonyi	lug-000	zoo	eng-000
595	30770783	ebinnyonyi	lug-000	zoological garden	eng-000
596	30770783	ebinnyonyi	lug-000	zoological park	eng-000
598	30770783	ekifo awaterekebwa ebisolo	lug-000	menagerie	eng-000
599	30770783	ekifo awaterekebwa ebisolo	lug-000	zoo	eng-000
600	30770783	ekifo awaterekebwa ebisolo	lug-000	zoological garden	eng-000
601	30770783	ekifo awaterekebwa ebisolo	lug-000	zoological park	eng-000
602	30770829	olukonko	lug-000	canon	eng-000
603	30770829	olukonko	lug-000	canyon	eng-000
606	32691396	olukonko	lug-000	gap	eng-000
607	32692389	olukonko	lug-000	ravine	eng-000
608	32693034	olukonko	lug-000	tunnel	eng-000
609	30770830	omumiro	lug-000	throat	eng-000
615	30770830	obulago	lug-000	throat	eng-000
617	30770834	omwoleso gwobukodyo	lug-000	circus	eng-000
619	30770904	ekikologo	lug-000	yoke	eng-000
621	30770920	abawuliriza	lug-000	audience	eng-000
623	30771169	akakodyo	lug-000	technique	eng-000
625	30771189	okwogera	lug-000	speak	eng-000
626	30771189	okwogera	lug-000	talk	eng-000
629	30771213	akasaanikira	lug-000	bottle cap	eng-000
631	30771306	esitoowa	lug-000	warehouse	eng-000
633	30771306	ekyaagi	lug-000	warehouse	eng-000
634	32692630	ekyaagi	lug-000	silo	eng-000
637	30771323	ennyama yʼente	lug-000	beef	eng-000
639	30771504	omugole omukazi	lug-000	bride	eng-000
641	30771504	omugole	lug-000	bride	eng-000
643	30771505	ekinene	lug-000	big	eng-000
644	30771505	ekinene	lug-000	large	eng-000
646	32691470	ekinene	lug-000	great	eng-000
647	32691598	ekinene	lug-000	huge	eng-000
649	30771510	omuwanvu	lug-000	tall	eng-000
651	30771620	olusiringanyi	lug-000	worm	eng-000
653	30771651	omwaaka	lug-000	solar year	eng-000
654	30771651	omwaaka	lug-000	year	eng-000
656	30771680	ekibuguma	lug-000	hot	eng-000
657	32693134	ekibuguma	lug-000	warm	eng-000
658	30771715	ekituufu	lug-000	so	eng-000
659	30771715	ekituufu	lug-000	true	eng-000
660	32690386	ekituufu	lug-000	actual	eng-000
661	32691237	ekituufu	lug-000	fact	eng-000
662	32692395	ekituufu	lug-000	real	eng-000
664	30771727	aaa	lug-000	nay	eng-000
665	30771727	aaa	lug-000	no	eng-000
666	30771727	aaa	lug-000	nope	eng-000
667	30771739	ekigazi	lug-000	broad	eng-000
668	30771739	ekigazi	lug-000	spacious	eng-000
669	30771739	ekigazi	lug-000	wide	eng-000
671	30771748	ekirala	lug-000	another	eng-000
673	30771785	olubuto	lug-000	abdomen	eng-000
674	30771785	olubuto	lug-000	belly	eng-000
676	30771785	olubuto	lug-000	venter	eng-000
682	32692297	olubuto	lug-000	pregnancy	eng-000
684	30771809	ekiwawatiro	lug-000	wing	eng-000
686	30771816	enjaga yʼebiragala	lug-000	cocaine	eng-000
688	30771914	ekindaazi	lug-000	cake	eng-000
690	30771964	omugole omusajja	lug-000	bridegroom	eng-000
691	30771964	omugole omusajja	lug-000	groom	eng-000
693	30772003	ekitone	lug-000	endowment	eng-000
694	30772003	ekitone	lug-000	gift	eng-000
696	32692871	ekitone	lug-000	talent	eng-000
697	30772027	okusesema	lug-000	Ralph	eng-000
698	30772027	okusesema	lug-000	barf	eng-000
699	30772027	okusesema	lug-000	chuck	eng-000
700	30772027	okusesema	lug-000	chunder	eng-000
701	30772027	okusesema	lug-000	disgorge	eng-000
702	30772027	okusesema	lug-000	hurl	eng-000
703	30772027	okusesema	lug-000	puke	eng-000
704	30772027	okusesema	lug-000	regurgitate	eng-000
705	30772027	okusesema	lug-000	retch	eng-000
706	30772027	okusesema	lug-000	throw up	eng-000
707	30772027	okusesema	lug-000	toss one’s cookies	eng-000
708	30772027	okusesema	lug-000	upchuck	eng-000
709	30772027	okusesema	lug-000	vomit	eng-000
710	30772027	okusesema	lug-000	yak	eng-000
714	30772057	enjala z’ebisolo	lug-000	claw	eng-000
716	30772063	okusawuka	lug-000	throw	eng-000
721	30772063	okukasuka	lug-000	throw	eng-000
722	32691609	okukasuka	lug-000	hurl	eng-000
723	32692664	okukasuka	lug-000	sling	eng-000
725	30772063	okukanyuga	lug-000	throw	eng-000
727	32691609	okukanyuga	lug-000	hurl	eng-000
729	30772091	okujjako	lug-000	beside	eng-000
730	30772091	okujjako	lug-000	by	eng-000
731	30772091	okujjako	lug-000	next to	eng-000
733	30772092	okubawo	lug-000	about	eng-000
734	30772092	okubawo	lug-000	around	eng-000
736	30772121	emabega	lug-000	after	eng-000
737	30772121	emabega	lug-000	behind	eng-000
738	32690500	emabega	lug-000	back	eng-000
740	32692396	emabega	lug-000	rear	eng-000
741	30772126	ekibi	lug-000	bad	eng-000
743	32691208	ekibi	lug-000	evil	eng-000
744	30772131	ekkifu	lug-000	erroneous	eng-000
745	30772131	ekkifu	lug-000	wrong	eng-000
747	30772139	ekinabilo	lug-000	bath	eng-000
748	30772139	ekinabilo	lug-000	bathing tub	eng-000
749	30772139	ekinabilo	lug-000	bathtub	eng-000
750	30772139	ekinabilo	lug-000	tub	eng-000
752	30772139	ogubaafu	lug-000	bath	eng-000
753	30772139	ogubaafu	lug-000	bathing tub	eng-000
754	30772139	ogubaafu	lug-000	bathtub	eng-000
755	30772139	ogubaafu	lug-000	tub	eng-000
757	30772146	ekinaabiro	lug-000	bath	eng-000
758	30772146	ekinaabiro	lug-000	bathroom	eng-000
761	30772256	okusaba	lug-000	ask	eng-000
764	32690454	okusaba	lug-000	appeal	eng-000
766	32692292	okusaba	lug-000	pray	eng-000
767	32692293	okusaba	lug-000	prayer	eng-000
768	30772256	okubuuza	lug-000	ask	eng-000
771	30772346	okuwooyawooya	lug-000	assuage	eng-000
772	30772346	okuwooyawooya	lug-000	pacify	eng-000
773	30772346	okuwooyawooya	lug-000	soothe	eng-000
775	30772383	ekibisi	lug-000	soaked	eng-000
776	30772383	ekibisi	lug-000	wet	eng-000
777	32692390	ekibisi	lug-000	raw	eng-000
779	30772383	okutobya	lug-000	soaked	eng-000
780	30772383	okutobya	lug-000	wet	eng-000
782	30772383	okubisiwaza	lug-000	soaked	eng-000
783	30772383	okubisiwaza	lug-000	wet	eng-000
785	30772419	ecupa	lug-000	bottle	eng-000
787	30772427	ekisenge ekisulwaamu	lug-000	bedchamber	eng-000
788	30772427	ekisenge ekisulwaamu	lug-000	bedroom	eng-000
789	30772427	ekisenge ekisulwaamu	lug-000	chamber	eng-000
790	30772427	ekisenge ekisulwaamu	lug-000	sleeping room	eng-000
792	30772450	ebyobuggagga	lug-000	jewel	eng-000
793	30772450	ebyobuggagga	lug-000	treasure	eng-000
795	30772514	ekyeeru	lug-000	white	eng-000
797	30772555	ebiseera by’ebugumu	lug-000	summer	eng-000
799	30772557	omusana	lug-000	Sun	eng-000
800	30772557	omusana	lug-000	sun	eng-000
803	32692245	emunyeenye	lug-000	planet	eng-000
805	30772619	okwabuluza	lug-000	divide	eng-000
806	30772619	okwabuluza	lug-000	separate	eng-000
807	30772619	okwabuluza	lug-000	split	eng-000
808	30772619	okwabuluza	lug-000	split up	eng-000
810	30772642	okuzaala	lug-000	birth	eng-000
811	30772642	okuzaala	lug-000	childbirth	eng-000
812	30772642	okuzaala	lug-000	parturition	eng-000
821	32691028	okuzaala	lug-000	deliver	eng-000
822	30772667	omuwereeza	lug-000	waiter	eng-000
824	30772667	omusumaami	lug-000	waiter	eng-000
826	30772668	omuwuulu	lug-000	bachelor	eng-000
828	30772670	amazaribwa	lug-000	birthday	eng-000
830	30772678	omugati	lug-000	bread	eng-000
832	32691826	omugati	lug-000	loaf	eng-000
833	30772699	akayu	lug-000	can	eng-000
834	30772699	akayu	lug-000	lavatory	eng-000
835	30772699	akayu	lug-000	loo	eng-000
836	30772699	akayu	lug-000	toilet	eng-000
838	30772699	awakyaamirwa	lug-000	can	eng-000
839	30772699	awakyaamirwa	lug-000	lavatory	eng-000
840	30772699	awakyaamirwa	lug-000	loo	eng-000
841	30772699	awakyaamirwa	lug-000	toilet	eng-000
843	30772712	eyeggulo	lug-000	dinner	eng-000
844	30772712	eyeggulo	lug-000	evening meal	eng-000
845	30772712	eyeggulo	lug-000	supper	eng-000
846	30772712	eyeggulo	lug-000	tea	eng-000
852	30772746	omukisa	lug-000	chance	eng-000
853	30772746	omukisa	lug-000	opportunity	eng-000
854	30772746	omukisa	lug-000	possibility	eng-000
856	32691354	omukisa	lug-000	fortune	eng-000
857	32691849	omukisa	lug-000	luck	eng-000
859	30772761	ekiselakyona	lug-000	always	eng-000
861	30772761	ekiselakyona	lug-000	continually	eng-000
862	30772761	ekiselakyona	lug-000	perpetually	eng-000
864	30772774	ekijiiko	lug-000	spoon	eng-000
866	30772776	essimu	lug-000	phone	eng-000
867	30772776	essimu	lug-000	telephone	eng-000
868	32690723	essimu	lug-000	call	eng-000
875	30772798	akasimu	lug-000	cell phone	eng-000
877	30772798	akasimu	lug-000	mobile telephone	eng-000
882	32692026	akasimu	lug-000	nerve	eng-000
883	30772822	okukogga	lug-000	thin	eng-000
885	30772824	akagere	lug-000	toe	eng-000
888	30772851	eggumba	lug-000	bone	eng-000
894	30772939	okwefananyiriza	lug-000	belong	eng-000
896	30773013	okulowooza	lug-000	contemplate	eng-000
897	30773013	okulowooza	lug-000	ponder	eng-000
898	30773013	okulowooza	lug-000	reflect	eng-000
899	30773013	okulowooza	lug-000	think	eng-000
901	30773047	okunuuma	lug-000	suck	eng-000
903	30773056	okukaayana	lug-000	argue	eng-000
904	30773056	okukaayana	lug-000	fight	eng-000
905	30773056	okukaayana	lug-000	quarrel	eng-000
907	30773056	okuwakana	lug-000	argue	eng-000
908	30773056	okuwakana	lug-000	fight	eng-000
909	30773056	okuwakana	lug-000	quarrel	eng-000
911	30773056	okujojolikana	lug-000	argue	eng-000
912	30773056	okujojolikana	lug-000	fight	eng-000
913	30773056	okujojolikana	lug-000	quarrel	eng-000
915	32690904	okujojolikana	lug-000	conflict	eng-000
917	30773094	okujja	lug-000	burn	eng-000
920	32690880	okujja	lug-000	come	eng-000
921	30773094	okwokya	lug-000	burn	eng-000
926	32691912	okwokya	lug-000	melt	eng-000
927	30773161	okuwuga	lug-000	swim	eng-000
933	30773183	okufuuka	lug-000	become	eng-000
934	30773183	okufuuka	lug-000	turn	eng-000
936	30773260	kw’oza	lug-000	wash	eng-000
938	30773268	okusikiriza	lug-000	attract	eng-000
939	30773268	okusikiriza	lug-000	draw	eng-000
940	30773268	okusikiriza	lug-000	draw in	eng-000
941	30773268	okusikiriza	lug-000	pull	eng-000
943	30773282	okutegeeza	lug-000	say	eng-000
944	30773282	okutegeeza	lug-000	tell	eng-000
945	32691652	okutegeeza	lug-000	inform	eng-000
947	30773282	okubuulira	lug-000	say	eng-000
948	30773282	okubuulira	lug-000	tell	eng-000
949	32691652	okubuulira	lug-000	inform	eng-000
951	30773339	omuwalabu	lug-000	Arab	eng-000
953	30773418	enkulungo	lug-000	circle	eng-000
959	32692094	enkulungo	lug-000	orbit	eng-000
960	32692486	enkulungo	lug-000	roundabout	eng-000
961	30773463	okuleeta	lug-000	bring	eng-000
962	30773463	okuleeta	lug-000	convey	eng-000
963	30773463	okuleeta	lug-000	take	eng-000
965	30773537	ekintu ekimu	lug-000	something	eng-000
967	30773565	effumu	lug-000	pike	eng-000
968	30773565	effumu	lug-000	spear	eng-000
974	30773609	okubwatuka	lug-000	thunder	eng-000
975	32690959	okubwatuka	lug-000	cracker	eng-000
977	30773736	ekisaanidde	lug-000	appropriate	eng-000
978	30773736	ekisaanidde	lug-000	fit	eng-000
979	30773736	ekisaanidde	lug-000	suitable	eng-000
981	30773820	okutwala	lug-000	take	eng-000
985	30773847	okulanga	lug-000	advertise	eng-000
986	30774969	okulanga	lug-000	announce	eng-000
987	30774969	okulanga	lug-000	enunciate	eng-000
988	30774969	okulanga	lug-000	exclaim	eng-000
989	30774969	okulanga	lug-000	proclaim	eng-000
990	30774969	okulanga	lug-000	promulgate	eng-000
995	30773900	omwooyo	lug-000	soul	eng-000
997	30773900	emmeeme	lug-000	soul	eng-000
999	30773934	akalevu	lug-000	chin	eng-000
1000	30773934	akalevu	lug-000	mentum	eng-000
1003	30774003	ebbakuli	lug-000	bowl	eng-000
1005	30774020	ekyʼembagirawo	lug-000	abrupt	eng-000
1006	30774020	ekyʼembagirawo	lug-000	precipitous	eng-000
1007	30774020	ekyʼembagirawo	lug-000	sudden	eng-000
1009	30774022	ekiso	lug-000	sword	eng-000
1016	32691260	okutegeera	lug-000	fathom	eng-000
1017	32692196	okutegeera	lug-000	perceive	eng-000
1021	30774042	olusegere	lug-000	vicinity	eng-000
1023	30774059	okubusabusa	lug-000	bounce	eng-000
1024	30774059	okubusabusa	lug-000	bound	eng-000
1025	30774059	okubusabusa	lug-000	rebound	eng-000
1026	30774059	okubusabusa	lug-000	recoil	eng-000
1027	30774059	okubusabusa	lug-000	resile	eng-000
1028	30774059	okubusabusa	lug-000	reverberate	eng-000
1029	30774059	okubusabusa	lug-000	ricochet	eng-000
1030	30774059	okubusabusa	lug-000	spring	eng-000
1032	32691111	okubusabusa	lug-000	doubt	eng-000
1033	32691559	okubusabusa	lug-000	hesitate	eng-000
1034	30774088	ebiseera ebimu	lug-000	sometimes	eng-000
1036	30774102	okwewala	lug-000	avoid	eng-000
1038	30774126	awamu	lug-000	together	eng-000
1039	30774126	awamu	lug-000	with each other	eng-000
1041	30774135	okutandiika	lug-000	begin	eng-000
1044	30774142	okufananya	lug-000	alike	eng-000
1045	30774142	okufananya	lug-000	identical	eng-000
1046	30774142	okufananya	lug-000	same	eng-000
1047	30774142	okufananya	lug-000	similar	eng-000
1049	30774147	omannyo oguzanyibwa nakapiira	lug-000	tennis	eng-000
1050	30774160	amagye	lug-000	army	eng-000
1051	30774160	amagye	lug-000	legion	eng-000
1053	30774216	obwomu	lug-000	alone	eng-000
1056	32691831	obwomu	lug-000	lonely	eng-000
1057	30774290	obwongo	lug-000	brain	eng-000
1064	30774314	okusinziira ku	lug-000	according	eng-000
1065	30774314	okusinziira ku	lug-000	according to	eng-000
1067	30774330	okulaaza	lug-000	wait	eng-000
1069	30774330	okulinda	lug-000	wait	eng-000
1071	30774331	okulindirira	lug-000	anticipate	eng-000
1072	30774331	okulindirira	lug-000	await	eng-000
1073	30774331	okulindirira	lug-000	expect	eng-000
1074	30774331	okulindirira	lug-000	look	eng-000
1075	30774331	okulindirira	lug-000	wait	eng-000
1077	30774370	Bukiikaddyo	lug-000	south	eng-000
1078	32690358	Bukiikaddyo	lug-000	South	eng-000
1079	30774370	amaserengeta	lug-000	south	eng-000
1080	32690358	amaserengeta	lug-000	South	eng-000
1081	30774376	emeeza	lug-000	table	eng-000
1085	30774391	ekigambo	lug-000	word	eng-000
1088	30774394	ekyabulijjo	lug-000	useful	eng-000
1089	32692049	ekyabulijjo	lug-000	normal	eng-000
1091	30774394	ekyʼomugaso	lug-000	useful	eng-000
1093	30774408	okuzuukuka	lug-000	arouse	eng-000
1094	30774408	okuzuukuka	lug-000	awake	eng-000
1095	30774408	okuzuukuka	lug-000	awaken	eng-000
1096	30774408	okuzuukuka	lug-000	rouse	eng-000
1097	30774408	okuzuukuka	lug-000	wake	eng-000
1098	30774408	okuzuukuka	lug-000	wake up	eng-000
1099	30774408	okuzuukuka	lug-000	waken	eng-000
1102	30774506	woteeri	lug-000	cafe	eng-000
1103	30774506	woteeri	lug-000	cafeteria	eng-000
1104	30774506	woteeri	lug-000	caff	eng-000
1105	30774506	woteeri	lug-000	coffee house	eng-000
1106	30774506	woteeri	lug-000	coffee shop	eng-000
1107	30774506	woteeri	lug-000	teashop	eng-000
1109	30774528	ekibiina	lug-000	classroom	eng-000
1110	32690478	ekibiina	lug-000	association	eng-000
1111	32690839	ekibiina	lug-000	class	eng-000
1113	30774529	ekiti	lug-000	category	eng-000
1115	32691830	ekiti	lug-000	log	eng-000
1116	30774574	okuwuniikiriza	lug-000	amaze	eng-000
1117	30774574	okuwuniikiriza	lug-000	bewilder	eng-000
1118	30774574	okuwuniikiriza	lug-000	marvel	eng-000
1119	30774574	okuwuniikiriza	lug-000	wonder	eng-000
1121	30774696	amazima	lug-000	truth	eng-000
1123	32691580	amazima	lug-000	honest	eng-000
1125	30774737	ekyuma ekifumba emigati	lug-000	toast	eng-000
1126	30774805	okulongoosa	lug-000	operation	eng-000
1127	30774805	okulongoosa	lug-000	surgery	eng-000
1129	30774824	omuzibe	lug-000	blind	eng-000
1131	30774840	obuli bw’enguzi	lug-000	bribery	eng-000
1133	30774842	owʼamazima	lug-000	truthful	eng-000
1135	30774868	amatala agokukubo	lug-000	robot	eng-000
1136	30774868	amatala agokukubo	lug-000	semaphore	eng-000
1138	30774868	amatala agokukubo	lug-000	traffic light	eng-000
1139	30774868	amatala agokukubo	lug-000	traffic signal	eng-000
1141	30774903	ekitategeerekeka	lug-000	ambiguous	eng-000
1143	30774928	omuzizo	lug-000	taboo	eng-000
1145	30774938	eddogo	lug-000	witchcraft	eng-000
1147	30774984	okuwandiika	lug-000	write	eng-000
1150	32692402	okuwandiika	lug-000	record	eng-000
1152	30775061	oluvannyuma	lug-000	after	eng-000
1154	30775061	okuddirira	lug-000	after	eng-000
1158	30775089	omwezi ogwokuna	lug-000	April	eng-000
1160	30775093	omwezi ogw’omunaana	lug-000	August	eng-000
1162	30775093	Augusto	lug-000	August	eng-000
1164	30775093	Muwakanya	lug-000	August	eng-000
1166	30775183	okusemberera	lug-000	toward	eng-000
1167	30775183	okusemberera	lug-000	towards	eng-000
1168	32692014	okusemberera	lug-000	near	eng-000
1170	30775229	okulonda	lug-000	choose	eng-000
1171	30775229	okulonda	lug-000	pick out	eng-000
1172	30775229	okulonda	lug-000	select	eng-000
1173	30775229	okulonda	lug-000	take	eng-000
1176	32691163	okulonda	lug-000	elect	eng-000
1177	32693116	okulonda	lug-000	vote	eng-000
1178	30775243	ettuntu	lug-000	afternoon	eng-000
1181	30775377	okukaaba	lug-000	cry	eng-000
1182	30775377	okukaaba	lug-000	weep	eng-000
1185	30775391	amadinda	lug-000	marimba	eng-000
1186	30775391	amadinda	lug-000	xylophone	eng-000
1188	30775431	obuwanguzi	lug-000	success	eng-000
1190	30775450	engalo ensajja	lug-000	thumb	eng-000
1192	30775480	okuwangula	lug-000	win	eng-000
1193	32691542	okuwangula	lug-000	health	eng-000
1195	30775532	okugumira	lug-000	bear	eng-000
1196	30775532	okugumira	lug-000	tolerate	eng-000
1197	32692202	okugumira	lug-000	persevere	eng-000
1199	30775532	okugumikiriza	lug-000	bear	eng-000
1200	30775532	okugumikiriza	lug-000	tolerate	eng-000
1201	32692173	okugumikiriza	lug-000	patient	eng-000
1203	30775603	omumwa gwekinyonyi	lug-000	beak	eng-000
1204	30775603	omumwa gwekinyonyi	lug-000	bill	eng-000
1205	30775603	omumwa gwekinyonyi	lug-000	neb	eng-000
1208	30775630	omugugu	lug-000	case	eng-000
1209	30775630	omugugu	lug-000	suitcase	eng-000
1210	32690691	omugugu	lug-000	burden	eng-000
1211	32691825	omugugu	lug-000	load	eng-000
1212	32691850	omugugu	lug-000	luggage	eng-000
1213	32692068	omugugu	lug-000	obligation	eng-000
1214	32692127	omugugu	lug-000	pack	eng-000
1216	30775630	ekeesi	lug-000	case	eng-000
1217	30775630	ekeesi	lug-000	suitcase	eng-000
1219	30775704	olunyiriri	lug-000	verse	eng-000
1220	32691814	olunyiriri	lug-000	line	eng-000
1221	32692363	olunyiriri	lug-000	queue	eng-000
1223	30775751	omukubi wa pulaani	lug-000	architect	eng-000
1224	30775794	amakoloni	lug-000	spaghetti	eng-000
1226	30775807	ebugwanjuba	lug-000	west	eng-000
1227	32690369	ebugwanjuba	lug-000	West	eng-000
1228	30775830	okwetikka	lug-000	carry	eng-000
1232	30775840	omuswaaki	lug-000	toothbrush	eng-000
1234	30775840	akasenya	lug-000	toothbrush	eng-000
1236	30775846	okwewola	lug-000	borrow	eng-000
1238	30775846	okweyazika	lug-000	borrow	eng-000
1240	30775880	okutya	lug-000	afraid	eng-000
1241	30775880	okutya	lug-000	scared	eng-000
1244	32690909	okutya	lug-000	conscious	eng-000
1245	32691263	okutya	lug-000	fear	eng-000
1246	32692438	okutya	lug-000	respect	eng-000
1247	30775880	atidde	lug-000	afraid	eng-000
1248	30775880	atidde	lug-000	scared	eng-000
1250	30775904	obusungu	lug-000	angry	eng-000
1251	30775904	obusungu	lug-000	mad	eng-000
1252	32690439	obusungu	lug-000	anger	eng-000
1254	30775910	okweyambisa	lug-000	apply	eng-000
1255	30775910	okweyambisa	lug-000	employ	eng-000
1256	30775910	okweyambisa	lug-000	use	eng-000
1257	30775910	okweyambisa	lug-000	utilise	eng-000
1258	30775910	okweyambisa	lug-000	utilize	eng-000
1260	30775910	okukozesa	lug-000	apply	eng-000
1261	30775910	okukozesa	lug-000	employ	eng-000
1262	30775910	okukozesa	lug-000	use	eng-000
1263	30775910	okukozesa	lug-000	utilise	eng-000
1264	30775910	okukozesa	lug-000	utilize	eng-000
1267	30775910	omugaso	lug-000	apply	eng-000
1268	30775910	omugaso	lug-000	employ	eng-000
1269	30775910	omugaso	lug-000	use	eng-000
1270	30775910	omugaso	lug-000	utilise	eng-000
1271	30775910	omugaso	lug-000	utilize	eng-000
1272	32690572	omugaso	lug-000	benefit	eng-000
1273	32691385	omugaso	lug-000	function	eng-000
1274	32691629	omugaso	lug-000	importance	eng-000
1276	30775948	omuzigu	lug-000	terrorist	eng-000
1278	30775991	omusino	lug-000	button	eng-000
1279	30775991	omusino	lug-000	clit	eng-000
1280	30775991	omusino	lug-000	clitoris	eng-000
1282	30776000	olulira	lug-000	umbilical cord	eng-000
1284	30776039	ekikapu	lug-000	bag	eng-000
1285	30776039	ekikapu	lug-000	sack	eng-000
1287	30776039	ensawo	lug-000	bag	eng-000
1288	30776039	ensawo	lug-000	sack	eng-000
1296	32692261	ensawo	lug-000	pocket	eng-000
1297	30776040	okubba	lug-000	bag	eng-000
1298	30776040	okubba	lug-000	pocket	eng-000
1301	30776040	okubulankanya	lug-000	bag	eng-000
1302	30776040	okubulankanya	lug-000	pocket	eng-000
1305	30776093	ekijanjaalo	lug-000	edible bean	eng-000
1306	30776093	ekijanjaalo	lug-000	bean	eng-000
1309	30776103	ekyaasi	lug-000	ball	eng-000
1310	30776103	ekyaasi	lug-000	bullet	eng-000
1312	30776143	enkaayana	lug-000	argument	eng-000
1313	30776143	enkaayana	lug-000	dispute	eng-000
1314	30776143	enkaayana	lug-000	quarrel	eng-000
1315	30776143	enkaayana	lug-000	row	eng-000
1317	30776211	entulege	lug-000	zebra	eng-000
1319	30776351	ekyʼokusatu	lug-000	third	eng-000
1321	30776366	akajjoozi	lug-000	T-shirt	eng-000
1323	30776372	emberera	lug-000	virgin	eng-000
1325	30776410	engamiya	lug-000	camel	eng-000
1327	30776417	olukomera	lug-000	barrier	eng-000
1332	32691274	olukomera	lug-000	fence	eng-000
1333	30776417	omusanvu	lug-000	barrier	eng-000
1337	32691608	omusanvu	lug-000	hurdle	eng-000
1339	30776417	omuziziko	lug-000	barrier	eng-000
1342	30776507	obuzito	lug-000	weigh	eng-000
1345	30776580	ente ensajja	lug-000	bull	eng-000
1347	30776889	engo	lug-000	tiger	eng-000
1349	32691797	engo	lug-000	leopard	eng-000
1351	30776891	omulongo	lug-000	twin	eng-000
1355	30776891	omulongo wa nabansasaana	lug-000	twin	eng-000
1356	30777270	endowooza	lug-000	theory	eng-000
1358	30777288	ekiruyi	lug-000	reprisal	eng-000
1359	30777288	ekiruyi	lug-000	retaliation	eng-000
1360	30777288	ekiruyi	lug-000	retribution	eng-000
1361	30777288	ekiruyi	lug-000	revenge	eng-000
1362	30777288	ekiruyi	lug-000	vengeance	eng-000
1364	30777357	okusomesa	lug-000	teach	eng-000
1366	30777357	okuyigiriza	lug-000	teach	eng-000
1367	32692541	okuyigiriza	lug-000	school	eng-000
1369	30777439	omusenge	lug-000	wolf	eng-000
1371	30777498	akakongovvule	lug-000	ankle	eng-000
1373	30777507	ekintu eky’ensonda essatu	lug-000	triangle	eng-000
1374	30777676	omuzinga	lug-000	cannon	eng-000
1375	30777676	omuzinga	lug-000	piece	eng-000
1377	30777625	enswa	lug-000	ant	eng-000
1379	30777645	omusulo	lug-000	pee	eng-000
1380	30777645	omusulo	lug-000	pee-pee	eng-000
1381	30777645	omusulo	lug-000	piss	eng-000
1382	30777645	omusulo	lug-000	urine	eng-000
1383	30777645	omusulo	lug-000	wee-wee	eng-000
1387	30777645	enkali	lug-000	pee	eng-000
1388	30777645	enkali	lug-000	pee-pee	eng-000
1389	30777645	enkali	lug-000	piss	eng-000
1390	30777645	enkali	lug-000	urine	eng-000
1391	30777645	enkali	lug-000	wee-wee	eng-000
1395	30777704	enkizi	lug-000	backbone	eng-000
1396	30777704	enkizi	lug-000	spinal column	eng-000
1397	30777704	enkizi	lug-000	spine	eng-000
1398	30777704	enkizi	lug-000	vertebral column	eng-000
1402	30777787	ekyoovu	lug-000	bubble	eng-000
1404	30777807	okuteela	lug-000	almost	eng-000
1406	30777860	embazzi	lug-000	ax	eng-000
1407	30777860	embazzi	lug-000	axe	eng-000
1411	30777873	ekirevu	lug-000	beard	eng-000
1421	30777912	obuzigu	lug-000	terror	eng-000
1422	30782133	obuzigu	lug-000	terrorism	eng-000
1425	30778082	omubbi	lug-000	thief	eng-000
1426	32692472	omubbi	lug-000	robber	eng-000
1428	30778095	esuuka	lug-000	bed sheet	eng-000
1429	30778095	esuuka	lug-000	bedsheet	eng-000
1430	30778095	esuuka	lug-000	sheet	eng-000
1432	30778312	ekintu	lug-000	thing	eng-000
1434	30778380	ekibi ennyo	lug-000	awful	eng-000
1435	30778380	ekibi ennyo	lug-000	direful	eng-000
1436	30778380	ekibi ennyo	lug-000	fearsome	eng-000
1437	30778380	ekibi ennyo	lug-000	frightening	eng-000
1438	30778380	ekibi ennyo	lug-000	horrendous	eng-000
1439	30778380	ekibi ennyo	lug-000	horrific	eng-000
1440	30778380	ekibi ennyo	lug-000	scary	eng-000
1441	30778380	ekibi ennyo	lug-000	terrible	eng-000
1443	30778467	okuwumbawumba	lug-000	summarise	eng-000
1444	30778467	okuwumbawumba	lug-000	summarize	eng-000
1446	30778467	okusa mu bumpi	lug-000	summarise	eng-000
1447	30778467	okusa mu bumpi	lug-000	summarize	eng-000
1451	30778550	omubeezi	lug-000	auxiliary	eng-000
1452	30778550	omubeezi	lug-000	help	eng-000
1453	32690410	omubeezi	lug-000	aide	eng-000
1457	30778618	olukoba	lug-000	belt	eng-000
1463	30778618	omusipi	lug-000	belt	eng-000
1465	30778627	emboga	lug-000	cabbage	eng-000
1468	30778659	ekidiba	lug-000	swimming pool	eng-000
1470	32692273	ekidiba	lug-000	pond	eng-000
1471	32692275	ekidiba	lug-000	pool	eng-000
1473	30778749	emambya okusala	lug-000	sunrise	eng-000
1474	30778749	emambya okusala	lug-000	sunup	eng-000
1476	30778750	okugwa kwe njuba	lug-000	sundown	eng-000
1477	30778750	okugwa kwe njuba	lug-000	sunset	eng-000
1478	30778828	omwagalwa	lug-000	beloved	eng-000
1479	30778828	omwagalwa	lug-000	darling	eng-000
1480	30778828	omwagalwa	lug-000	dear	eng-000
1483	30778936	embaliso	lug-000	calculator	eng-000
1485	30778954	okweyaanza	lug-000	thank	eng-000
1487	30778954	okwebaza	lug-000	thank	eng-000
1489	30778999	omunnya	lug-000	sorcerer	eng-000
1490	30778999	omunnya	lug-000	warlock	eng-000
1491	30778999	omunnya	lug-000	wizard	eng-000
1493	30779033	omugumba	lug-000	barren	eng-000
1494	30779033	omugumba	lug-000	infertile	eng-000
1496	30779054	okunaaba	lug-000	bathe	eng-000
1497	30779054	okunaaba	lug-000	take a bath	eng-000
1500	30779067	ekiwempe	lug-000	carpet	eng-000
1503	30779120	okuleka	lug-000	allow	eng-000
1504	30779120	okuleka	lug-000	let	eng-000
1505	30779120	okuleka	lug-000	permit	eng-000
1509	32691791	okuleka	lug-000	leave	eng-000
1510	30779120	okukkiriza	lug-000	allow	eng-000
1511	30779120	okukkiriza	lug-000	let	eng-000
1512	30779120	okukkiriza	lug-000	permit	eng-000
1514	32690407	okukkiriza	lug-000	agree	eng-000
1516	30779280	ennyonta	lug-000	thirst	eng-000
1518	30779280	enkalamata	lug-000	thirst	eng-000
1520	30779364	abobukodyo	lug-000	acrobat	eng-000
1521	30779364	abobukodyo	lug-000	tumbler	eng-000
1523	30779377	omukisa omubi	lug-000	bad luck	eng-000
1524	30779377	omukisa omubi	lug-000	misfortune	eng-000
1526	30779570	eryenvu	lug-000	banana	eng-000
1528	30779610	okusa	lug-000	breath	eng-000
1532	30779664	okujjanjaba	lug-000	attend	eng-000
1533	30779664	okujjanjaba	lug-000	care for	eng-000
1534	30779664	okujjanjaba	lug-000	look after	eng-000
1535	30779664	okujjanjaba	lug-000	treat	eng-000
1536	32690746	okujjanjaba	lug-000	care	eng-000
1538	30779688	omubazzi	lug-000	carpenter	eng-000
1540	30779796	ekikaawa	lug-000	bitter	eng-000
1542	32692705	ekikaawa	lug-000	sore	eng-000
1543	30780084	omungereza	lug-000	British	eng-000
1545	32690322	omungereza	lug-000	English	eng-000
1546	30780149	okugootaanya	lug-000	upset	eng-000
1547	32690906	okugootaanya	lug-000	confuse	eng-000
1549	30780312	obujoozi	lug-000	arrogance	eng-000
1551	30780312	obwepansi	lug-000	arrogance	eng-000
1553	30780314	omwepansi	lug-000	arrogant	eng-000
1555	30780314	omwepansi	lug-000	cocksure	eng-000
1556	30780314	omwepansi	lug-000	presumptuous	eng-000
1557	30780314	omwepansi	lug-000	pretentious	eng-000
1559	30780561	embogo	lug-000	American bison	eng-000
1560	30780561	embogo	lug-000	American buffalo	eng-000
1561	30780561	embogo	lug-000	bison	eng-000
1562	30780561	embogo	lug-000	buffalo	eng-000
1564	30780706	enyukuta mpeereza	lug-000	vowel	eng-000
1566	30780737	empiso yʼeddagala	lug-000	syringe	eng-000
1568	30780781	obuliwo	lug-000	cash	eng-000
1570	30780995	akagali kabalema	lug-000	wheelchair	eng-000
1572	30781101	okunyonyogera	lug-000	tickle	eng-000
1574	30781257	ennyaanya	lug-000	tomato	eng-000
1576	30781338	oluganda	lug-000	brotherhood	eng-000
1577	30781338	oluganda	lug-000	confraternity	eng-000
1578	30781338	oluganda	lug-000	fraternity	eng-000
1581	32691739	oluganda	lug-000	kinship	eng-000
1582	30781432	enkola yokuwandiikiramu bamuzibe	lug-000	braille	eng-000
1583	30781653	ekikuubo	lug-000	alley	eng-000
1585	30781718	ekigatte	lug-000	cardboard	eng-000
1586	32690754	ekigatte	lug-000	carton	eng-000
1587	30781731	obuwoomi	lug-000	bliss	eng-000
1589	30781737	etawulo	lug-000	towel	eng-000
1591	30781755	omubazi wʼebitabo	lug-000	accountant	eng-000
1592	30781755	omubazi wʼebitabo	lug-000	bookkeeper	eng-000
1593	30781755	omubazi wʼebitabo	lug-000	comptroller	eng-000
1594	30781755	omubazi wʼebitabo	lug-000	controller	eng-000
1596	30781772	ebyokuteesaako	lug-000	agenda	eng-000
1598	30781800	omulenga nnaku	lug-000	calendar	eng-000
1601	30781807	okwetuga	lug-000	suicide	eng-000
1604	30781807	okwetta	lug-000	suicide	eng-000
1606	30781967	ekitewalika	lug-000	ineluctable	eng-000
1607	30781967	ekitewalika	lug-000	inescapable	eng-000
1608	30781967	ekitewalika	lug-000	inevitable	eng-000
1609	30781967	ekitewalika	lug-000	inexorable	eng-000
1610	30781967	ekitewalika	lug-000	necessary	eng-000
1611	30781967	ekitewalika	lug-000	predetermined	eng-000
1612	30781967	ekitewalika	lug-000	unavoidable	eng-000
1614	30781967	ekiteebereka	lug-000	ineluctable	eng-000
1615	30781967	ekiteebereka	lug-000	inescapable	eng-000
1616	30781967	ekiteebereka	lug-000	inevitable	eng-000
1617	30781967	ekiteebereka	lug-000	inexorable	eng-000
1618	30781967	ekiteebereka	lug-000	necessary	eng-000
1619	30781967	ekiteebereka	lug-000	predetermined	eng-000
1620	30781967	ekiteebereka	lug-000	unavoidable	eng-000
1625	30782190	okulaawa	lug-000	desex	eng-000
1626	30782190	okulaawa	lug-000	emasculate	eng-000
1627	30782190	okulaawa	lug-000	geld	eng-000
1628	30782190	okulaawa	lug-000	unsex	eng-000
1631	32692029	okulaawa	lug-000	neuter	eng-000
1632	30782296	akatabo	lug-000	brochure	eng-000
1633	32690620	akatabo	lug-000	booklet	eng-000
1635	30782681	obuwambe	lug-000	captivity	eng-000
1637	30782744	ekyewalika	lug-000	avoidable	eng-000
1638	30782744	ekyewalika	lug-000	evadable	eng-000
1639	30782744	ekyewalika	lug-000	evitable	eng-000
1641	30782821	engaano	lug-000	wheat	eng-000
1643	30782867	okubelamubigele	lug-000	barefoot	eng-000
1644	30782867	okubelamubigele	lug-000	barefooted	eng-000
1646	30783084	omugenyi	lug-000	visitant	eng-000
1647	30783084	omugenyi	lug-000	visitor	eng-000
1650	30783101	akawanika	lug-000	bra	eng-000
1651	30783101	akawanika	lug-000	brassiere	eng-000
1653	30783101	akaleega	lug-000	bra	eng-000
1654	30783101	akaleega	lug-000	brassiere	eng-000
1656	30783124	oluyimba	lug-000	song	eng-000
1657	32691616	oluyimba	lug-000	hymn	eng-000
1660	30783192	owʼamaalo	lug-000	backward	eng-000
1661	30783192	owʼamaalo	lug-000	backwards	eng-000
1664	30783192	omubisi	lug-000	backward	eng-000
1665	30783192	omubisi	lug-000	backwards	eng-000
1668	30783204	ekikole	lug-000	artificial	eng-000
1670	30783357	omuwendo	lug-000	economic value	eng-000
1671	30783357	omuwendo	lug-000	value	eng-000
1672	30783357	omuwendo	lug-000	worth	eng-000
1673	32690433	omuwendo	lug-000	amount	eng-000
1674	32692059	omuwendo	lug-000	number	eng-000
1675	32692308	omuwendo	lug-000	price	eng-000
1676	32692981	omuwendo	lug-000	total	eng-000
1678	30783398	okusanyuka	lug-000	celebrate	eng-000
1681	32691425	okusanyuka	lug-000	glad	eng-000
1682	32691522	okusanyuka	lug-000	happy	eng-000
1683	30783398	okujaganya	lug-000	celebrate	eng-000
1685	32691717	okujaganya	lug-000	jubilate	eng-000
1686	32691918	okujaganya	lug-000	merry	eng-000
1687	30783457	embata y’okumazzi	lug-000	swan	eng-000
1693	30783867	okuranbura	lug-000	adventure	eng-000
1695	30783872	omusingi	lug-000	basement	eng-000
1696	30783872	omusingi	lug-000	cellar	eng-000
1701	32692313	omusingi	lug-000	principle	eng-000
1702	30783872	empuku	lug-000	basement	eng-000
1703	30783872	empuku	lug-000	cellar	eng-000
1707	32690772	empuku	lug-000	cave	eng-000
1709	30784002	engooye ez’omunda	lug-000	lingerie	eng-000
1710	30784002	engooye ez’omunda	lug-000	underwear	eng-000
1712	30784002	akawale	lug-000	lingerie	eng-000
1713	30784002	akawale	lug-000	underwear	eng-000
1715	30784087	okujelega	lug-000	ribbing	eng-000
1716	30784087	okujelega	lug-000	tantalization	eng-000
1717	30784087	okujelega	lug-000	tease	eng-000
1718	30784087	okujelega	lug-000	teasing	eng-000
1720	30784156	omutujju	lug-000	assassin	eng-000
1721	30784156	omutujju	lug-000	assassinator	eng-000
1723	30784492	erinnyo eggego	lug-000	wisdom tooth	eng-000
1725	30784206	omusawo wʼebisolo	lug-000	veterinarian	eng-000
1726	30784206	omusawo wʼebisolo	lug-000	veterinary	eng-000
1727	32693099	omusawo wʼebisolo	lug-000	vet	eng-000
1732	30784492	eggego	lug-000	wisdom tooth	eng-000
1734	30784503	akapiira	lug-000	balloon	eng-000
1736	30784547	ekigaali	lug-000	cart	eng-000
1738	30784552	okwabuka	lug-000	adjourn	eng-000
1739	30784552	okwabuka	lug-000	break up	eng-000
1741	30784552	okwabuka	lug-000	recess	eng-000
1743	32690897	okwabuka	lug-000	conclude	eng-000
1744	30784725	okuseketerera	lug-000	counteract	eng-000
1745	30784725	okuseketerera	lug-000	countermine	eng-000
1746	30784725	okuseketerera	lug-000	sabotage	eng-000
1747	30784725	okuseketerera	lug-000	subvert	eng-000
1748	30784725	okuseketerera	lug-000	undermine	eng-000
1749	30784725	okuseketerera	lug-000	weaken	eng-000
1751	30784883	ensega	lug-000	vulture	eng-000
1753	30785150	akawulula	lug-000	beaver	eng-000
1759	30785799	ebijja	lug-000	burial ground	eng-000
1760	30785799	ebijja	lug-000	cemetery	eng-000
1761	30785799	ebijja	lug-000	churchyard	eng-000
1762	30785799	ebijja	lug-000	graveyard	eng-000
1764	30786356	enswaswa	lug-000	alligator	eng-000
1768	30786736	omusanji	lug-000	brother-in-law	eng-000
1770	32691460	omusanji	lug-000	grandson	eng-000
1771	30786736	omuko	lug-000	brother-in-law	eng-000
1773	30786791	enkerebwe	lug-000	squirrel	eng-000
1775	30787526	okukookoonya	lug-000	deride	eng-000
1776	30787526	okukookoonya	lug-000	flout	eng-000
1777	30787526	okukookoonya	lug-000	gibe	eng-000
1778	30787526	okukookoonya	lug-000	hoot	eng-000
1779	30787526	okukookoonya	lug-000	jeer	eng-000
1780	30787526	okukookoonya	lug-000	jibe	eng-000
1781	30787526	okukookoonya	lug-000	mock	eng-000
1782	30787526	okukookoonya	lug-000	ridicule	eng-000
1783	30787526	okukookoonya	lug-000	taunt	eng-000
1784	32692875	okukookoonya	lug-000	tantalize	eng-000
1786	30787630	okuziika	lug-000	bury	eng-000
1787	30787630	okuziika	lug-000	entomb	eng-000
1790	30787852	akalulwe	lug-000	spleen	eng-000
1794	30787940	ekikomo	lug-000	bracelet	eng-000
1799	30787941	okweyambula	lug-000	undress	eng-000
1801	30788055	okulakira	lug-000	choke	eng-000
1804	30788456	omukinjaaji	lug-000	butcher	eng-000
1806	30788740	ekiwalazima	lug-000	adrenaline	eng-000
1807	30788740	ekiwalazima	lug-000	epinephrine	eng-000
1809	30789203	omwangirikaano	lug-000	Anglican	eng-000
1811	30789203	omupolotesitante	lug-000	Anglican	eng-000
1814	30789246	ekiswa	lug-000	anthill	eng-000
1815	32690448	ekiswa	lug-000	ant hill	eng-000
1817	30789289	okwenenya	lug-000	apologize	eng-000
1819	32692427	okwenenya	lug-000	repent	eng-000
1821	30789289	okwetonda	lug-000	apologize	eng-000
1823	30789328	eriggwa	lug-000	thorn	eng-000
1829	30789342	enkanga	lug-000	aquarium	eng-000
1831	30789379	enkwawa	lug-000	armpit	eng-000
1835	30789693	amazina	lug-000	ballet	eng-000
1837	32691001	amazina	lug-000	dance	eng-000
1838	30789735	okuwolera eggwanga	lug-000	avenge	eng-000
1840	30789833	okulumwa olubuto	lug-000	bellyache	eng-000
1842	30789896	omuwanguzi	lug-000	winner	eng-000
1844	30790019	ekiyumba kyebisolo	lug-000	barn	eng-000
1846	30790046	omugumikiriza	lug-000	broad-minded	eng-000
1847	32692966	omugumikiriza	lug-000	tolerant	eng-000
1848	30790582	akaato	lug-000	canoe	eng-000
1850	30790628	ekisanyi	lug-000	caterpillar	eng-000
1852	30790682	omukolo	lug-000	ceremony	eng-000
1855	32691099	omukolo	lug-000	do	eng-000
1856	32691385	omukolo	lug-000	function	eng-000
1857	32692150	omukolo	lug-000	parade	eng-000
1858	30790707	akavuyo	lug-000	chaos	eng-000
1860	30790707	omuvuyo	lug-000	chaos	eng-000
1862	32691919	omuvuyo	lug-000	mess	eng-000
1863	30791007	obutuuze	lug-000	citizenship	eng-000
1865	30791082	ekitalikyabulijjo	lug-000	unusual	eng-000
1867	30791083	okuwa ebirowoozo	lug-000	suggest	eng-000
1869	30791083	okuteesa	lug-000	suggest	eng-000
1870	32691083	okuteesa	lug-000	discuss	eng-000
1871	32692022	okuteesa	lug-000	negotiate	eng-000
1873	30791368	omusiru siru	lug-000	clown	eng-000
1875	30792044	olupiira	lug-000	tube	eng-000
1876	30792044	olupiira	lug-000	tubing	eng-000
1877	32691589	olupiira	lug-000	hose	eng-000
1880	30793002	ekyombo	lug-000	vessel	eng-000
1884	32692536	okukanga	lug-000	scare	eng-000
1885	32692604	okukanga	lug-000	shock	eng-000
1887	32692934	okukanga	lug-000	threaten	eng-000
1889	30794051	obutaba na mulimu	lug-000	jobless	eng-000
1890	30794051	obutaba na mulimu	lug-000	out of work	eng-000
1891	30794051	obutaba na mulimu	lug-000	unemployed	eng-000
1892	30794456	okusitama	lug-000	squat	eng-000
1895	30794902	enkunamyo	lug-000	topless	eng-000
1897	30795013	entasiima	lug-000	ingrate	eng-000
1898	30795013	entasiima	lug-000	thankless	eng-000
1899	30795013	entasiima	lug-000	ungrateful	eng-000
1901	30796213	ekikajjo	lug-000	sugar cane	eng-000
1902	30796213	ekikajjo	lug-000	sugar-cane	eng-000
1903	30796213	ekikajjo	lug-000	sugarcane	eng-000
1905	30796522	okutayirira	lug-000	circumcise	eng-000
1907	30796522	okukomola	lug-000	circumcise	eng-000
1909	32693016	okukomola	lug-000	trim	eng-000
1911	30770621	kyekyuma ekizanya era nekikwata vidiyotepu	lug-000	VCR	eng-000
1912	30770621	kyekyuma ekizanya era nekikwata vidiyotepu	lug-000	video cassette recorder	eng-000
1913	30770621	kyekyuma ekizanya era nekikwata vidiyotepu	lug-000	video recorder	eng-000
1916	30775592	okulya mu nsi olukwe	lug-000	betrayal	eng-000
1917	30775592	okulya mu nsi olukwe	lug-000	treachery	eng-000
1918	30775592	okulya mu nsi olukwe	lug-000	treason	eng-000
1919	30778285	omukazi awereza mu woteri	lug-000	waitress	eng-000
1920	30779991	akuma akapima obunyogovu oba ebugumu mumubiri	lug-000	thermometer	eng-000
1921	30780555	ekibala ekitono nga kimyufu	lug-000	cherry	eng-000
1922	30782307	kisolo kyakula nga mbalasi	lug-000	unicorn	eng-000
1923	30782639	kibara kyakula nga ensujju	lug-000	watermelon	eng-000
1924	30783914	ekifo awatundibwa ebintu eby’enjawulo	lug-000	supermarket	eng-000
1925	30790920	gaba mata oba bbongo	lug-000	yoghourt	eng-000
1926	30790920	gaba mata oba bbongo	lug-000	yoghurt	eng-000
1927	30790920	gaba mata oba bbongo	lug-000	yogourt	eng-000
1928	30790920	gaba mata oba bbongo	lug-000	yogurt	eng-000
1943	32692264	akasongezo	lug-000	point	eng-000
1948	32692181	entikko	lug-000	peak	eng-000
1961	32690382	okukola	lug-000	act	eng-000
1962	32691099	okukola	lug-000	do	eng-000
1963	32691869	okukola	lug-000	make	eng-000
1964	32692349	okukola	lug-000	pursue	eng-000
1965	32692426	okukola	lug-000	repair	eng-000
1966	32693153	okukola	lug-000	weed	eng-000
1967	32693210	okukola	lug-000	work	eng-000
1969	32690383	omulimu	lug-000	activity	eng-000
1970	32691708	omulimu	lug-000	job	eng-000
1971	32692074	omulimu	lug-000	occupation	eng-000
1972	32692324	omulimu	lug-000	project	eng-000
1980	32691269	okuwulira	lug-000	feel	eng-000
1981	32691543	okuwulira	lug-000	hear	eng-000
1992	32691256	amasavu	lug-000	fat	eng-000
1998	32691489	okukula	lug-000	grow	eng-000
1999	32691900	okukula	lug-000	mature	eng-000
2004	32691194	okwenkana	lug-000	equal	eng-000
2016	32691144	empungu	lug-000	eagle	eng-000
2018	32691545	eggulu	lug-000	heaven	eng-000
2019	32692652	eggulu	lug-000	sky	eng-000
2026	32691067	okulima	lug-000	dig	eng-000
2030	32691252	ennimiro	lug-000	farm	eng-000
2031	32691400	ennimiro	lug-000	garden	eng-000
2033	32691252	omusiri	lug-000	farm	eng-000
2034	32691400	omusiri	lug-000	garden	eng-000
2039	32691463	omuddo	lug-000	grass	eng-000
2053	32691333	emmere	lug-000	food	eng-000
2066	32691360	ekibe	lug-000	fox	eng-000
2067	32691694	ekibe	lug-000	jackal	eng-000
2080	32691432	okugenda	lug-000	go	eng-000
2088	32691137	embaata	lug-000	duck	eng-000
2095	32690648	okuweta	lug-000	branch	eng-000
2096	32690988	okuweta	lug-000	curl	eng-000
2097	32693037	okuweta	lug-000	turn	eng-000
2105	32692678	omusota	lug-000	snake	eng-000
2108	32690937	ensonda	lug-000	corner	eng-000
2112	32692062	empeta	lug-000	nut	eng-000
2113	32692463	empeta	lug-000	ring	eng-000
2118	32691324	ekimuli	lug-000	flower	eng-000
2123	32691812	okumulisa	lug-000	lightning	eng-000
2141	32692101	ensibuko	lug-000	origin	eng-000
2142	32692711	ensibuko	lug-000	source	eng-000
2165	32690966	okutonda	lug-000	create	eng-000
2174	32692646	eddiba	lug-000	skin	eng-000
2183	32692599	engabo	lug-000	shield	eng-000
2192	32691401	omukka	lug-000	gas	eng-000
2193	32692674	omukka	lug-000	smoke	eng-000
2196	32692990	okuziga	lug-000	track	eng-000
2205	32692017	ensingo	lug-000	neck	eng-000
2217	32691552	okuyamba	lug-000	help	eng-000
2240	32691372	ekikere	lug-000	frog	eng-000
2241	32692960	ekikere	lug-000	toad	eng-000
2245	32692607	okulasa	lug-000	shoot	eng-000
2263	32691833	okulaba	lug-000	look	eng-000
2264	32692563	okulaba	lug-000	see	eng-000
2265	32693137	okulaba	lug-000	watch	eng-000
2272	32691995	akatiko	lug-000	mushroom	eng-000
2280	32691153	okulya	lug-000	eat	eng-000
2281	32691268	okulya	lug-000	feed	eng-000
2285	32690958	olunyaafa	lug-000	crack	eng-000
2287	32691462	omuzabbibu	lug-000	grapes	eng-000
2295	32692667	okusooba	lug-000	slow	eng-000
2313	32691699	oluba	lug-000	jaw	eng-000
2321	32691240	okugwa	lug-000	fail	eng-000
2322	32691245	okugwa	lug-000	fall	eng-000
2330	32691734	okutta	lug-000	kill	eng-000
2347	32692527	entamu	lug-000	saucepan	eng-000
2361	32691282	ekisaawe	lug-000	field	eng-000
2363	32690564	ekide	lug-000	bell	eng-000
2367	32692633	okuyimba	lug-000	sing	eng-000
2369	32690794	omukutu	lug-000	channel	eng-000
2379	32691057	okukavvula	lug-000	devour	eng-000
2383	32691544	omutima	lug-000	heart	eng-000
2388	32691378	ekibala	lug-000	fruit	eng-000
2389	32692183	ekibala	lug-000	pear	eng-000
2392	32692182	ekinyeebwa	lug-000	peanut	eng-000
2398	32690785	olujegere	lug-000	chain	eng-000
2406	32691960	enkima	lug-000	monkey	eng-000
2410	32691611	okwanguwa	lug-000	hurry	eng-000
2422	32691032	ejjembe	lug-000	demon	eng-000
2426	32690782	empeke	lug-000	cereal	eng-000
2427	32691455	empeke	lug-000	grain	eng-000
2439	32690648	ettabi	lug-000	branch	eng-000
2445	32691788	okwesigama	lug-000	lean	eng-000
2448	32691829	okusiba	lug-000	lock	eng-000
2449	32692573	okusiba	lug-000	sentence	eng-000
2450	32692946	okusiba	lug-000	tie	eng-000
2463	32691112	ejjuba	lug-000	dove	eng-000
2469	32692225	empagi	lug-000	pillar	eng-000
2490	32690388	okugatta	lug-000	add	eng-000
2491	32692260	okugatta	lug-000	plus	eng-000
2512	32691504	enviiri	lug-000	hair	eng-000
2520	32690879	ekisanirizo	lug-000	comb	eng-000
2523	32692004	okwebaka	lug-000	nap	eng-000
2524	32692661	okwebaka	lug-000	sleep	eng-000
2526	32691161	olukokola	lug-000	elbow	eng-000
2529	32691742	effumbiro	lug-000	kitchen	eng-000
2531	32691747	akambe	lug-000	knife	eng-000
2537	32691525	akamyu	lug-000	hare	eng-000
2538	32692368	akamyu	lug-000	rabbit	eng-000
2540	32690986	ekikopo	lug-000	cup	eng-000
2549	32693228	okwayuuya	lug-000	yawn	eng-000
2559	32690649	omuzira	lug-000	brave	eng-000
2560	32691503	omuzira	lug-000	hail	eng-000
2561	32691557	omuzira	lug-000	hero	eng-000
2562	32691617	omuzira	lug-000	ice	eng-000
2563	32692681	omuzira	lug-000	snow	eng-000
2565	32691715	essanyu	lug-000	joy	eng-000
2571	32691816	omumwa	lug-000	lip	eng-000
2574	32690866	ekizibaawo	lug-000	coat	eng-000
2578	32692482	omuguwa	lug-000	rope	eng-000
2584	32691074	ettaka	lug-000	dirt	eng-000
2585	32691767	ettaka	lug-000	land	eng-000
2586	32692689	ettaka	lug-000	soil	eng-000
2600	32690455	okulabika	lug-000	appear	eng-000
2608	32691227	omukugu	lug-000	expert	eng-000
2609	32692321	omukugu	lug-000	professional	eng-000
2611	32690450	okwawula	lug-000	apart	eng-000
2615	32690718	akatimba	lug-000	cage	eng-000
2616	32692028	akatimba	lug-000	net	eng-000
2629	32691097	okugabanya	lug-000	divide	eng-000
2636	32691577	eka	lug-000	home	eng-000
2644	32692493	okufuga	lug-000	rule	eng-000
2654	32690974	okusala	lug-000	cross	eng-000
2655	32690994	okusala	lug-000	cut	eng-000
2656	32692529	okusala	lug-000	saw	eng-000
2662	32692497	okudduka	lug-000	running	eng-000
2682	32691181	omulabe	lug-000	enemy	eng-000
2695	32691365	okwetaaya	lug-000	freedom	eng-000
2704	32691767	olukalu	lug-000	land	eng-000
2707	32691045	eddungu	lug-000	desert	eng-000
2708	32691052	eddungu	lug-000	dessert	eng-000
2722	32691878	empisa	lug-000	manners	eng-000
2725	32690985	ennono	lug-000	culture	eng-000
2726	32692102	ennono	lug-000	origins	eng-000
2740	32691325	omulere	lug-000	flute	eng-000
2741	32691587	omulere	lug-000	horn	eng-000
2742	32692530	omulere	lug-000	saxophone	eng-000
2743	32693022	omulere	lug-000	trumpet	eng-000
2750	32690607	okufuuwa	lug-000	blow	eng-000
2774	32692218	okubotola	lug-000	pierce	eng-000
2787	32690806	eddagala	lug-000	chemical	eng-000
2788	32691909	eddagala	lug-000	medicine	eng-000
2794	32691316	okumyansa	lug-000	flicker	eng-000
2795	32693043	okumyansa	lug-000	twinkle	eng-000
2804	32691078	okuyiwa	lug-000	disappoint	eng-000
2807	32691482	okukungubaga	lug-000	grieve	eng-000
2808	32691950	okukungubaga	lug-000	moan	eng-000
2810	32691028	okutuukiriza	lug-000	deliver	eng-000
2818	32691889	okuwasa	lug-000	marry	eng-000
2819	32693151	okuwasa	lug-000	wed	eng-000
2829	32692384	okukwata	lug-000	rape	eng-000
2836	32692007	eggwanga	lug-000	nation	eng-000
2841	32692152	omuzadde	lug-000	parent	eng-000
2845	32691585	okukongojja	lug-000	hop	eng-000
2848	32692152	omukadde	lug-000	parent	eng-000
2851	32691603	ebbango	lug-000	humpback	eng-000
2852	32691755	ebbango	lug-000	kyphosis	eng-000
2859	32691233	eriiso	lug-000	eye	eng-000
2862	32692489	amasanda	lug-000	rubber	eng-000
2867	32690765	okusengeka	lug-000	categorize	eng-000
2889	32691130	ettondo	lug-000	drop	eng-000
2893	32690537	okubeera	lug-000	be	eng-000
2894	32691821	okubeera	lug-000	live	eng-000
2908	32691317	okubuuka	lug-000	flight	eng-000
2909	32691326	okubuuka	lug-000	fly	eng-000
2910	32691721	okubuuka	lug-000	jump	eng-000
2913	32691584	eddobo	lug-000	hook	eng-000
2925	32692198	akaloosa	lug-000	perfume	eng-000
2928	32692878	enfaana	lug-000	tapeworm	eng-000
2930	32691011	emisana	lug-000	day	eng-000
2947	32691660	ekiwuka	lug-000	insect	eng-000
2952	32691329	okuzinga	lug-000	fold	eng-000
2953	32692476	okuzinga	lug-000	roll	eng-000
2957	32691605	enjala	lug-000	hunger	eng-000
2968	32693142	ejjengo	lug-000	wave	eng-000
2973	32691824	omunya	lug-000	lizard	eng-000
2977	32693144	omuwaatwa	lug-000	way	eng-000
2984	32690894	okukisa	lug-000	conceal	eng-000
2989	32692624	oluuyi	lug-000	side	eng-000
2993	32692558	enkiso	lug-000	secret	eng-000
2999	32691778	etteeka	lug-000	law	eng-000
3000	32692493	etteeka	lug-000	rule	eng-000
3004	32691815	empologoma	lug-000	lion	eng-000
3006	32692545	okukalakata	lug-000	scrape	eng-000
3015	32691015	okufa	lug-000	death	eng-000
3016	32691063	okufa	lug-000	die	eng-000
3035	32692241	ekifo	lug-000	place	eng-000
3038	32692573	emboozi	lug-000	sentence	eng-000
3049	32691810	ekitangaala	lug-000	light	eng-000
3053	32691985	ettosi	lug-000	mud	eng-000
3057	32691312	omumuli	lug-000	flame	eng-000
3058	32691313	omumuli	lug-000	flashlight	eng-000
3059	32692978	omumuli	lug-000	torch	eng-000
3063	32690941	okwonoona	lug-000	corrupt	eng-000
3067	32691886	ebbala	lug-000	mark	eng-000
3068	32692738	ebbala	lug-000	spot	eng-000
3073	32690654	ebbeere	lug-000	breast	eng-000
3077	32690811	okugaaya	lug-000	chew	eng-000
3085	32691851	ekitole	lug-000	lump	eng-000
3086	32692179	ekitole	lug-000	peace	eng-000
3094	32690723	okuyita	lug-000	call	eng-000
3095	32691684	okuyita	lug-000	invite	eng-000
3105	32690953	okubbika	lug-000	cover	eng-000
3107	32691937	ekirombe	lug-000	mine	eng-000
3110	32691906	okupima	lug-000	measure	eng-000
3114	32691981	okusenguka	lug-000	move	eng-000
3131	32692577	okuweereza	lug-000	serve	eng-000
3133	32691949	okutabula	lug-000	mix	eng-000
3135	32692423	okujjukira	lug-000	remember	eng-000
3142	32690593	okuluma	lug-000	bite	eng-000
3148	32690722	ennyana	lug-000	calf	eng-000
3150	32691931	okukama	lug-000	milk	eng-000
3152	32693220	okukamula	lug-000	wring	eng-000
3159	32691326	ensowera	lug-000	fly	eng-000
3175	32692501	okulemesa	lug-000	sabotage	eng-000
3180	32690624	okuzaalibwa	lug-000	born	eng-000
3190	32691944	olufu	lug-000	mist	eng-000
3195	32691625	okulagajjalira	lug-000	ignore	eng-000
3196	32692021	okulagajjalira	lug-000	neglect	eng-000
3200	32691342	ekibira	lug-000	forest	eng-000
3205	32691733	ensigo	lug-000	kidney	eng-000
3206	32692116	ensigo	lug-000	ovary	eng-000
3207	32692564	ensigo	lug-000	seed	eng-000
3209	32690600	okutemya	lug-000	blink	eng-000
3212	32692601	okumasamasa	lug-000	shine	eng-000
3215	32691501	omuze	lug-000	habit	eng-000
3217	32692003	erinnya	lug-000	name	eng-000
3225	32691756	akabonero	lug-000	label	eng-000
3226	32692626	akabonero	lug-000	sign	eng-000
3229	32692002	obukunya	lug-000	naked	eng-000
3230	32692057	obukunya	lug-000	nudity	eng-000
3238	32690946	okubala	lug-000	count	eng-000
3239	32691898	okubala	lug-000	mathematics	eng-000
3241	32691958	ensimbi	lug-000	money	eng-000
3275	32692301	okutegeka	lug-000	prepare	eng-000
3278	32690318	ebuvanjuba	lug-000	East	eng-000
3283	32691019	okuwunda	lug-000	decorate	eng-000
3284	32691955	okuwunda	lug-000	mold	eng-000
3291	32690705	okukoona	lug-000	butt	eng-000
3293	32690705	okutomera	lug-000	butt	eng-000
3294	32691750	okutomera	lug-000	knock	eng-000
3300	32691190	omulyango	lug-000	entrance	eng-000
3301	32691222	omulyango	lug-000	exit	eng-000
3308	32692027	ekisusunku	lug-000	nest	eng-000
3319	32692148	ekitoogo	lug-000	papyrus	eng-000
3322	32692394	okuteekateeka	lug-000	ready	eng-000
3328	32690376	okugumiikiriza	lug-000	accommodate	eng-000
3331	32691554	omusumba	lug-000	herdsman	eng-000
3333	32692598	omusumba	lug-000	shepherd	eng-000
3347	32691335	ekigere	lug-000	foot	eng-000
3349	32692111	obwengula	lug-000	outer space	eng-000
3358	32691189	okuyingira	lug-000	enter	eng-000
3369	32692294	okweyunira	lug-000	pre-empt	eng-000
3370	32692296	okweyunira	lug-000	prefer	eng-000
3405	32691297	ekinkumu	lug-000	fingerprint	eng-000
3411	32692194	abantu	lug-000	people	eng-000
3417	32691125	okunywa	lug-000	drink	eng-000
3420	32690728	okusobola	lug-000	can	eng-000
3427	32692529	omusumeeno	lug-000	saw	eng-000
3440	32690854	okumpi	lug-000	close	eng-000
3441	32692014	okumpi	lug-000	near	eng-000
3448	32692982	okukwatako	lug-000	touch	eng-000
3450	32691017	okulimba	lug-000	deceive	eng-000
3451	32691807	okulimba	lug-000	lie	eng-000
3455	32691795	okuwola	lug-000	lend	eng-000
3458	32691844	enkukunyi	lug-000	louse	eng-000
3462	32692733	okuwanda	lug-000	spit	eng-000
3465	32692192	obusajja	lug-000	penis	eng-000
3466	32692317	obusajja	lug-000	private parts	eng-000
3472	32692591	ensonyi	lug-000	shame	eng-000
3474	32691308	ekikonde	lug-000	fist	eng-000
3477	32692226	omutto	lug-000	pillow	eng-000
3482	32692350	amasira	lug-000	pus	eng-000
3496	32691991	ettemu	lug-000	murder	eng-000
3498	32692304	okukuuma	lug-000	preserve	eng-000
3499	32692332	okukuuma	lug-000	protect	eng-000
3509	32692481	omulandira	lug-000	root	eng-000
3512	32692481	ekikolo	lug-000	root	eng-000
3515	32692583	okutunga	lug-000	sew	eng-000
3518	32691451	okunyakula	lug-000	grab	eng-000
3523	32691738	obwakabaka	lug-000	kingdom	eng-000
3526	32691775	okuseka	lug-000	laugh	eng-000
3539	32691323	okukulukuta	lug-000	flow	eng-000
3547	32692512	amalusu	lug-000	saliva	eng-000
3549	32691001	okuzina	lug-000	dance	eng-000
3551	32692546	okutakula	lug-000	scratch	eng-000
3553	32690849	okulinnya	lug-000	climb	eng-000
3554	32691977	okulinnya	lug-000	mount	eng-000
3564	32692588	ekisiikirize	lug-000	shade	eng-000
3571	32690957	enjaba	lug-000	crab	eng-000
3577	32691330	okugoberera	lug-000	follow	eng-000
3582	32692639	okutuula	lug-000	sit	eng-000
3584	32691821	okusula	lug-000	live	eng-000
3590	32692070	okukenga	lug-000	observe	eng-000
3605	32692115	oluseke	lug-000	ovarian tube	eng-000
3641	32691262	empitambi	lug-000	feaces	eng-000
3646	32691216	okukyamula	lug-000	excite	eng-000
3649	32691573	ekituli	lug-000	hole	eng-000
3655	32692848	okutuuyana	lug-000	sweat	eng-000
3663	32692492	ekiwero	lug-000	rug	eng-000
3667	32691178	enkomerero	lug-000	end	eng-000
3669	32690496	ewala	lug-000	away	eng-000
3671	32691250	ewala	lug-000	far	eng-000
3678	32692440	okuwummula	lug-000	rest	eng-000
3686	32692132	obulumi	lug-000	pain	eng-000
3690	32693002	omutego	lug-000	trap	eng-000
3693	32692265	obutwa	lug-000	poison	eng-000
3696	32693031	okusika	lug-000	tug	eng-000
3714	32691123	okwambala	lug-000	dress	eng-000
3719	32690544	okukuba	lug-000	beat	eng-000
3720	32691569	okukuba	lug-000	hit	eng-000
3722	32690614	omusumaali	lug-000	bolt	eng-000
3723	32692001	omusumaali	lug-000	nail	eng-000
3737	32691483	okubabula	lug-000	grill	eng-000
3742	32691993	omusuwa	lug-000	muscle	eng-000
3752	32692355	okukankana	lug-000	quake	eng-000
3759	32690300	omumerika	lug-000	American	eng-000
3760	32690305	omubirigi	lug-000	Belgian	eng-000
3761	32690310	omukanada	lug-000	Canadian	eng-000
3762	32690311	omucaina	lug-000	Chinese	eng-000
3764	32690315	omukongo	lug-000	Congolese	eng-000
3765	32690317	omudaaki	lug-000	Dutch	eng-000
3766	32690320	Omumisiri	lug-000	Egyptian	eng-000
3767	32690322	olungereza	lug-000	English	eng-000
3768	32690324	omunabulaaya	lug-000	European	eng-000
3769	32690325	omwezi ogw’okubiri	lug-000	February	eng-000
3770	32690326	omugirimani	lug-000	German	eng-000
3771	32690326	olu-	lug-000	German	eng-000
3772	32690334	omwezi ogusooka	lug-000	January	eng-000
3773	32690336	omujapaani	lug-000	Japanese	eng-000
3774	32690338	omuyudaaya	lug-000	Jew	eng-000
3775	32690340	omwezi ogw’omusanvu	lug-000	July	eng-000
3776	32690746	obwegeendereza	lug-000	care	eng-000
3777	32690341	omwezi ogw’omukaaga	lug-000	June	eng-000
3778	32690344	omwezi ogw’okusatu	lug-000	March	eng-000
3779	32690345	omwezi ogw’okutaano	lug-000	May	eng-000
3780	32690349	Bukiikakkono	lug-000	North	eng-000
3781	32690352	omwezi ogw’ekumi	lug-000	October	eng-000
3782	32690354	omwezi ogw’omwenda	lug-000	September	eng-000
3783	32690357	omusomali	lug-000	Somali	eng-000
3784	32690359	olusipanishi	lug-000	Spanish	eng-000
3786	32690362	oluswayiri	lug-000	Swahili	eng-000
3787	32690363	oluswiidi	lug-000	Swedish	eng-000
3788	32690367	omutanzaniya	lug-000	Tanzanian	eng-000
3789	32690372	obusobozi	lug-000	ability	eng-000
3790	32690376	okubembereza	lug-000	accommodate	eng-000
3791	32692716	okubembereza	lug-000	spare	eng-000
3792	32690376	okusuza	lug-000	accommodate	eng-000
3793	32690380	okwejeerera	lug-000	acquitted	eng-000
3794	32690382	ekikolwa	lug-000	act	eng-000
3795	32690386	ekya ddala	lug-000	actual	eng-000
3796	32690389	endagiriro	lug-000	address	eng-000
3797	32691073	endagiriro	lug-000	directions	eng-000
3798	32690393	omukulu	lug-000	adult	eng-000
3799	32691162	omukulu	lug-000	elder	eng-000
3800	32691490	omukulu	lug-000	grown-up	eng-000
3801	32690398	omuwolereza	lug-000	advocate	eng-000
3802	32690404	okulilanya	lug-000	against	eng-000
3803	32690407	okukkiriziganya	lug-000	agree	eng-000
3804	32690407	okukkaanya	lug-000	agree	eng-000
3805	32690407	okulagaana	lug-000	agree	eng-000
3806	32690410	omuyambi	lug-000	aide	eng-000
3807	32690413	tiketi y’ennyonyi	lug-000	air ticket	eng-000
3808	32690416	olukuubo	lug-000	aisle	eng-000
3809	32690419	omutamiivu	lug-000	alcoholic	eng-000
3810	32691134	omutamiivu	lug-000	drunk	eng-000
3811	32690423	omukago	lug-000	alliance	eng-000
3812	32690433	ebisale	lug-000	amount	eng-000
3813	32690434	ebisolo ebyomumazzi	lug-000	amphibian	eng-000
3814	32690439	obunyiivu	lug-000	anger	eng-000
3815	32690446	eky’okuddamu	lug-000	answer	eng-000
3816	32690446	okuddamu	lug-000	answer	eng-000
3817	32692429	okuddamu	lug-000	reply	eng-000
3818	32690446	okwanukula	lug-000	answer	eng-000
3819	32692429	okwanukula	lug-000	reply	eng-000
3820	32690452	ezzike	lug-000	ape	eng-000
3821	32690454	okujulira	lug-000	appeal	eng-000
3822	32693198	okujulira	lug-000	witness	eng-000
3823	32690455	okuboneka	lug-000	appear	eng-000
3824	32690457	okusiima	lug-000	appreciate	eng-000
3825	32690457	okutegera	lug-000	appreciate	eng-000
3826	32690459	okuteebereza	lug-000	approximate	eng-000
3827	32691260	okuteebereza	lug-000	fathom	eng-000
3828	32690479	okukakasa	lug-000	assure	eng-000
3829	32690901	okukakasa	lug-000	confirm	eng-000
3830	32690482	okugezaako	lug-000	attempt	eng-000
3831	32693028	okugezaako	lug-000	try	eng-000
3832	32690486	omukebezi wʼebitabo	lug-000	auditor	eng-000
3833	32690488	olukusa	lug-000	authorization	eng-000
3834	32692200	olukusa	lug-000	permission	eng-000
3835	32690495	okutunula	lug-000	awake	eng-000
3836	32690500	ennyuma	lug-000	back	eng-000
3837	32690506	omusingo	lug-000	bail	eng-000
3838	32690616	omusingo	lug-000	bond	eng-000
3839	32690506	okweyimirira	lug-000	bail	eng-000
3840	32690508	okwenkanakana	lug-000	balance	eng-000
3841	32690513	akawuzi	lug-000	band	eng-000
3842	32691751	akawuzi	lug-000	knot	eng-000
3843	32690515	ettelekero lyʼensimbi	lug-000	bank	eng-000
3844	32690518	obwereere	lug-000	bare	eng-000
3845	32690520	okuboggola	lug-000	bark	eng-000
3846	32693230	okuboggola	lug-000	yell	eng-000
3847	32690521	olubugo	lug-000	bark cloth	eng-000
3848	32690527	okwewojjoola	lug-000	bashful	eng-000
3849	32690529	okuzanya akasero	lug-000	basketball	eng-000
3850	32690530	akawundo	lug-000	bat	eng-000
3851	32690536	okulwanagana	lug-000	battle	eng-000
3852	32690536	olutabaalo	lug-000	battle	eng-000
3853	32690539	embira	lug-000	bead	eng-000
3854	32690558	kulwomulala	lug-000	behalf	eng-000
3855	32690560	okubejjagala	lug-000	belch	eng-000
3856	32690561	enzikiriza	lug-000	belief	eng-000
3857	32691243	enzikiriza	lug-000	faith	eng-000
3858	32690562	okukiriza	lug-000	believe	eng-000
3859	32690563	omukkiriza	lug-000	believer	eng-000
3860	32690571	ekkoona	lug-000	bend	eng-000
3861	32690992	ekkoona	lug-000	curve	eng-000
3862	32690571	okugoomya	lug-000	bend	eng-000
3863	32690572	okufuna	lug-000	benefit	eng-000
3864	32691391	okufuna	lug-000	gain	eng-000
3865	32691413	okufuna	lug-000	get	eng-000
3866	32692400	okufuna	lug-000	receive	eng-000
3867	32690576	okulyaamu olukwe	lug-000	betray	eng-000
3868	32690581	okusibako	lug-000	bid	eng-000
3869	32690584	ebbaluwa ebanja	lug-000	bill	eng-000
3870	32691685	ebbaluwa ebanja	lug-000	invoice	eng-000
3871	32690586	okwegwera	lug-000	binge	eng-000
3872	32690586	okwemala egoga	lug-000	binge	eng-000
3873	32690586	okwekamirira	lug-000	binge	eng-000
3874	32690591	omulabirizi	lug-000	bishop	eng-000
3875	32690592	embwa enkazi	lug-000	bitch	eng-000
3876	32690596	okuvunaana	lug-000	blame	eng-000
3877	32690797	okuvunaana	lug-000	charge	eng-000
3878	32690798	okuvunaana	lug-000	charger	eng-000
3879	32690596	okunenya	lug-000	blame	eng-000
3880	32690605	olweyo	lug-000	bloom	eng-000
3881	32690607	okukommonta	lug-000	blow	eng-000
3882	32690609	olubawo	lug-000	board	eng-000
3883	32690613	ejjute	lug-000	boil	eng-000
3884	32690613	okutokosa	lug-000	boil	eng-000
3885	32690621	engatto empanvu	lug-000	boot	eng-000
3886	32690623	okuyongobeza	lug-000	bore	eng-000
3887	32690623	okuyongobera	lug-000	bore	eng-000
3888	32690631	entobo	lug-000	bottom	eng-000
3889	32690635	ekisaaganda kyʼebimuli	lug-000	bouquet	eng-000
3890	32690636	okuvunama	lug-000	bow	eng-000
3891	32690637	owʼebitege	lug-000	bow-legged	eng-000
3892	32690638	ebitege	lug-000	bowlegs	eng-000
3893	32690640	ebokisi	lug-000	box	eng-000
3894	32690640	ekisanduuko	lug-000	box	eng-000
3895	32690647	ekiziyiza	lug-000	brake	eng-000
3896	32690652	okusibulukuka	lug-000	break	eng-000
3897	32690652	okwaasa	lug-000	break	eng-000
3898	32690652	ekʼenkya	lug-000	break	eng-000
3899	32690653	eky’enkya	lug-000	breakfast	eng-000
3900	32690658	okuwa enguzi	lug-000	bribe	eng-000
3901	32690668	olweeyo	lug-000	broom	eng-000
3902	32690673	okusenya	lug-000	brush	eng-000
3903	32690676	olulimi lwomuti	lug-000	bud	eng-000
3904	32690677	embalirira	lug-000	budget	eng-000
3905	32690682	balubu	lug-000	bulb	eng-000
3906	32691164	balubu	lug-000	electric bulb	eng-000
3907	32690683	okuzimbulukuka	lug-000	bulge	eng-000
3908	32690687	okujooga	lug-000	bully	eng-000
3909	32690921	okujooga	lug-000	contempt	eng-000
3910	32691702	okujooga	lug-000	jeer	eng-000
3911	32690688	omuyaaye	lug-000	bum	eng-000
3912	32690689	okwekoona	lug-000	bump	eng-000
3913	32690691	okuttikay	lug-000	burden	eng-000
3914	32690693	okwabika	lug-000	burst	eng-000
3915	32690693	okwabya	lug-000	burst	eng-000
3916	32690699	engabi	lug-000	bushbuck	eng-000
3917	32690700	oluyiira	lug-000	bushfire	eng-000
3918	32690709	eppeesa	lug-000	button	eng-000
3919	32690712	oluvuvuumo	lug-000	buzz	eng-000
3920	32690819	oluvuvuumo	lug-000	chitchat	eng-000
3921	32692495	oluvuvuumo	lug-000	rumor	eng-000
3922	32690715	akayumba	lug-000	cabin	eng-000
3923	32690715	akasiisira	lug-000	cabin	eng-000
3924	32690723	okukuba essimu	lug-000	call	eng-000
3925	32690726	ekunganiro	lug-000	camp	eng-000
3926	32690727	okukunga	lug-000	campaign	eng-000
3927	32690727	okuperereza	lug-000	campaign	eng-000
3928	32690728	akakebe	lug-000	can	eng-000
3929	32690735	akakofiira	lug-000	cap	eng-000
3932	32690738	entandikwa	lug-000	capital	eng-000
3933	32692101	entandikwa	lug-000	origin	eng-000
3934	32690740	omuwambe	lug-000	captive	eng-000
3935	32690742	omuwambi	lug-000	captor	eng-000
3936	32690743	okuwamba	lug-000	capture	eng-000
3937	32692075	okuwamba	lug-000	occupy	eng-000
3938	32690746	okulabirira	lug-000	care	eng-000
3939	32691030	okulabirira	lug-000	demand	eng-000
3940	32691936	okulabirira	lug-000	mind	eng-000
3941	32690747	okwegendereza	lug-000	careful	eng-000
3942	32690748	okuweweeta	lug-000	caress	eng-000
3943	32691332	okuweweeta	lug-000	fondle	eng-000
3944	32690756	omusango	lug-000	case	eng-000
3945	32690797	omusango	lug-000	charge	eng-000
3946	32690758	ekyuma kyassente	lug-000	cash machine	eng-000
3947	32690764	okukwaata	lug-000	catch	eng-000
3948	32691572	okukwaata	lug-000	hold	eng-000
3949	32690764	okubaka	lug-000	catch	eng-000
3950	32690768	omukatuliki	lug-000	catholic	eng-000
3951	32690770	akakundi	lug-000	caucus	eng-000
3952	32690771	ekirwanirirwa	lug-000	cause	eng-000
3953	32690771	okuletera	lug-000	cause	eng-000
3954	32690788	enoni	lug-000	chalk	eng-000
3955	32690789	okwanganga	lug-000	challenge	eng-000
3956	32690905	okwanganga	lug-000	confront	eng-000
3957	32690789	okuwankanya	lug-000	challenge	eng-000
3958	32690789	okwesimba mu	lug-000	challenge	eng-000
3959	32690793	okukyuusa	lug-000	change	eng-000
3960	32690794	omwaala	lug-000	channel	eng-000
3961	32690796	esuula	lug-000	chapter	eng-000
3962	32690799	okuwondera	lug-000	chase	eng-000
3963	32690799	okugoba ganya	lug-000	chase	eng-000
3964	32690800	okulegesa	lug-000	chatter	eng-000
3965	32692872	okulegesa	lug-000	talk	eng-000
3966	32690802	okubbirira	lug-000	cheat	eng-000
3967	32690802	okweenda	lug-000	cheat	eng-000
3968	32690803	okukebera	lug-000	check	eng-000
3970	32692550	okukebera	lug-000	scrutinize	eng-000
3971	32690804	omweso	lug-000	checkers	eng-000
3972	32690811	okuswankula	lug-000	chew	eng-000
3973	32690812	akakoko	lug-000	chick	eng-000
3974	32690815	omwaami	lug-000	chief	eng-000
3975	32691411	omwaami	lug-000	gentleman	eng-000
3976	32691460	omwaami	lug-000	grandson	eng-000
3977	32691613	omwaami	lug-000	husband	eng-000
3978	32690824	eyekanasa	lug-000	choosy	eng-000
3979	32690824	okwekanasa	lug-000	choosy	eng-000
3980	32692213	okwekanasa	lug-000	picky	eng-000
3981	32690830	okunokolayo	lug-000	cite	eng-000
3982	32690836	omugunjufu	lug-000	civilized	eng-000
3983	32690838	okukuba munggalo	lug-000	clap	eng-000
3984	32690843	ekiyonjo	lug-000	clean	eng-000
3985	32692015	ekiyonjo	lug-000	neat	eng-000
3986	32690844	okulongosa	lug-000	clear	eng-000
3987	32690853	okuggala	lug-000	close	eng-000
3989	32690855	okumpi ne	lug-000	close	eng-000
3990	32692014	okumpi ne	lug-000	near	eng-000
3991	32690864	omutendesi	lug-000	coach	eng-000
3992	32690865	olubalama lwenyanja	lug-000	coast	eng-000
3993	32692609	olubalama lwenyanja	lug-000	shore	eng-000
3994	32690866	ekooti	lug-000	coat	eng-000
3995	32690951	ekooti	lug-000	court	eng-000
3996	32690868	enkoko ensajja	lug-000	cock	eng-000
3997	32690869	ekiyenje	lug-000	cockroach	eng-000
3998	32690870	amayuni	lug-000	coco yams	eng-000
3999	32690873	ekinusu	lug-000	coin	eng-000
4000	32690874	obunyogovu	lug-000	cold	eng-000
4001	32690875	ekitogi	lug-000	collar	eng-000
4002	32690876	okukunganya	lug-000	collect	eng-000
4003	32690877	ettendekero	lug-000	college	eng-000
4004	32690879	okusanirira	lug-000	comb	eng-000
4005	32690883	eby’obusuubuzi	lug-000	commerce	eng-000
4006	32690884	ekya bulijjo	lug-000	common	eng-000
4007	32692097	ekya bulijjo	lug-000	ordinary	eng-000
4008	32690885	okuseembera	lug-000	communion	eng-000
4009	32690888	empaka	lug-000	competition	eng-000
4010	32690888	okusingana	lug-000	competition	eng-000
4011	32690889	okumala	lug-000	complete	eng-000
4012	32692099	okumala	lug-000	orgasm	eng-000
4013	32692724	okumala	lug-000	spend	eng-000
4014	32690891	okuyiiya	lug-000	compose	eng-000
4015	32691680	okuyiiya	lug-000	invent	eng-000
4017	32693226	olujja	lug-000	yard	eng-000
4018	32690895	ekimmemmette	lug-000	concentration	eng-000
4019	32690896	omwoleso gwabayimbi	lug-000	concert	eng-000
4020	32690897	okuwunzika	lug-000	conclude	eng-000
4021	32693074	okuwunzika	lug-000	upside down	eng-000
4022	32690900	okwekakasa	lug-000	confident	eng-000
4023	32690900	okwekansa	lug-000	confident	eng-000
4024	32690901	okusaako emikono	lug-000	confirm	eng-000
4025	32690903	okubowa	lug-000	confiscate	eng-000
4026	32690904	emirerembe	lug-000	conflict	eng-000
4027	32690906	okubuzabuza	lug-000	confuse	eng-000
4028	32691942	okubuzabuza	lug-000	mislead	eng-000
4029	32690906	okutabulatabula	lug-000	confuse	eng-000
4030	32690907	okuyozayoza	lug-000	congratulate	eng-000
4031	32690908	obubaka obuyozayoza	lug-000	congratulations	eng-000
4032	32690911	okukubagiza	lug-000	console	eng-000
4033	32690912	enyukuta ensirifu	lug-000	consonant	eng-000
4034	32690913	olukwe	lug-000	conspiracy	eng-000
4035	32692256	olukwe	lug-000	plot	eng-000
4036	32690914	okwekoba	lug-000	conspire	eng-000
4037	32690916	okweebuuza	lug-000	consult	eng-000
4038	32690917	omumanyi	lug-000	contact	eng-000
4039	32690917	okutukirira	lug-000	contact	eng-000
4040	32690918	ekita	lug-000	container	eng-000
4041	32691448	ekita	lug-000	gourd	eng-000
4042	32690919	okufumitiriza	lug-000	contemplate	eng-000
4043	32690920	ejoogo	lug-000	contempt	eng-000
4044	32691665	ejoogo	lug-000	insolence	eng-000
4045	32690921	obutatya	lug-000	contempt	eng-000
4046	32690921	okuyisaamu amaaso	lug-000	contempt	eng-000
4047	32690922	ekirimunda	lug-000	content	eng-000
4048	32690923	okuwakanya	lug-000	contest	eng-000
4049	32691092	okuwakanya	lug-000	dispute	eng-000
4050	32690925	okweyongerayo	lug-000	continue	eng-000
4051	32690926	okusonda	lug-000	contribute	eng-000
4052	32690927	okukedenza	lug-000	control	eng-000
4053	32690928	okumatiza	lug-000	convince	eng-000
4054	32692525	okumatiza	lug-000	satisfy	eng-000
4055	32690929	omufumbi	lug-000	cook	eng-000
4056	32690930	obutto	lug-000	cooking oil	eng-000
4057	32690931	okunyogoga	lug-000	cool	eng-000
4058	32691377	okunyogoga	lug-000	frozen	eng-000
4059	32690933	okweggatta	lug-000	cooperate	eng-000
4060	32690934	okukopa	lug-000	copy	eng-000
4061	32690935	ekinyusi	lug-000	core	eng-000
4062	32690939	okuwabula	lug-000	correct	eng-000
4063	32690939	ekitufu	lug-000	correct	eng-000
4064	32690940	okugolola	lug-000	correction	eng-000
4065	32691687	okugolola	lug-000	iron	eng-000
4066	32690941	okufafaganya	lug-000	corrupt	eng-000
4067	32690941	okukenula	lug-000	corrupt	eng-000
4068	32690942	obukenuzi	lug-000	corruption	eng-000
4070	32690945	ekikololo	lug-000	cough	eng-000
4071	32690945	okukolola	lug-000	cough	eng-000
4072	32690948	essaza	lug-000	county	eng-000
4074	32690949	obuvumu	lug-000	courage	eng-000
4075	32691055	obuvumu	lug-000	determination	eng-000
4076	32690950	omusomo	lug-000	course	eng-000
4077	32690951	embuga	lug-000	court	eng-000
4078	32690951	okwogereza	lug-000	court	eng-000
4079	32690953	okusanikira	lug-000	cover	eng-000
4080	32690953	okubikkako	lug-000	cover	eng-000
4081	32690954	okwegoomba	lug-000	covet	eng-000
4082	32690955	ente enkazi	lug-000	cow	eng-000
4083	32690956	omutitiizi	lug-000	coward	eng-000
4084	32690958	olwaatika	lug-000	crack	eng-000
4085	32690959	olwatika	lug-000	cracker	eng-000
4086	32690959	olukoloboze	lug-000	cracker	eng-000
4087	32690961	okukonagaga	lug-000	crash	eng-000
4088	32690962	okwavula	lug-000	crawl	eng-000
4089	32690964	okudobonkana	lug-000	crazy	eng-000
4090	32692872	okudobonkana	lug-000	talk	eng-000
4091	32690965	owa kalebule	lug-000	crazy	eng-000
4092	32690967	omutonzi	lug-000	creator	eng-000
4093	32690969	ekibaya	lug-000	crib	eng-000
4094	32690970	akanyamberege	lug-000	crisis	eng-000
4095	32690972	ekyakyama	lug-000	crooked	eng-000
4096	32690974	okusazaamu	lug-000	cross	eng-000
4097	32692058	okusazaamu	lug-000	nullify	eng-000
4098	32690976	ebiina ly’abantu	lug-000	crowd	eng-000
4099	32690976	ekibinja	lug-000	crowd	eng-000
4100	32691395	ekibinja	lug-000	gang	eng-000
4101	32692127	ekibinja	lug-000	pack	eng-000
4102	32690976	nnamungi w’abantu	lug-000	crowd	eng-000
4103	32690978	owʼettima	lug-000	cruel	eng-000
4104	32690979	ettima	lug-000	cruelty	eng-000
4105	32690980	akakunkumuka	lug-000	crumb	eng-000
4106	32690981	omuggo gwabalema	lug-000	crutch	eng-000
4107	32690982	omulanga	lug-000	cry	eng-000
4108	32690983	empologoma ento	lug-000	cub	eng-000
4109	32690985	obuwangwa	lug-000	culture	eng-000
4110	32691556	obuwangwa	lug-000	heritage	eng-000
4111	32690987	okwagala okumanya	lug-000	curious	eng-000
4112	32690989	ekikolimo	lug-000	curse	eng-000
4113	32690990	okuwemula	lug-000	curse	eng-000
4114	32693119	okuwemula	lug-000	vulgar	eng-000
4115	32690991	olutimbe	lug-000	curtain	eng-000
4116	32692548	olutimbe	lug-000	screen	eng-000
4117	32690995	okusalwa	lug-000	cut	eng-000
4118	32690998	etterekero ly’amata	lug-000	dairy	eng-000
4119	32690999	olutiindo	lug-000	dam	eng-000
4120	32691000	ekitobu	lug-000	damp	eng-000
4121	32691001	amaganda	lug-000	dance	eng-000
4122	32691004	okulebeesa	lug-000	dangle	eng-000
4123	32691004	okulebeeta	lug-000	dangle	eng-000
4124	32691006	okuwenyuka	lug-000	dash	eng-000
4125	32691007	olunaku lwʼomweezi	lug-000	date	eng-000
4126	32691008	omwana ow’obuwala	lug-000	daughter	eng-000
4127	32691009	okusasaana	lug-000	dawn	eng-000
4128	32691091	okusasaana	lug-000	disperse	eng-000
4129	32691012	ekifu	lug-000	dead	eng-000
4130	32691015	emagombe	lug-000	death	eng-000
4131	32691015	ezzirakumwa	lug-000	death	eng-000
4132	32691016	ebbanja	lug-000	debt	eng-000
4133	32691827	ebbanja	lug-000	loan	eng-000
4134	32692068	ebbanja	lug-000	obligation	eng-000
4135	32691018	okusalawo	lug-000	decide	eng-000
4136	32691019	okutona	lug-000	decorate	eng-000
4137	32691020	ekiwanvvu	lug-000	deep	eng-000
4138	32691022	okulimirira	lug-000	defame	eng-000
4139	32691023	okukoboza	lug-000	defiant	eng-000
4140	32691024	okunyonyola	lug-000	define	eng-000
4141	32691229	okunyonyola	lug-000	explain	eng-000
4142	32691025	okukerewa	lug-000	delay	eng-000
4143	32691025	okulwa	lug-000	delay	eng-000
4144	32691026	omukiise	lug-000	delegate	eng-000
4145	32692431	omukiise	lug-000	representative	eng-000
4146	32691028	okusumulukuka	lug-000	deliver	eng-000
4147	32691028	okutuusa	lug-000	deliver	eng-000
4148	32691028	okutwaala	lug-000	deliver	eng-000
4149	32691029	okweyibaala	lug-000	delude	eng-000
4150	32691030	okubanja	lug-000	demand	eng-000
4151	32691031	okufutyanka	lug-000	demean	eng-000
4152	32691033	okwegaana	lug-000	denial	eng-000
4153	32691035	okwegaana	lug-000	deny	eng-000
4154	32691033	okwelimba	lug-000	denial	eng-000
4155	32691034	omukuzi wamannyo	lug-000	dentist	eng-000
4156	32691036	okusimbuka	lug-000	depart	eng-000
4157	32691036	okwejjawo	lug-000	depart	eng-000
4158	32691037	ekitongole	lug-000	department	eng-000
4159	32692098	ekitongole	lug-000	organization	eng-000
4160	32691038	ensimbuko	lug-000	departure	eng-000
4161	32691039	okwenyamira	lug-000	depressed	eng-000
4162	32691040	omusigire	lug-000	deputy	eng-000
4163	32691041	okukkirira	lug-000	descend	eng-000
4164	32691041	okuserengeta	lug-000	descend	eng-000
4165	32691042	omuzzukulu	lug-000	descendant	eng-000
4166	32691043	okulambulula	lug-000	describe	eng-000
4167	32691044	okutyoboola	lug-000	desecrate	eng-000
4168	32691045	okwabulira	lug-000	desert	eng-000
4169	32691352	okwabulira	lug-000	forsake	eng-000
4170	32691047	okwegomba	lug-000	desire	eng-000
4171	32691855	okwegomba	lug-000	lust	eng-000
4172	32691049	amatongo	lug-000	desolate	eng-000
4173	32691050	ayonkayonka	lug-000	desperate	eng-000
4174	32691051	okunyomoola	lug-000	despise	eng-000
4176	32692981	okusanyaawo	lug-000	total	eng-000
4177	32691055	obumalirivu	lug-000	determination	eng-000
4178	32691057	okubwebwena	lug-000	devour	eng-000
4179	32691060	ekiddukano	lug-000	diarrhea	eng-000
4180	32691060	embiro	lug-000	diarrhea	eng-000
4181	32691064	endya	lug-000	diet	eng-000
4182	32691065	enjawulo	lug-000	difference	eng-000
4183	32691066	ekizibu	lug-000	difficult	eng-000
4184	32691524	ekizibu	lug-000	hard	eng-000
4185	32691690	ekizibu	lug-000	issue	eng-000
4187	32692319	ekizibu	lug-000	problem	eng-000
4188	32691069	eddiro	lug-000	dining room	eng-000
4189	32691823	eddiro	lug-000	living room	eng-000
4190	32692640	eddiro	lug-000	sitting room	eng-000
4191	32691070	ekyʼeggulo	lug-000	dinner	eng-000
4192	32691070	okulya ekyʼeggulo	lug-000	dinner	eng-000
4193	32691071	ebisolo ebyedda	lug-000	dinosaur	eng-000
4194	32691072	okunyika	lug-000	dip	eng-000
4195	32692685	okunyika	lug-000	sock	eng-000
4196	32691074	obujama	lug-000	dirt	eng-000
4197	32691291	obujama	lug-000	filth	eng-000
4198	32691075	ekijama	lug-000	dirty	eng-000
4199	32691076	obutakkiriziganya	lug-000	disagreement	eng-000
4200	32691077	okubulawo	lug-000	disappear	eng-000
4201	32691080	okuterebula	lug-000	discourage	eng-000
4202	32691081	okuvumbula	lug-000	discover	eng-000
4203	32691082	okuboola	lug-000	discriminate	eng-000
4204	32691090	okuboola	lug-000	disown	eng-000
4205	32692618	okuboola	lug-000	shun	eng-000
4206	32691082	okusosola	lug-000	discriminate	eng-000
4207	32691085	okuvoola	lug-000	dishonor	eng-000
4208	32691087	okusigukulula	lug-000	dislodge	eng-000
4209	32691088	okuyuzayuza	lug-000	dismember	eng-000
4210	32691089	okunyooma	lug-000	disobey	eng-000
4212	32691091	okwabulukuka	lug-000	disperse	eng-000
4213	32691092	enkayaana	lug-000	dispute	eng-000
4215	32691097	okugabanyaamu	lug-000	divide	eng-000
4216	32691098	okwawukana	lug-000	divorce	eng-000
4217	32691100	akaguli	lug-000	dock	eng-000
4218	32691102	ekiwandiiko	lug-000	document	eng-000
4220	32691103	okulondoola	lug-000	dog	eng-000
4221	32691959	okulondoola	lug-000	monitor	eng-000
4222	32692589	okulondoola	lug-000	shadow	eng-000
4223	32691109	ekisulo	lug-000	dormitory	eng-000
4224	32691502	ekisulo	lug-000	habitat	eng-000
4226	32691110	akatonnyeze	lug-000	dot	eng-000
4227	32691114	okusumagira	lug-000	doze	eng-000
4228	32691115	akaganda	lug-000	dozen	eng-000
4229	32691116	okukulula	lug-000	drag	eng-000
4230	32691118	okuttulula	lug-000	drain	eng-000
4231	32691123	ekiteteeyi	lug-000	dress	eng-000
4232	32691125	eky’okunywa	lug-000	drink	eng-000
4233	32691126	okukuba ebituli	lug-000	drip	eng-000
4234	32691129	okukenena	lug-000	drool	eng-000
4235	32691131	ekyeeya	lug-000	drought	eng-000
4236	32691131	omusana pereketya	lug-000	drought	eng-000
4237	32691132	engoma	lug-000	drum	eng-000
4238	32691133	omugoma	lug-000	drummer	eng-000
4239	32691135	ekikalu	lug-000	dry	eng-000
4240	32691135	okukaza	lug-000	dry	eng-000
4241	32691136	amankwekweetu	lug-000	dubious	eng-000
4242	32691139	obunafu	lug-000	dull	eng-000
4243	32691140	okuwungeera	lug-000	dusk	eng-000
4244	32691142	obuganga	lug-000	dynamite	eng-000
4245	32691146	okukeera	lug-000	early	eng-000
4246	32691147	okuma bw’omumatu	lug-000	earring	eng-000
4247	32691150	obwangu	lug-000	ease	eng-000
4248	32691255	obwangu	lug-000	fast	eng-000
4249	32691152	omwangu	lug-000	easy	eng-000
4250	32691255	omwangu	lug-000	fast	eng-000
4251	32691152	ekyangu	lug-000	easy	eng-000
4252	32691155	ebyenfuna	lug-000	economics	eng-000
4253	32691156	omugo bwojji	lug-000	edge	eng-000
4254	32691157	kugunjula	lug-000	educate	eng-000
4255	32691158	okufuba	lug-000	effort	eng-000
4256	32691160	ennyonyi enyange	lug-000	egret	eng-000
4257	32691165	etaala eyʼamasanyalaze	lug-000	electric lamp	eng-000
4258	32691166	amasanyalaze	lug-000	electricity	eng-000
4259	32691169	kumi n’emu	lug-000	eleven	eng-000
4260	32691170	okuswaaza	lug-000	embarrass	eng-000
4261	32691171	okuyonja	lug-000	embellish	eng-000
4262	32691171	okuyoyoota	lug-000	embellish	eng-000
4263	32692197	okuyoyoota	lug-000	perfect	eng-000
4264	32691172	okunywegera	lug-000	embrace	eng-000
4265	32691740	okunywegera	lug-000	kiss	eng-000
4266	32691174	okuggumiza	lug-000	emphasize	eng-000
4267	32691174	okukaatiriza	lug-000	emphasize	eng-000
4268	32691176	okwebulungulula	lug-000	encircle	eng-000
4269	32691178	okukomya	lug-000	end	eng-000
4270	32691179	enkomo	lug-000	ending	eng-000
4271	32691180	okusemba	lug-000	endorse	eng-000
4272	32691182	amanyi	lug-000	energy	eng-000
4274	32691185	okunyumirwa	lug-000	enjoy	eng-000
4275	32691384	okunyumirwa	lug-000	fun	eng-000
4277	32691186	ekimala	lug-000	enough	eng-000
4278	32691187	okwecwacwana	lug-000	enraged	eng-000
4279	32691188	okulippa	lug-000	entangle	eng-000
4280	32691191	ebaasa	lug-000	envelope	eng-000
4281	32691192	obutonde	lug-000	environment	eng-000
4282	32692011	obutonde	lug-000	nature	eng-000
4283	32691193	ensaalwa	lug-000	envy	eng-000
4284	32691193	obujja	lug-000	envy	eng-000
4285	32691700	obujja	lug-000	jealousy	eng-000
4286	32691194	ebyenkana	lug-000	equal	eng-000
4287	32691195	omwenkano	lug-000	equality	eng-000
4288	32691196	okwenkanaya	lug-000	equalize	eng-000
4289	32691197	omugabo	lug-000	equity	eng-000
4290	32692592	omugabo	lug-000	share	eng-000
4291	32691198	omulembe	lug-000	era	eng-000
4292	32691200	okuyima	lug-000	erection	eng-000
4293	32691200	okwereega	lug-000	erection	eng-000
4294	32691201	ensobi	lug-000	error	eng-000
4296	32691202	okusimattuka	lug-000	escape	eng-000
4297	32691202	okutoloka	lug-000	escape	eng-000
4298	32691203	ekigwaanidde	lug-000	essential	eng-000
4299	32691203	ekyetaagisa	lug-000	essential	eng-000
4301	32691205	akawungeezi	lug-000	evening	eng-000
4302	32691206	buly’omu	lug-000	everyone	eng-000
4303	32691207	obujulizi	lug-000	evidence	eng-000
4304	32691207	obukakafu	lug-000	evidence	eng-000
4305	32692575	obukakafu	lug-000	serious	eng-000
4306	32691209	okuzimbulukusa	lug-000	exaggerate	eng-000
4307	32691863	okuzimbulukusa	lug-000	magnify	eng-000
4308	32691209	okwongezaamu	lug-000	exaggerate	eng-000
4309	32691210	ekigezo	lug-000	examination	eng-000
4310	32692910	ekigezo	lug-000	test	eng-000
4311	32691211	okwetegereza	lug-000	examine	eng-000
4312	32691212	okusukk	lug-000	exceed	eng-000
4313	32691212	okusussa	lug-000	exceed	eng-000
4314	32691215	okuwanyisiganya	lug-000	exchange	eng-000
4315	32691215	okuwanyisaamu	lug-000	exchange	eng-000
4316	32691216	okubugumiriza	lug-000	excite	eng-000
4317	32691217	okwewungula	lug-000	excuse	eng-000
4318	32691218	owange	lug-000	excuse me	eng-000
4319	32691219	omulimo	lug-000	exercise	eng-000
4320	32691220	okumalayo	lug-000	exhaust	eng-000
4321	32691221	okuziikula	lug-000	exhume	eng-000
4322	32691222	awafulumirwa	lug-000	exit	eng-000
4323	32691222	okufuluma	lug-000	exit	eng-000
4324	32691223	okusuubiira	lug-000	expect	eng-000
4325	32691224	ekiseere	lug-000	expensive	eng-000
4326	32691226	obumanyirivu	lug-000	experience	eng-000
4327	32691228	obukugu	lug-000	expertise	eng-000
4328	32691232	okudibuula	lug-000	extravagant	eng-000
4329	32691232	okwejalabya	lug-000	extravagant	eng-000
4330	32691234	ekisige	lug-000	eyebrow	eng-000
4331	32691505	ekisige	lug-000	hairline	eng-000
4332	32691235	akakowekoowe	lug-000	eyelash	eng-000
4333	32691238	ekiwayi	lug-000	faction	eng-000
4334	32691239	ekkolero	lug-000	factory	eng-000
4335	32691241	okuzirika	lug-000	faint	eng-000
4336	32691242	ekitonde ekyemizimu	lug-000	fairy	eng-000
4337	32691244	okugumira ku	lug-000	faithful	eng-000
4338	32691245	ekigwo	lug-000	fall	eng-000
4339	32691246	ekyikyamu	lug-000	false	eng-000
4340	32691248	okumanyika	lug-000	famous	eng-000
4341	32691249	omuwagizi	lug-000	fan	eng-000
4342	32691253	ekinnyampo	lug-000	fart	eng-000
4343	32691253	okuyisa omukka	lug-000	fart	eng-000
4344	32691253	okukuba ddoti	lug-000	fart	eng-000
4345	32691254	omusono	lug-000	fashion	eng-000
4347	32691255	ekisiibo	lug-000	fast	eng-000
4348	32691255	envumuulo	lug-000	fast	eng-000
4349	32691257	omusava	lug-000	fat	eng-000
4350	32691261	okwagalibwa enyo	lug-000	favorite	eng-000
4351	32691262	ebyaayi	lug-000	feaces	eng-000
4352	32691264	ekijjulo	lug-000	feast	eng-000
4353	32691903	ekijjulo	lug-000	meal	eng-000
4354	32691265	ebyooya	lug-000	feather	eng-000
4355	32691266	okwetamwa	lug-000	fed up	eng-000
4356	32691267	ekisale	lug-000	fee	eng-000
4357	32691271	okwewugguusa	lug-000	feign	eng-000
4358	32691273	ekikazi	lug-000	female	eng-000
4359	32691275	ekidyeri	lug-000	ferry	eng-000
4360	32691276	obugimu	lug-000	fertility	eng-000
4361	32691277	okukyima	lug-000	fetch	eng-000
4362	32691277	okuddukira	lug-000	fetch	eng-000
4363	32691278	ettu	lug-000	fetus	eng-000
4364	32692128	ettu	lug-000	package	eng-000
4365	32691279	omusujja	lug-000	fever	eng-000
4366	32691280	ekitono	lug-000	few	eng-000
4367	32691798	ekitono	lug-000	less	eng-000
4368	32691820	ekitono	lug-000	little	eng-000
4369	32692669	ekitono	lug-000	small	eng-000
4370	32691283	ekitisa	lug-000	fierce	eng-000
4371	32691285	ataano	lug-000	fifty	eng-000
4372	32691286	okulwaana	lug-000	fight	eng-000
4373	32691288	okujjuzaamu	lug-000	fill	eng-000
4374	32691290	akasengejja	lug-000	filter	eng-000
4375	32691292	eky’enkomeredde	lug-000	final	eng-000
4376	32691293	okuzuula	lug-000	find	eng-000
4377	32691294	endassi	lug-000	fine	eng-000
4378	32691294	omutango	lug-000	fine	eng-000
4379	32691294	Bulungi	lug-000	fine	eng-000
4380	32691298	okukola akajanja	lug-000	finicky	eng-000
4381	32691299	okumaliriza	lug-000	finish	eng-000
4382	32691301	omuzimya mwoto	lug-000	firefighter	eng-000
4383	32691302	ekyooto	lug-000	fireplace	eng-000
4384	32691303	ebiliroliro	lug-000	fireworks	eng-000
4385	32691304	okukakata	lug-000	firm	eng-000
4386	32691305	ekisooka	lug-000	first	eng-000
4388	32691307	ekyʼenyanja	lug-000	fish	eng-000
4389	32691309	okugyamu	lug-000	fit	eng-000
4390	32691310	okuyingizaamu	lug-000	fix	eng-000
4391	32691314	ekitereevu	lug-000	flat	eng-000
4392	32691315	akamogo	lug-000	flaw	eng-000
4393	32691318	okukwaana	lug-000	flirt	eng-000
4394	32691319	okuseeyeya	lug-000	float	eng-000
4395	32691320	okubalula	lug-000	flog	eng-000
4396	32692715	okubalula	lug-000	spank	eng-000
4397	32691320	okuswanyuula	lug-000	flog	eng-000
4398	32691321	amataba	lug-000	flood	eng-000
4399	32691322	omwaliiro	lug-000	floor	eng-000
4400	32691328	okwekaliriza	lug-000	focus	eng-000
4401	32691331	omugoberezi	lug-000	follower	eng-000
4402	32691334	omugwaagwa	lug-000	fool	eng-000
4403	32691334	omusiru	lug-000	fool	eng-000
4405	32691334	okusiruwaza	lug-000	fool	eng-000
4406	32691339	okukaka	lug-000	force	eng-000
4407	32691340	ekyeenyi	lug-000	forehead	eng-000
4408	32691341	omugwiira	lug-000	foreigner	eng-000
4409	32691343	okulagula	lug-000	foretell	eng-000
4410	32691344	obudde bwanna	lug-000	forever	eng-000
4411	32691345	okukyupula	lug-000	forge	eng-000
4412	32691345	okujingajinga	lug-000	forge	eng-000
4413	32691346	ekikyupuli	lug-000	forgery	eng-000
4414	32691346	ekijingirire	lug-000	forgery	eng-000
4415	32691347	okwelabira	lug-000	forget	eng-000
4416	32691348	okusonyiwa	lug-000	forgive	eng-000
4417	32692151	okusonyiwa	lug-000	pardon	eng-000
4418	32691351	okwegandanga	lug-000	fornicate	eng-000
4419	32691351	okwenda	lug-000	fornicate	eng-000
4420	32691353	okweesima	lug-000	fortunate	eng-000
4421	32691361	omwango	lug-000	frame	eng-000
4422	32691363	omwesimbu	lug-000	frank	eng-000
4423	32691365	eddembe	lug-000	freedom	eng-000
4424	32691804	eddembe	lug-000	liberty	eng-000
4425	32691366	okunyoga ennyo	lug-000	freeze	eng-000
4426	32691367	omufalansa	lug-000	french	eng-000
4427	32691369	ow’omukwano	lug-000	friend	eng-000
4428	32691371	okutisa	lug-000	frighten	eng-000
4429	32691373	okuva	lug-000	from	eng-000
4430	32691375	omuziira	lug-000	frost	eng-000
4431	32691376	okusiba fesi	lug-000	frown	eng-000
4433	32692599	okuzibira	lug-000	shield	eng-000
4435	32691381	okusiika	lug-000	fry	eng-000
4436	32691383	okukikiitana	lug-000	fumble	eng-000
4437	32691386	ekisesa	lug-000	funny	eng-000
4438	32691389	enbawo	lug-000	furniture	eng-000
4439	32691390	ebiseera ebijja	lug-000	future	eng-000
4440	32691390	ekyʼomumaaso	lug-000	future	eng-000
4441	32691391	okuganyurwa	lug-000	gain	eng-000
4442	32691392	omukebe	lug-000	gallon	eng-000
4443	32691394	omuzanyo	lug-000	game	eng-000
4444	32691395	ekikoosi	lug-000	gang	eng-000
4445	32691396	ebbanga	lug-000	gap	eng-000
4446	32692110	ebbanga	lug-000	outdoors	eng-000
4447	32691397	okwaasamirira	lug-000	gape	eng-000
4448	32691403	okukungaanya	lug-000	gather	eng-000
4449	32691404	omuli wʼebisiyaga	lug-000	gay	eng-000
4450	32691404	omusiyazi	lug-000	gay	eng-000
4451	32691405	ekinya	lug-000	gecko	eng-000
4452	32691407	omujiji	lug-000	generation	eng-000
4453	32691409	akasimba	lug-000	genet	eng-000
4454	32691410	omukakkamu	lug-000	gentle	eng-000
4455	32691412	okumera	lug-000	germinate	eng-000
4456	32691414	okusituka	lug-000	get up	eng-000
4457	32691415	omuzigo omuganda	lug-000	ghee	eng-000
4458	32691416	omuzimu	lug-000	ghost	eng-000
4459	32691417	ekintu ekinene	lug-000	giant	eng-000
4460	32691418	ekirabo	lug-000	gift	eng-000
4461	32692302	ekirabo	lug-000	present	eng-000
4462	32692318	ekirabo	lug-000	prize	eng-000
4464	32691419	okuseka okwekisiru	lug-000	giggle	eng-000
4465	32691420	entangawuuzi	lug-000	ginger	eng-000
4466	32691424	okuwa	lug-000	give	eng-000
4467	32691426	ekirawuli	lug-000	glass	eng-000
4468	32691429	okusuuta	lug-000	glorify	eng-000
4469	32691429	okutendereza	lug-000	glorify	eng-000
4470	32691430	ettendo	lug-000	glory	eng-000
4471	32691433	ekigendererwa	lug-000	goal	eng-000
4472	32692348	ekigendererwa	lug-000	purpose	eng-000
4473	32691439	ekirungi	lug-000	good	eng-000
4474	32691440	ekyamaguzi	lug-000	good	eng-000
4475	32691441	omukisa omulungi	lug-000	good luck	eng-000
4476	32691443	embatta	lug-000	goose	eng-000
4477	32691444	ekibalagavu	lug-000	gorgeous	eng-000
4478	32691445	ekisodde	lug-000	gorilla	eng-000
4479	32691446	enjiri	lug-000	gospel	eng-000
4480	32691447	owʼolugambo	lug-000	gossip	eng-000
4481	32691448	endeku	lug-000	gourd	eng-000
4482	32691450	egganduula	lug-000	gown	eng-000
4483	32691452	ekisa	lug-000	grace	eng-000
4484	32692239	ekisa	lug-000	pity	eng-000
4485	32691453	owʼeggonjebwa	lug-000	gracious	eng-000
4486	32691453	owʼekisa	lug-000	gracious	eng-000
4487	32691736	owʼekisa	lug-000	kind	eng-000
4488	32691454	eddala	lug-000	grade	eng-000
4489	32691761	eddala	lug-000	ladder	eng-000
4490	32691456	omuzukulu	lug-000	grandchild	eng-000
4491	32691464	enseenene	lug-000	grasshopper	eng-000
4492	32691465	asiima	lug-000	grateful	eng-000
4493	32691466	amalaalo	lug-000	grave	eng-000
4494	32691467	omukyuuzi	lug-000	gravy	eng-000
4495	32692526	omukyuuzi	lug-000	sauce	eng-000
4496	32691469	okukolobola	lug-000	graze	eng-000
4497	32692546	okukolobola	lug-000	scratch	eng-000
4498	32691475	omululu	lug-000	greed	eng-000
4499	32691855	omululu	lug-000	lust	eng-000
4500	32691476	omuyonaani	lug-000	greek	eng-000
4501	32691479	okwaniriza	lug-000	greet	eng-000
4502	32693158	okwaniriza	lug-000	welcome	eng-000
4503	32691480	obubaka obwaniriza	lug-000	greetings	eng-000
4504	32691481	ennaku	lug-000	grief	eng-000
4505	32691483	okwookya	lug-000	grill	eng-000
4507	32691487	ekikosi	lug-000	group	eng-000
4508	32691488	omuleebeesi	lug-000	groupie	eng-000
4509	32691491	omukumi	lug-000	guard	eng-000
4510	32691492	omuyima	lug-000	guardian	eng-000
4511	32691493	epeeera	lug-000	guava	eng-000
4512	32691494	ekitebereze	lug-000	guess	eng-000
4513	32691494	okuteeba	lug-000	guess	eng-000
4514	32691495	endongo	lug-000	guitar	eng-000
4515	32691496	ekibuno	lug-000	gum	eng-000
4516	32691497	emmundu	lug-000	gun	eng-000
4517	32691498	ebyeenda	lug-000	gut	eng-000
4518	32691498	okusokoola	lug-000	gut	eng-000
4520	32691504	ebiza	lug-000	hair	eng-000
4521	32691506	ekimu ekyʼokubiri	lug-000	half	eng-000
4522	32691507	ekisenge ekinene	lug-000	hall	eng-000
4523	32691508	okukutulamu wakati	lug-000	halve	eng-000
4524	32691514	ensawo yʼomukono	lug-000	handbag	eng-000
4525	32691515	akatambaala	lug-000	handkerchief	eng-000
4526	32691519	akatambaala	lug-000	hankie	eng-000
4527	32691516	ekikwatwako	lug-000	handle	eng-000
4528	32691516	ekikono	lug-000	handle	eng-000
4529	32691517	alabika bulungi	lug-000	handsome	eng-000
4530	32691518	okwewuba	lug-000	hang	eng-000
4531	32691520	enkejje	lug-000	Haplochromis	eng-000
4532	32691521	okubaawo	lug-000	happen	eng-000
4533	32691522	okwesiim	lug-000	happy	eng-000
4534	32691523	emeeri wezitikulirwa	lug-000	harbor	eng-000
4535	32691527	entongooli	lug-000	harp	eng-000
4536	32691528	okukungula	lug-000	harvest	eng-000
4537	32691529	enkofiira	lug-000	hat	eng-000
4538	32691530	okwalula	lug-000	hatch	eng-000
4539	32691531	okukyaawa	lug-000	hate	eng-000
4540	32691532	obukyaayi	lug-000	hatred	eng-000
4541	32691534	okuba ne	lug-000	have	eng-000
4542	32691535	obuddukiro	lug-000	haven	eng-000
4543	32692414	obuddukiro	lug-000	refuge	eng-000
4544	32691537	omutembeeyi	lug-000	hawker	eng-000
4545	32691540	obuzindaalo bwokumatu	lug-000	headphones	eng-000
4546	32691541	okuwona	lug-000	heal	eng-000
4547	32691546	obuwanvu	lug-000	height	eng-000
4548	32691796	obuwanvu	lug-000	length	eng-000
4549	32691832	obuwanvu	lug-000	long	eng-000
4550	32691547	omusika	lug-000	heir	eng-000
4551	32691548	akanyonyi namunkanga	lug-000	helicopter	eng-000
4552	32691551	ekikofira	lug-000	helmet	eng-000
4553	32691553	enkoko enkazi	lug-000	hen	eng-000
4554	32691553	enseera	lug-000	hen	eng-000
4555	32691554	omulaalo	lug-000	herdsman	eng-000
4556	32691554	omulunzi	lug-000	herdsman	eng-000
4557	32691556	obusika	lug-000	heritage	eng-000
4558	32691655	obusika	lug-000	inheritance	eng-000
4559	32691556	obulombolombo	lug-000	heritage	eng-000
4560	32691559	okwekengera	lug-000	hesitate	eng-000
4561	32691561	okukweeka	lug-000	hide	eng-000
4562	32691562	wagulu	lug-000	high	eng-000
4563	32691563	olugendo oluwanvu	lug-000	hike	eng-000
4564	32691566	enkula	lug-000	hippo	eng-000
4565	32691567	enkula	lug-000	hippopotamus	eng-000
4567	32691569	okukona	lug-000	hit	eng-000
4569	32691574	oluwumula	lug-000	holiday	eng-000
4570	32691576	omutuukirivu	lug-000	holy	eng-000
4572	32691580	obwesige	lug-000	honest	eng-000
4573	32691581	omubisi gw’enjuki	lug-000	honey	eng-000
4574	32691582	okukuba engombe	lug-000	honk	eng-000
4575	32691583	ekinuulo	lug-000	hoof	eng-000
4576	32691586	okusuubira	lug-000	hope	eng-000
4577	32691587	engombe	lug-000	horn	eng-000
4578	32691590	eddwaliro	lug-000	hospital	eng-000
4579	32691592	ekyookya	lug-000	hot	eng-000
4580	32691595	ennyumba	lug-000	house	eng-000
4581	32691599	okuvuvuuma	lug-000	hum	eng-000
4582	32691601	omwetowaze	lug-000	humble	eng-000
4583	32691602	ebango	lug-000	hump	eng-000
4584	32691606	omuyiggo	lug-000	hunt	eng-000
4585	32691877	omuyiggo	lug-000	manhunt	eng-000
4586	32691607	omuyizzi	lug-000	hunter	eng-000
4587	32691612	okukosa	lug-000	hurt	eng-000
4588	32691614	akasisira	lug-000	hut	eng-000
4589	32691615	empisi	lug-000	hyena	eng-000
4590	32691620	ekilowoozo	lug-000	idea	eng-000
4591	32692931	ekilowoozo	lug-000	thought	eng-000
4592	32691620	ekiteeso	lug-000	idea	eng-000
4593	32691621	ekisinzibwa	lug-000	idol	eng-000
4594	32691624	obutamanya	lug-000	ignorance	eng-000
4595	32691626	okwerimba	lug-000	illusion	eng-000
4596	32691627	ekifaananyi	lug-000	image	eng-000
4597	32692208	ekifaananyi	lug-000	photograph	eng-000
4598	32692215	ekifaananyi	lug-000	picture	eng-000
4599	32691628	okutebereza	lug-000	imagine	eng-000
4600	32692721	okutebereza	lug-000	speculate	eng-000
4601	32691630	ekitasoboka	lug-000	impossible	eng-000
4603	32691632	atakoleera	lug-000	impotent	eng-000
4604	32691632	eyafa	lug-000	impotent	eng-000
4605	32691632	eyatomerwa endiga	lug-000	impotent	eng-000
4606	32691633	okusiba mukomera	lug-000	imprison	eng-000
4607	32691634	okutetenkanya	lug-000	improvise	eng-000
4608	32691637	ekitagwaanidde	lug-000	inappropriate	eng-000
4609	32691639	okukalubiriza	lug-000	inconvenience	eng-000
4610	32691640	okwongeza	lug-000	increase	eng-000
4611	32691641	obutasalawo	lug-000	indecisive	eng-000
4612	32691642	okwefuga	lug-000	independence	eng-000
4613	32691643	okwemalirira	lug-000	independent	eng-000
4614	32691645	okutamiiza	lug-000	inebriate	eng-000
4615	32691646	ebujje	lug-000	infant	eng-000
4616	32691647	okusiiga	lug-000	infect	eng-000
4617	32692133	okusiiga	lug-000	paint	eng-000
4618	32691648	obugumba	lug-000	infertility	eng-000
4619	32691649	obwenzi	lug-000	infidelity	eng-000
4620	32692325	obwenzi	lug-000	promiscuity	eng-000
4621	32691649	obutali bwesigwa	lug-000	infidelity	eng-000
4622	32691650	okukaaniika	lug-000	inflate	eng-000
4623	32691650	okuwanika	lug-000	inflate	eng-000
4624	32692378	okuwanika	lug-000	raise	eng-000
4625	32691653	amawulire	lug-000	information	eng-000
4626	32692032	amawulire	lug-000	news	eng-000
4627	32691654	okusikira	lug-000	inherit	eng-000
4628	32691657	ekisago	lug-000	injury	eng-000
4629	32693216	ekisago	lug-000	wound	eng-000
4630	32691659	omusibe	lug-000	inmate	eng-000
4631	32692316	omusibe	lug-000	prisoner	eng-000
4632	32691661	eggume	lug-000	insensitivity	eng-000
4633	32691662	okusonseka	lug-000	insert	eng-000
4634	32691665	okwempanka	lug-000	insolence	eng-000
4635	32691666	owʼejoogo	lug-000	insolent	eng-000
4636	32691667	okusongosa	lug-000	inspire	eng-000
4640	32691669	ekivumo	lug-000	insult	eng-000
4641	32691669	okuvuma	lug-000	insult	eng-000
4642	32691672	ekyʼensi ezenjawulo	lug-000	international	eng-000
4643	32691673	ekitimba	lug-000	internet	eng-000
4644	32691674	okuvvunula	lug-000	interpret	eng-000
4645	32691675	enzivuunula	lug-000	interpretation	eng-000
4647	32691678	okukangisa	lug-000	intimidate	eng-000
4648	32691679	okwanjula	lug-000	introduce	eng-000
4649	32692302	okwanjula	lug-000	present	eng-000
4651	32692841	okubuliriza	lug-000	survey	eng-000
4653	32692550	okwekebejja	lug-000	scrutinize	eng-000
4654	32691682	ekitalabika	lug-000	invisible	eng-000
4655	32691683	okuyitibwa	lug-000	invitation	eng-000
4656	32691686	obuswandi	lug-000	ire	eng-000
4657	32691690	ensonga	lug-000	issue	eng-000
4658	32692348	ensonga	lug-000	purpose	eng-000
4659	32692397	ensonga	lug-000	reason	eng-000
4660	32691692	okusiiwa	lug-000	itch	eng-000
4661	32691695	ekisabika	lug-000	jacket	eng-000
4662	32691697	akaduukulu	lug-000	jail	eng-000
4663	32691698	akalipagano	lug-000	jam	eng-000
4664	32691700	ennugu	lug-000	jealousy	eng-000
4665	32691703	ebizigo	lug-000	jelly	eng-000
4666	32691704	ekidomola	lug-000	jerry can	eng-000
4667	32691705	akanyonyi komuka	lug-000	jet	eng-000
4668	32691706	ebikomo	lug-000	jewelry	eng-000
4669	32691707	owʼolunwe	lug-000	jinx	eng-000
4670	32691711	obuyungo	lug-000	joint	eng-000
4671	32691712	olusaago	lug-000	joke	eng-000
4672	32691712	okusaaga	lug-000	joke	eng-000
4673	32691716	ekyʼesanyu	lug-000	joyful	eng-000
4674	32692253	ekyʼesanyu	lug-000	pleasant	eng-000
4675	32691718	okusalira	lug-000	judge	eng-000
4676	32691718	omulamuzi	lug-000	judge	eng-000
4677	32691719	okubyangatana	lug-000	juggle	eng-000
4678	32691720	omubissi	lug-000	juice	eng-000
4679	32691722	amasanganzira	lug-000	junction	eng-000
4680	32691725	akayozi	lug-000	kangaroo rat	eng-000
4681	32691726	okujjumbira	lug-000	keen	eng-000
4682	32691727	okuuma	lug-000	keep	eng-000
4683	32691728	ebinika	lug-000	kettle	eng-000
4684	32691731	olusamba ggere	lug-000	kick	eng-000
4685	32691731	olusamba	lug-000	kick	eng-000
4686	32691731	okusamba	lug-000	kick	eng-000
4687	32691735	owoluganda	lug-000	kin	eng-000
4688	32691741	obubokisi	lug-000	kit	eng-000
4689	32691742	ekiyungu	lug-000	kitchen	eng-000
4690	32691745	eviivi	lug-000	knee	eng-000
4691	32691746	okufukamira	lug-000	kneel	eng-000
4692	32691748	omulwanyi wokumbalasi	lug-000	knight	eng-000
4693	32691749	akanyolo	lug-000	knob	eng-000
4694	32691750	okukonkona	lug-000	knock	eng-000
4695	32691752	ekituttwa	lug-000	knot	eng-000
4696	32691753	okumanya	lug-000	know	eng-000
4697	32691754	amagezzi	lug-000	knowledge	eng-000
4698	32691757	enfuli	lug-000	labium minora	eng-000
4700	32691758	okupakasa	lug-000	labor	eng-000
4701	32691759	omupakasi	lug-000	laborer	eng-000
4702	32691760	akagwa	lug-000	lace	eng-000
4703	32691763	enyanja	lug-000	lake	eng-000
4705	32691764	akaligga	lug-000	lamb	eng-000
4706	32691765	omulema	lug-000	lame	eng-000
4707	32691766	etaala	lug-000	lamp	eng-000
4708	32691770	etala yamafuta	lug-000	lap	eng-000
4709	32691772	ekisemba	lug-000	last	eng-000
4710	32691772	okulwaawo	lug-000	last	eng-000
4711	32691772	okuwangaala	lug-000	last	eng-000
4712	32691773	okutuuka ekikeerezi	lug-000	late	eng-000
4713	32691773	okukeerewa	lug-000	late	eng-000
4714	32691774	oluvanyuma	lug-000	later	eng-000
4715	32691775	okusekerera	lug-000	laugh	eng-000
4716	32691776	enseko	lug-000	laughter	eng-000
4717	32691778	eby’amateeka	lug-000	law	eng-000
4718	32691780	okugalamiza	lug-000	lay	eng-000
4719	32691780	okussa wansi	lug-000	lay	eng-000
4720	32691782	omugayaavu	lug-000	lazy	eng-000
4721	32691782	engajaba	lug-000	lazy	eng-000
4722	32693054	engajaba	lug-000	underachiever	eng-000
4723	32691782	okugayaala	lug-000	lazy	eng-000
4724	32691783	okuwagulira omuti	lug-000	leach	eng-000
4725	32691784	okkulembera	lug-000	lead	eng-000
4726	32691784	okukulembera	lug-000	lead	eng-000
4727	32691785	omukulembeze	lug-000	leader	eng-000
4728	32692305	omukulembeze	lug-000	president	eng-000
4729	32692494	omukulembeze	lug-000	ruler	eng-000
4730	32691786	obukulembeze	lug-000	leadership	eng-000
4731	32691788	ennyama enkapa	lug-000	lean	eng-000
4732	32691788	omukapa	lug-000	lean	eng-000
4733	32691789	okuyiga	lug-000	learn	eng-000
4734	32691791	okusiimbula	lug-000	leave	eng-000
4735	32691794	eniimu	lug-000	lemon	eng-000
4736	32691795	okwaazika	lug-000	lend	eng-000
4737	32691799	essomo	lug-000	lesson	eng-000
4738	32691800	ebbaluwa	lug-000	letter	eng-000
4739	32691865	ebbaluwa	lug-000	mail	eng-000
4740	32691800	enyukuta	lug-000	letter	eng-000
4741	32691801	enva endirwa	lug-000	lettuce	eng-000
4742	32691802	omulimba	lug-000	liar	eng-000
4743	32691804	ebeetu	lug-000	liberty	eng-000
4744	32691805	etelekero lyʼebitabo	lug-000	library	eng-000
4745	32691806	okukomba	lug-000	lick	eng-000
4746	32691807	okugalamira	lug-000	lie	eng-000
4747	32691807	okulambaala	lug-000	lie	eng-000
4748	32691809	okusitula	lug-000	lift	eng-000
4749	32692869	okusitula	lug-000	take off	eng-000
4750	32691813	okwaagala	lug-000	like	eng-000
4751	32691817	ekyamazzi	lug-000	liquid	eng-000
4752	32691818	olukalala	lug-000	list	eng-000
4753	32691916	olukalala	lug-000	menu	eng-000
4754	32691824	ekonkome	lug-000	lizard	eng-000
4755	32691825	okuttika	lug-000	load	eng-000
4756	32691829	ekufulu	lug-000	lock	eng-000
4757	32691833	okutunulira	lug-000	look	eng-000
4758	32691835	omunyago	lug-000	loot	eng-000
4759	32691835	okunyaga	lug-000	loot	eng-000
4760	32692471	okunyaga	lug-000	rob	eng-000
4761	32691835	okuluutinga	lug-000	loot	eng-000
4762	32691838	okufiirwa	lug-000	lose	eng-000
4763	32691838	okukoobera	lug-000	lose	eng-000
4764	32691839	okuswaakira	lug-000	lose temper	eng-000
4765	32691841	ekingi	lug-000	lot	eng-000
4766	32691965	ekingi	lug-000	more	eng-000
4767	32691842	okuwoggana	lug-000	loud	eng-000
4768	32691846	okwagalana	lug-000	love	eng-000
4769	32691847	okusinda omukwano	lug-000	love	eng-000
4770	32691852	ekyʼemisana	lug-000	lunch	eng-000
4771	32691853	eguggwe	lug-000	lung	eng-000
4772	32691854	emmamba	lug-000	lungfish	eng-000
4773	32691855	okululuka	lug-000	lust	eng-000
4774	32691856	ejambiya	lug-000	machete	eng-000
4775	32691857	ekyuuma	lug-000	machine	eng-000
4776	32691858	omulalu	lug-000	mad	eng-000
4777	32691860	amawuulire	lug-000	magazine	eng-000
4778	32691861	edoggo	lug-000	magic	eng-000
4779	32691864	ekizimbulukusa	lug-000	magnifying glass	eng-000
4780	32691866	okujjanjabirira	lug-000	maintain	eng-000
4781	32691870	okwaala obuliri	lug-000	make	eng-000
4782	32691871	omusujja gwʼensiri	lug-000	malaria	eng-000
4783	32691872	ensajja	lug-000	male	eng-000
4784	32691873	ebissolo ebwosa	lug-000	mammal	eng-000
4785	32691876	omuyembe	lug-000	mango	eng-000
4786	32691880	ebingi	lug-000	many	eng-000
4787	32691882	ensaasi	lug-000	maraca	eng-000
4788	32691884	okukumba	lug-000	march	eng-000
4789	32691885	enjaga	lug-000	marijuana	eng-000
4790	32691888	obufumbo	lug-000	marriage	eng-000
4791	32691890	omujulizi	lug-000	martyr	eng-000
4792	32693198	omujulizi	lug-000	witness	eng-000
4793	32691891	akakookolo	lug-000	mask	eng-000
4794	32691891	okubikirira	lug-000	mask	eng-000
4795	32691892	emisa	lug-000	mass	eng-000
4798	32691895	omukeeka	lug-000	mat	eng-000
4799	32691896	akabiriiti	lug-000	match	eng-000
4800	32691899	omufaliso	lug-000	mattress	eng-000
4801	32691901	omukulu wʼekibuga	lug-000	mayor	eng-000
4802	32691905	olukusense	lug-000	measles	eng-000
4803	32691906	ekipimo	lug-000	measure	eng-000
4804	32691910	okusaanga	lug-000	meet	eng-000
4805	32691911	okusisinkana	lug-000	meeting	eng-000
4806	32691911	olukungaana	lug-000	meeting	eng-000
4807	32691913	ekijjukizo	lug-000	memorial	eng-000
4808	32691914	okujukira	lug-000	memory	eng-000
4811	32691917	ebyamaguzi	lug-000	merchandise	eng-000
4812	32691919	okukyankalanya	lug-000	mess	eng-000
4813	32691919	okuvuyisa	lug-000	mess	eng-000
4814	32691920	obubaka	lug-000	message	eng-000
4815	32691921	omubaka	lug-000	messenger	eng-000
4816	32691923	omulenga	lug-000	meter	eng-000
4817	32691924	akazindaalo	lug-000	microphone	eng-000
4818	32691928	omuzaalisa	lug-000	midwife	eng-000
4819	32691929	eryaanyi	lug-000	might	eng-000
4820	32691930	okujulukuka	lug-000	migrate	eng-000
4821	32691932	olwaasa	lug-000	millenium	eng-000
4822	32691933	akalo	lug-000	millet	eng-000
4823	32691935	eggongolo	lug-000	millipede	eng-000
4824	32691936	okufaayo	lug-000	mind	eng-000
4825	32691937	ekyange	lug-000	mine	eng-000
4826	32691999	ekyange	lug-000	my	eng-000
4827	32691937	okuwukuula	lug-000	mine	eng-000
4828	32691938	okutolako	lug-000	minus	eng-000
4829	32691940	endabirwaamu	lug-000	mirror	eng-000
4830	32691941	okuvaamu olubuto	lug-000	miscarriage	eng-000
4831	32691942	okuwabya	lug-000	mislead	eng-000
4832	32691943	okusubwa	lug-000	miss	eng-000
4835	32691948	ebyambalwa mungalo	lug-000	mitten	eng-000
4836	32691952	okukongoola	lug-000	mock	eng-000
4837	32691953	ekyefananiriza	lug-000	model	eng-000
4838	32691954	okukyusamu	lug-000	modify	eng-000
4839	32691955	obukuku	lug-000	mold	eng-000
4840	32691957	akaseera	lug-000	moment	eng-000
4841	32691961	ekitontome	lug-000	monologue	eng-000
4843	32691963	embeera	lug-000	mood	eng-000
4845	32691964	omweezi	lug-000	moon	eng-000
4846	32691968	omusiraamu	lug-000	moslem	eng-000
4847	32691968	omuyisiraamu	lug-000	moslem	eng-000
4848	32691969	omuzigiti	lug-000	mosque	eng-000
4849	32691971	ekisinga	lug-000	most	eng-000
4850	32691974	ekyomuliro	lug-000	motor	eng-000
4851	32691975	epikipiki	lug-000	motorcycle	eng-000
4852	32691976	omubala	lug-000	motto	eng-000
4853	32691977	okwebagala	lug-000	mount	eng-000
4854	32691977	okuwalampa	lug-000	mount	eng-000
4855	32691978	olusozi gambalagala	lug-000	mountain	eng-000
4856	32691980	akamwa	lug-000	mouth	eng-000
4857	32691981	okujjulukuka	lug-000	move	eng-000
4858	32691985	ebitoomi	lug-000	mud	eng-000
4859	32691988	okubazaamu	lug-000	multiply	eng-000
4860	32691991	okutemula	lug-000	murder	eng-000
4861	32691992	omutemu	lug-000	murderer	eng-000
4862	32691997	omudongo	lug-000	musician	eng-000
4863	32691997	omuyimbi	lug-000	musician	eng-000
4864	32692634	omuyimbi	lug-000	singer	eng-000
4865	32692001	olwaala	lug-000	nail	eng-000
4866	32692002	obwerere	lug-000	naked	eng-000
4867	32692004	okuwumula	lug-000	nap	eng-000
4868	32692005	okutottola	lug-000	narrate	eng-000
4869	32692008	ekyʼensi emu	lug-000	national	eng-000
4870	32692009	enzaalwa	lug-000	native	eng-000
4871	32692010	ekyʼobutonde	lug-000	natural	eng-000
4872	32692012	ekundi	lug-000	navel	eng-000
4873	32692013	okusaabala	lug-000	navigate	eng-000
4874	32692016	ekyeetagisa	lug-000	necessary	eng-000
4875	32692017	ensikya	lug-000	neck	eng-000
4876	32692018	ekikomo kyomubulago	lug-000	necklace	eng-000
4877	32692019	obwetaavu	lug-000	need	eng-000
4878	32692023	omulilwaana	lug-000	neighbor	eng-000
4879	32692024	omulilwaano	lug-000	neighborhood	eng-000
4880	32692030	obutadayo	lug-000	never	eng-000
4881	32692031	ekipya	lug-000	new	eng-000
4882	32692033	olupapula lw’amawulire	lug-000	newspaper	eng-000
4883	32692034	ekiddirira	lug-000	next	eng-000
4884	32692038	ettumbi	lug-000	night	eng-000
4885	32692039	ekiloto ekyetisa	lug-000	nightmare	eng-000
4886	32692041	enywanto	lug-000	nipple	eng-000
4887	32692044	okunyenya omutwe	lug-000	nod	eng-000
4888	32692048	entuntu	lug-000	noon	eng-000
4889	32692051	enyindo	lug-000	nose	eng-000
4890	32692052	owʼakajanja	lug-000	nosy	eng-000
4891	32692053	akabaluwa	lug-000	note	eng-000
4892	32692056	ekimansulo	lug-000	nudity	eng-000
4893	32692060	omubikira	lug-000	nun	eng-000
4894	32692061	omujjanjabi	lug-000	nurse	eng-000
4895	32692065	obuwulize	lug-000	obedience	eng-000
4896	32692066	okugondera	lug-000	obey	eng-000
4897	32692067	okubika	lug-000	obituary	eng-000
4898	32692069	omuseegu	lug-000	obscene	eng-000
4900	32692075	okutalaaga	lug-000	occupy	eng-000
4901	32692075	okujjuza ekifo	lug-000	occupy	eng-000
4903	32692079	okujyako	lug-000	off	eng-000
4904	32692081	omutongole	lug-000	official	eng-000
4905	32692082	ezadde	lug-000	offspring	eng-000
4906	32692084	ekikadde	lug-000	old	eng-000
4907	32692088	akatungulu	lug-000	onion	eng-000
4908	32692090	okuggulawo	lug-000	open	eng-000
4909	32692090	okubikkula	lug-000	open	eng-000
4910	32692091	akakisa	lug-000	opportunity	eng-000
4911	32692093	omukyungwa	lug-000	orange	eng-000
4912	32692096	entegeka	lug-000	order	eng-000
4913	32692323	entegeka	lug-000	programme	eng-000
4915	32692104	omusodookisi	lug-000	orthodox	eng-000
4916	32692106	ekilala	lug-000	other	eng-000
4917	32692107	engonge	lug-000	otter	eng-000
4918	32692108	ekyaffe	lug-000	our	eng-000
4919	32692109	ebweeru	lug-000	out	eng-000
4920	32692112	okukuza	lug-000	outgrow	eng-000
4921	32692119	okuyinga	lug-000	overdo	eng-000
4922	32692119	okuyitiriza	lug-000	overdo	eng-000
4923	32692120	okubinika	lug-000	overload	eng-000
4924	32692121	ettaawo	lug-000	overpass	eng-000
4925	32692122	okuganza	lug-000	owe	eng-000
4926	32692123	ekiwuggulu	lug-000	owl	eng-000
4927	32692126	obwa nnanyini	lug-000	ownership	eng-000
4928	32692130	olupapura	lug-000	page	eng-000
4929	32692131	akabakuli	lug-000	pail	eng-000
4930	32692134	ekifananyi	lug-000	painting	eng-000
4931	32692134	ekisiige	lug-000	painting	eng-000
4932	32692135	ebibiri	lug-000	pair	eng-000
4933	32692136	obuwale obwomunda	lug-000	pajamas	eng-000
4934	32692137	olubilio	lug-000	palace	eng-000
4935	32692139	ekinazi	lug-000	palm	eng-000
4936	32692140	akawulire	lug-000	pamphlet	eng-000
4937	32692143	okwegula	lug-000	pander	eng-000
4938	32692144	olugave	lug-000	pangolin	eng-000
4939	32692145	okugugumuka	lug-000	panic	eng-000
4940	32692145	okusattira	lug-000	panic	eng-000
4941	32692146	empale	lug-000	pants	eng-000
4942	32693019	empale	lug-000	trouser	eng-000
4943	32692147	olupapula	lug-000	paper	eng-000
4944	32692153	abazadde	lug-000	parents	eng-000
4945	32692154	omuluka	lug-000	parish	eng-000
4946	32692155	ekibangirize	lug-000	park	eng-000
4947	32692159	akabaga	lug-000	party	eng-000
4948	32692160	okuyitta	lug-000	pass	eng-000
4949	32692161	omusabazze	lug-000	passenger	eng-000
4950	32692162	obwaagazi	lug-000	passion	eng-000
4951	32692163	akatunda	lug-000	passion fruit	eng-000
4952	32692165	ebyayitta	lug-000	past	eng-000
4955	32692170	okusunyaako	lug-000	pat	eng-000
4956	32692171	olugudo	lug-000	path	eng-000
4957	32692172	omulwadde	lug-000	patient	eng-000
4958	32692174	okulawuna	lug-000	patrol	eng-000
4959	32692175	olubalaza	lug-000	pavement	eng-000
4960	32692176	ekigere kyensolo	lug-000	paw	eng-000
4961	36281040	emirembe	lug-000	peace	eng-000
4963	32692365	emirembe	lug-000	quiet	eng-000
4964	32692187	okuwaata	lug-000	peel	eng-000
4965	32692187	okususa	lug-000	peel	eng-000
4966	32692190	ekalaamu enkalu	lug-000	pencil	eng-000
4967	32692191	pingu	lug-000	penguin	eng-000
4968	32692192	akasolo	lug-000	penis	eng-000
4969	32692197	ekitaliiko kamogo	lug-000	perfect	eng-000
4970	32692201	okuyigganya	lug-000	persecute	eng-000
4971	32692201	okujoonyesa	lug-000	persecute	eng-000
4972	32692201	okukijjanya	lug-000	persecute	eng-000
4973	32692201	okubejjerera	lug-000	persecute	eng-000
4974	32692449	okubejjerera	lug-000	revile	eng-000
4975	32692202	okuguma	lug-000	persevere	eng-000
4976	32692206	amafuta gʼemmotoka	lug-000	petroleum	eng-000
4977	32692209	okulondawo	lug-000	pick	eng-000
4978	32692210	okuyoola	lug-000	pick up	eng-000
4979	32692211	emotoka kabangali	lug-000	pick-up	eng-000
4980	32692212	omusazi wʼensawo	lug-000	pickpocket	eng-000
4981	32692212	okusala ensawo	lug-000	pickpocket	eng-000
4982	32692214	okulambula	lug-000	picnic	eng-000
4983	32692216	eba meere	lug-000	pie	eng-000
4984	32692217	ekifi	lug-000	piece	eng-000
4985	32692220	enjiibwa	lug-000	pigeon	eng-000
4986	32692222	omulamazi	lug-000	pilgrim	eng-000
4987	32692223	okulamaga	lug-000	pilgrimage	eng-000
4988	32692224	ekkerenda	lug-000	pill	eng-000
4989	32692228	embalabe	lug-000	pimple	eng-000
4990	32692229	epini	lug-000	pin	eng-000
4991	32692229	ekikwaaso	lug-000	pin	eng-000
4992	32692230	okusuna	lug-000	pinch	eng-000
4993	32692258	okusuna	lug-000	pluck	eng-000
4994	32692231	payini	lug-000	pine	eng-000
4995	32692232	enanaansi	lug-000	pineapple	eng-000
4996	32692234	payinti	lug-000	pint	eng-000
4997	32692235	oluppira	lug-000	pipe	eng-000
4998	32692236	omubi wokumeeri	lug-000	pirate	eng-000
4999	32692237	okufuka	lug-000	piss	eng-000
5000	32692239	okusaasira	lug-000	pity	eng-000
5001	32692242	olukoola	lug-000	plain	eng-000
5002	32692242	owa bulijjo	lug-000	plain	eng-000
5003	32692243	enteekateeka	lug-000	plan	eng-000
5004	32692243	okukola enteekateeka	lug-000	plan	eng-000
5005	32692244	ekyerere	lug-000	plane	eng-000
5006	32692246	ekisimbe	lug-000	plant	eng-000
5007	32692246	okusimba	lug-000	plant	eng-000
5008	32692246	ekirime	lug-000	plant	eng-000
5010	32692248	esowaani	lug-000	plate	eng-000
5011	32692249	olusaniya	lug-000	platter	eng-000
5012	32692250	okuzannya	lug-000	play	eng-000
5013	32692251	ekisawe	lug-000	playground	eng-000
5014	32692252	okwegayirira	lug-000	plead	eng-000
5015	32692292	okwegayirira	lug-000	pray	eng-000
5016	32692252	okuwoza	lug-000	plead	eng-000
5017	32692252	okulaajana	lug-000	plead	eng-000
5018	32692252	okwenyonyolako	lug-000	plead	eng-000
5019	32692252	okwewozaako	lug-000	plead	eng-000
5020	32692254	okusanyusa	lug-000	please	eng-000
5021	32692255	obweyamo	lug-000	pledge	eng-000
5022	32692255	okwetema	lug-000	pledge	eng-000
5023	32692256	ekibanja	lug-000	plot	eng-000
5024	32692258	okutundula	lug-000	pluck	eng-000
5025	32692259	omukozi	lug-000	plumber	eng-000
5026	32692259	atambuuza	lug-000	plumber	eng-000
5027	32692259	alongosa amazzi	lug-000	plumber	eng-000
5028	32692262	olulimi lwekimera	lug-000	pod	eng-000
5029	32692263	ebozzi	lug-000	poem	eng-000
5030	32692264	okusonga	lug-000	point	eng-000
5031	32692267	omusirikale	lug-000	police	eng-000
5032	32692692	omusirikale	lug-000	soldier	eng-000
5033	32692270	ebyʼobufuzi	lug-000	politics	eng-000
5034	32692271	ebikyafu	lug-000	pollution	eng-000
5035	32692272	eyemanyi ennyo	lug-000	pompous	eng-000
5036	32692276	omwaavu	lug-000	poor	eng-000
5037	32692277	ebiberenge	lug-000	popcorn	eng-000
5038	32692279	omwalo	lug-000	port	eng-000
5039	32692280	ekisoboka	lug-000	possible	eng-000
5042	32692411	okujuliza	lug-000	refer	eng-000
5044	32692284	ekibuumbe	lug-000	pottery	eng-000
5045	32692284	okubuumba	lug-000	pottery	eng-000
5046	32692285	kiyumba ky’enkoko	lug-000	poultry	eng-000
5047	32692287	okuyuwa	lug-000	pour	eng-000
5048	32692288	obwaavu	lug-000	poverty	eng-000
5049	32692289	obuwunga	lug-000	powder	eng-000
5050	32692290	amasanyalazeendasi	lug-000	power	eng-000
5051	32692291	okwegeza	lug-000	practice	eng-000
5052	32692292	okusamira	lug-000	pray	eng-000
5053	32692292	okusinza	lug-000	pray	eng-000
5054	32692292	okusaala	lug-000	pray	eng-000
5055	32692293	essaala	lug-000	prayer	eng-000
5056	32692295	okubulira	lug-000	preach	eng-000
5057	32692297	egwakko	lug-000	pregnancy	eng-000
5058	32692298	okufuna lubuto	lug-000	pregnant	eng-000
5059	32692299	okubeera lubuto	lug-000	pregnant	eng-000
5060	32692300	omusowole	lug-000	premature	eng-000
5061	32692302	amakula	lug-000	present	eng-000
5062	32692303	omwanjuzi	lug-000	presenter	eng-000
5063	32692307	ekirabika obulungi	lug-000	pretty	eng-000
5064	32692308	ebeeyi	lug-000	price	eng-000
5065	32692309	amalalaokwemanya	lug-000	pride	eng-000
5066	32692311	omulangira	lug-000	prince	eng-000
5067	32692312	omumbejja	lug-000	princess	eng-000
5068	32692315	ekomera	lug-000	prison	eng-000
5069	32692317	ebuziba	lug-000	private parts	eng-000
5070	32692317	magala	lug-000	private parts	eng-000
5071	32692319	omutawaana	lug-000	problem	eng-000
5072	32692320	enkola	lug-000	process	eng-000
5073	32692320	entambuza yʼebintu	lug-000	process	eng-000
5074	32692322	amagoba	lug-000	profit	eng-000
5075	32692322	okugobolola	lug-000	profit	eng-000
5076	32692322	okuganyulwa	lug-000	profit	eng-000
5077	32692325	obutambuze	lug-000	promiscuity	eng-000
5078	32692326	omwenzi	lug-000	promiscuous	eng-000
5079	32692327	ekisuubizo	lug-000	promise	eng-000
5080	32692327	okusuubiza	lug-000	promise	eng-000
5081	32692328	ekyʼobugagga	lug-000	property	eng-000
5082	32692329	omutume	lug-000	prophet	eng-000
5083	32692330	omuwaabi	lug-000	prosecutor	eng-000
5084	32692333	okwekalakaasa	lug-000	protest	eng-000
5085	32692334	eyemanyi	lug-000	proud	eng-000
5086	32692334	ow’amalala	lug-000	proud	eng-000
5087	32692335	olugero	lug-000	proverb	eng-000
5089	32692336	okusomooza	lug-000	provoke	eng-000
5090	32692336	okusonsa	lug-000	provoke	eng-000
5091	32692336	okusosonkereza	lug-000	provoke	eng-000
5092	32692340	okusunda	lug-000	pump	eng-000
5093	32692590	okusunda	lug-000	shake	eng-000
5094	32692341	enssujju	lug-000	pumpkin	eng-000
5095	32692342	okubonereza	lug-000	punish	eng-000
5096	32692342	okukangavvula	lug-000	punish	eng-000
5097	32692343	omuyiizi	lug-000	pupil	eng-000
5098	32692346	ekitali kitabule	lug-000	pure	eng-000
5099	32692356	okuba nʼebisaanyizo	lug-000	qualified	eng-000
5100	32692357	oluyombo	lug-000	quarrel	eng-000
5101	32692357	okuyomba	lug-000	quarrel	eng-000
5102	32692359	ekimu ekyʼokuna	lug-000	quarter	eng-000
5103	32692361	okutta ennyonta	lug-000	quench	eng-000
5104	32692361	okuvubiriza	lug-000	quench	eng-000
5105	32692365	akasirikiriro	lug-000	quiet	eng-000
5106	32692367	okugezesa	lug-000	quiz	eng-000
5107	32692910	okugezesa	lug-000	test	eng-000
5108	32692370	okuduka ennyo	lug-000	race	eng-000
5109	32692373	ekikwekweeto	lug-000	raid	eng-000
5110	32692373	okukwekeeta	lug-000	raid	eng-000
5111	32692376	ekibira ekikwafu	lug-000	rain forest	eng-000
5112	32692379	ekibala ekikaze	lug-000	raisin	eng-000
5113	32692381	ettaala	lug-000	ramp	eng-000
5114	32692383	edundiro lyebisolo	lug-000	ranch	eng-000
5115	32692384	okuliisa amaanyi	lug-000	rape	eng-000
5116	32692386	endwadde y’olususu	lug-000	rash	eng-000
5117	32692391	akagirita	lug-000	razor blade	eng-000
5118	32692391	akammwa	lug-000	razor blade	eng-000
5119	32692391	akamweeno	lug-000	razor blade	eng-000
5120	32692393	okusoma	lug-000	read	eng-000
5122	32692398	ekisamusaamu	lug-000	reasonable	eng-000
5123	32692399	okujeema	lug-000	rebel	eng-000
5124	32692401	okwetegekera okufumba	lug-000	recipe	eng-000
5125	32692402	obuwandiike	lug-000	record	eng-000
5127	32692404	okusuuka	lug-000	recover	eng-000
5128	32692404	okununula	lug-000	recover	eng-000
5129	32692408	okununula	lug-000	redeem	eng-000
5130	32692528	okununula	lug-000	save	eng-000
5131	32692409	okukendeeza	lug-000	reduce	eng-000
5132	32692410	enjaza	lug-000	reedbuck	eng-000
5133	32692412	ekimyanso	lug-000	reflection	eng-000
5134	32692415	omunoonyi wʼobubudamo	lug-000	refugee	eng-000
5135	32692416	okugaana	lug-000	refuse	eng-000
5138	32692419	okwejjusa	lug-000	regret	eng-000
5139	32692420	okwaanaganya	lug-000	relate	eng-000
5140	32692421	ow’oluganda	lug-000	relative	eng-000
5141	32692422	okukakkana	lug-000	relax	eng-000
5142	32692424	okujjukiza	lug-000	remind	eng-000
5143	32692425	obusuulu	lug-000	rent	eng-000
5144	32692426	okuddabiriza	lug-000	repair	eng-000
5145	32692428	okuzaawo	lug-000	replace	eng-000
5146	32692430	alipoota	lug-000	report	eng-000
5147	32692430	okuloopa	lug-000	report	eng-000
5148	32692432	ebisolo ebyewalula	lug-000	reptile	eng-000
5150	32692436	okulekulira	lug-000	resign	eng-000
5151	32692437	ekyʼokozesa	lug-000	resource	eng-000
5152	32692438	ekitiibwa	lug-000	respect	eng-000
5153	32692438	okusaamu ekiitibwa	lug-000	respect	eng-000
5154	32692439	obuvunanyizibwa	lug-000	responsibility	eng-000
5157	32692444	okuzuukira	lug-000	resurrect	eng-000
5158	32692445	okukomawo	lug-000	return	eng-000
5159	32692446	okwaasanguza	lug-000	reveal	eng-000
5160	32692446	okwaatula	lug-000	reveal	eng-000
5161	32692447	okubikulirwa	lug-000	revelation	eng-000
5162	32692448	okwesasuza	lug-000	revenge	eng-000
5163	32692450	okukyusaamu	lug-000	revise	eng-000
5164	32692451	enkyuukakyuuka	lug-000	revolution	eng-000
5165	32692452	eddoboozi erimu	lug-000	rhyme	eng-000
5166	32692453	olubirizi	lug-000	rib	eng-000
5167	32692455	omuceere	lug-000	rice	eng-000
5168	32692456	omugagga	lug-000	rich	eng-000
5169	32692457	ebyʼobugagga	lug-000	riches	eng-000
5170	32692458	ekibuuzo ekyobusiru	lug-000	riddle	eng-000
5171	32692460	okusoona	lug-000	ridicule	eng-000
5172	32692462	olupanka	lug-000	rim	eng-000
5173	32692464	okunyumunguza	lug-000	rinse	eng-000
5174	32692466	okwengera	lug-000	ripe	eng-000
5175	32692469	oluguudo	lug-000	road	eng-000
5177	32692472	omunyazi	lug-000	robber	eng-000
5178	32692474	olwaazi	lug-000	rock	eng-000
5179	32692476	okuyiringisa	lug-000	roll	eng-000
5180	32692478	akasolya	lug-000	roof	eng-000
5181	32692481	okuloka	lug-000	root	eng-000
5182	32692742	okuloka	lug-000	sprout	eng-000
5183	32692483	akamuli kakawoowo	lug-000	rose	eng-000
5184	32692484	ekikalabula	lug-000	rough	eng-000
5185	32692487	oluseregende lwabantu	lug-000	row	eng-000
5186	32692496	okufubutuka	lug-000	run	eng-000
5187	32692741	okufubutuka	lug-000	sprint	eng-000
5188	32692498	akazannyo	lug-000	ruse	eng-000
5189	32693014	akazannyo	lug-000	trick	eng-000
5190	32692498	okuguumaaza	lug-000	ruse	eng-000
5191	32692499	okupapa	lug-000	rush	eng-000
5192	32692500	obutalavvu	lug-000	rust	eng-000
5193	32692500	okutalagga	lug-000	rust	eng-000
5194	32692502	okwefiiriza	lug-000	sacrifice	eng-000
5195	32692502	okwewaayo	lug-000	sacrifice	eng-000
5196	32692503	omunakuwavu	lug-000	sad	eng-000
5197	32692505	okuseyeeya	lug-000	sail	eng-000
5198	32692507	omulunyanja	lug-000	sailor	eng-000
5199	32692509	omusaala	lug-000	salary	eng-000
5200	32692510	okutunda	lug-000	sale	eng-000
5201	32692569	okutunda	lug-000	sell	eng-000
5202	32692513	ommunyu	lug-000	salt	eng-000
5203	32692514	ebifaanagana	lug-000	same	eng-000
5204	32692515	okuwawula	lug-000	sand	eng-000
5206	32692519	okukiina	lug-000	sarcasm	eng-000
5208	32692522	omuzimu omubi	lug-000	satan	eng-000
5209	32692524	okumatira	lug-000	satisfied	eng-000
5210	32692524	okukkuta	lug-000	satisfied	eng-000
5211	32692525	okukkusa	lug-000	satisfy	eng-000
5212	32692527	esefuliya	lug-000	saucepan	eng-000
5213	32692528	okulokola	lug-000	save	eng-000
5214	32692528	okutereka	lug-000	save	eng-000
5215	32692531	okugamba	lug-000	say	eng-000
5216	32692532	enjogera	lug-000	saying	eng-000
5217	32692534	ebigalagamba	lug-000	scales	eng-000
5218	32692535	enkovu	lug-000	scar	eng-000
5219	32692536	okutisatiisa	lug-000	scare	eng-000
5220	32692538	akajwenge	lug-000	scarf	eng-000
5221	32692539	olusu	lug-000	scent	eng-000
5222	32692672	olusu	lug-000	smell	eng-000
5223	32692541	essomero	lug-000	school	eng-000
5224	32692546	okwagula	lug-000	scratch	eng-000
5225	32692546	okwetakula	lug-000	scratch	eng-000
5226	32692549	akasiko	lug-000	scrub	eng-000
5227	32692551	ekibumbe	lug-000	sculpture	eng-000
5228	32692551	ekibajje	lug-000	sculpture	eng-000
5230	32692565	okunoonya	lug-000	seek	eng-000
5234	32692557	ekyʼokubiri	lug-000	second	eng-000
5235	32692558	ekyaama	lug-000	secret	eng-000
5236	32692559	omuwandiisi	lug-000	secretary	eng-000
5237	32692561	ebyʼokwerinda	lug-000	security	eng-000
5238	32692562	omukuumi	lug-000	security guard	eng-000
5239	32692568	eyefaako yekka	lug-000	selfish	eng-000
5240	32692571	okuwereza	lug-000	send	eng-000
5241	32692571	okutumya	lug-000	send	eng-000
5242	32692572	ensa	lug-000	sense	eng-000
5243	32692573	okukaliga	lug-000	sentence	eng-000
5244	32692946	okukaliga	lug-000	tie	eng-000
5245	32692574	okwaawula	lug-000	separate	eng-000
5246	32692574	okunoba	lug-000	separate	eng-000
5247	32692576	omuweereza	lug-000	servant	eng-000
5248	32692578	entungo	lug-000	sesame	eng-000
5249	32692579	ebigatte	lug-000	set	eng-000
5250	32692580	okukkalira	lug-000	settle	eng-000
5251	32692586	ekyalaani	lug-000	sewing machine	eng-000
5252	32692587	ekikula ky’omuntu	lug-000	sex	eng-000
5253	32692589	ekisikirize	lug-000	shadow	eng-000
5254	32692590	okunyeenya	lug-000	shake	eng-000
5255	32692591	obuswaavu	lug-000	shame	eng-000
5256	32692592	okugabana	lug-000	share	eng-000
5257	32692593	ekyenyanja ekinene	lug-000	shark	eng-000
5258	32692594	ekisongovu	lug-000	sharp	eng-000
5259	32692596	ekibanyi	lug-000	shelf	eng-000
5260	32692597	ekifulukwa	lug-000	shell	eng-000
5261	32692597	ekisosonkole	lug-000	shell	eng-000
5262	32692601	okumeremeenya	lug-000	shine	eng-000
5263	32692601	okunyirira	lug-000	shine	eng-000
5264	32692602	emeeri	lug-000	ship	eng-000
5265	32692603	esaati	lug-000	shirt	eng-000
5266	32692604	ekyekaango	lug-000	shock	eng-000
5267	32692604	okuwunikiriza	lug-000	shock	eng-000
5268	32692605	engatto	lug-000	shoe	eng-000
5269	32692606	akagwa kʼengatto	lug-000	shoelace	eng-000
5270	32692608	eduuka	lug-000	shop	eng-000
5272	32692610	ekimpi	lug-000	short	eng-000
5273	32692611	empaleeʼnyimpi	lug-000	shorts	eng-000
5274	32692612	okulekaana	lug-000	shout	eng-000
5275	32692612	okulekanira	lug-000	shout	eng-000
5276	32692613	ekitiyo	lug-000	shovel	eng-000
5277	32692614	omwooleso	lug-000	show	eng-000
5278	32692615	okudaala	lug-000	show off	eng-000
5279	32692617	obufunda bw’ekintu	lug-000	shrink	eng-000
5280	32692619	okuggalawo	lug-000	shut	eng-000
5281	32692620	okusirika	lug-000	shut up	eng-000
5282	32692621	okuba nʼensonyi	lug-000	shy	eng-000
5283	32692623	okulwaala	lug-000	sick	eng-000
5284	32692625	emabbali wolugudo	lug-000	sidewalk	eng-000
5285	32692627	kekobonero akakwoleka	lug-000	signal	eng-000
5286	32692627	akakulaga ekintu	lug-000	signal	eng-000
5287	32692637	obugoogwa	lug-000	sisal	eng-000
5288	32692648	okubuka	lug-000	skip	eng-000
5289	32692650	akawanga	lug-000	skull	eng-000
5290	32692650	akaba	lug-000	skull	eng-000
5291	32692654	okulebera	lug-000	slack	eng-000
5292	32692655	okulebeza	lug-000	slacken	eng-000
5293	32692656	okukonjera	lug-000	slander	eng-000
5294	32692657	oluyi	lug-000	slap	eng-000
5295	32692657	okukuba oluyi	lug-000	slap	eng-000
5296	32692658	omuddu	lug-000	slave	eng-000
5297	32692659	obuddu	lug-000	slavery	eng-000
5298	32692660	okusanjaga	lug-000	slay	eng-000
5299	32692662	ekibajjo	lug-000	slice	eng-000
5300	32692663	okuseerera	lug-000	slide	eng-000
5301	32692666	okuseerera	lug-000	slip	eng-000
5302	32692664	okukasukira	lug-000	sling	eng-000
5303	32692672	ekivundu	lug-000	smell	eng-000
5304	32692673	akamweenyomweenyo	lug-000	smile	eng-000
5305	32692674	okukalilira	lug-000	smoke	eng-000
5306	32692674	okunywa sigala	lug-000	smoke	eng-000
5307	32692676	akampwaakipwaaki	lug-000	snack	eng-000
5308	32692676	okumegenya	lug-000	snack	eng-000
5309	32692676	okwegaaya	lug-000	snack	eng-000
5310	32692677	ensiringanyi	lug-000	snail	eng-000
5311	32692679	ekyasimulo	lug-000	sneeze	eng-000
5312	32692679	okwasimula	lug-000	sneeze	eng-000
5314	32692682	okunnyika	lug-000	soak	eng-000
5315	32692684	omupiira gwʼebigere	lug-000	soccer	eng-000
5316	32692685	enkampa	lug-000	sock	eng-000
5317	32692686	akatuli	lug-000	socket	eng-000
5318	32692690	amanyi genjuba	lug-000	solar	eng-000
5319	32692693	ekyekute	lug-000	solid	eng-000
5320	32692696	ebimu	lug-000	some	eng-000
5321	32692700	ekifo ekimu	lug-000	somewhere	eng-000
5324	32692713	ekitiiyo	lug-000	spade	eng-000
5325	32692720	ekiwunikiriza	lug-000	spectacular	eng-000
5326	32692725	amazzi g’obusajja	lug-000	sperm	eng-000
5327	32692726	ebinzaali	lug-000	spices	eng-000
5328	32692726	ebirungo	lug-000	spices	eng-000
5329	32692728	okuyiwayiwa	lug-000	spill	eng-000
5330	32692739	okufuyira	lug-000	spray	eng-000
5331	32692740	akagga	lug-000	spring	eng-000
5333	32692742	endokwa	lug-000	sprout	eng-000
5334	32692742	okumeruka	lug-000	sprout	eng-000
5335	32692743	omukessi	lug-000	spy	eng-000
5336	32692743	okubega	lug-000	spy	eng-000
5337	32692743	okuketta	lug-000	spy	eng-000
5365	32692843	okukinnimba	lug-000	swagger	eng-000
5371	32692813	eggombolola	lug-000	sub-county	eng-000
5372	32692814	ekyombo lubbira	lug-000	submarine	eng-000
5373	32692815	okutoolako	lug-000	subtract	eng-000
5374	32692820	okuziyira	lug-000	suffocate	eng-000
5375	32692825	esuuti	lug-000	suit	eng-000
5376	32692832	okubira	lug-000	sunk	eng-000
5377	32692837	obuwagizi	lug-000	support	eng-000
5378	32692837	okujuna	lug-000	support	eng-000
5379	32692841	okupima ettaka	lug-000	survey	eng-000
5380	32692841	okubalirira	lug-000	survey	eng-000
5381	32692842	omupunta	lug-000	surveyor	eng-000
5382	32692844	okumira	lug-000	swallow	eng-000
5383	32692848	entuuyo	lug-000	sweat	eng-000
5384	32692851	okuwoomerera	lug-000	sweet	eng-000
5385	32692856	olusuubo	lug-000	swing	eng-000
5386	32692857	emmanduso	lug-000	switch	eng-000
5387	32692863	akakerenda	lug-000	tablet	eng-000
5388	32692865	akawuna	lug-000	tag	eng-000
5389	32692869	okusimbula	lug-000	take off	eng-000
5390	32692872	okulegejja	lug-000	talk	eng-000
5391	32692874	ensolo enkambwe	lug-000	tame	eng-000
5392	32692876	akafulejje	lug-000	tap	eng-000
5393	32692876	omufulejje	lug-000	tap	eng-000
5395	32692888	ezziga	lug-000	tear	eng-000
5396	32692888	okuyuza	lug-000	tear	eng-000
5397	32692888	obuyuzifu	lug-000	tear	eng-000
5398	32692888	okwanguyiriza	lug-000	tear	eng-000
5399	32692898	okuswakira	lug-000	temper	eng-000
5400	32692900	omupangisa	lug-000	tenant	eng-000
5401	32692905	olusoma	lug-000	term	eng-000
5402	32692905	ekisanja	lug-000	term	eng-000
5403	32692917	awo	lug-000	there	eng-000
5404	32692917	eyo	lug-000	there	eng-000
5406	32692942	enkwa	lug-000	tick	eng-000
5407	32692944	awatundirwa tikiti	lug-000	ticket window	eng-000
5408	32692946	etaayi	lug-000	tie	eng-000
5409	32692949	akategula	lug-000	tile	eng-000
5410	32692950	okwewunzika	lug-000	tilt	eng-000
5411	32692954	okusojjolimba	lug-000	tiptoe	eng-000
5412	32692957	obusimu bw’omubiri	lug-000	tissue	eng-000
5413	32692958	ebeere	lug-000	tit	eng-000
5414	32692959	ekitibwa	lug-000	title	eng-000
5415	32692959	erinnya ettongole	lug-000	title	eng-000
5416	32692978	okukoleeza	lug-000	torch	eng-000
5417	32692992	okusuubula	lug-000	trade	eng-000
5418	32692993	omusuubuzi	lug-000	trader	eng-000
5419	32692998	omukululo	lug-000	trail	eng-000
5420	32693000	egaali kayoola	lug-000	train	eng-000
5421	32693000	egaali yʼomukka	lug-000	train	eng-000
5422	32693000	okutendeka	lug-000	train	eng-000
5423	32693001	ow’enkwe	lug-000	traitor	eng-000
5424	32693002	ekizigo	lug-000	trap	eng-000
5425	32693002	okutega	lug-000	trap	eng-000
5426	32693002	okulembeka	lug-000	trap	eng-000
5427	32693008	eggwanika	lug-000	treasury	eng-000
5428	32693008	enkuluze	lug-000	treasury	eng-000
5429	32693014	akuguumaaza	lug-000	trick	eng-000
5430	32693014	okukema	lug-000	trick	eng-000
5431	32693015	emanduso	lug-000	trigger	eng-000
5432	32693017	okutalantuka	lug-000	trip	eng-000
5433	32693018	obutakwatagana	lug-000	trouble	eng-000
5434	32693022	akagombe	lug-000	trumpet	eng-000
5435	32693024	okwesiga	lug-000	trust	eng-000
5436	32693033	ekanzu	lug-000	tunic	eng-000
5437	32693035	omutuluki	lug-000	turk	eng-000
5438	32693041	obutabi bw’omuti	lug-000	twig	eng-000
5439	32693045	omubi	lug-000	ugly	eng-000
5440	32693049	obutamannya kituufu	lug-000	uncertain	eng-000
5441	32693050	omuggulu	lug-000	uncivilized	eng-000
5442	32693052	okuzibikula	lug-000	uncork	eng-000
5443	32693052	okusanukula	lug-000	uncork	eng-000
5444	32693062	okukwekula	lug-000	unearth	eng-000
5445	32693064	obuta mwesigwa	lug-000	unfaithful	eng-000
5446	32693069	okufunyulula	lug-000	unroll	eng-000
5447	32693069	okuzingulula	lug-000	unroll	eng-000
5448	32693072	okuyuguuma	lug-000	upheaval	eng-000
5449	32693072	akayuuguumo	lug-000	upheaval	eng-000
5450	32693079	amerika	lug-000	USA	eng-000
5451	32693088	emmotoka kamunye	lug-000	van	eng-000
5452	32693091	ebivavava	lug-000	vegetables	eng-000
5453	32693095	akamooli	lug-000	vent	eng-000
5454	32693101	okujugumira	lug-000	vibrate	eng-000
5455	32693105	okweejjeerera	lug-000	vindicated	eng-000
5456	32693108	okulabikirwa	lug-000	vision	eng-000
5457	32693109	okugenyiwala	lug-000	visit	eng-000
5458	32693109	okukyaala	lug-000	visit	eng-000
5459	32693116	akalulu	lug-000	vote	eng-000
5460	32693116	okukuba akalulu	lug-000	vote	eng-000
5461	32693121	ekiggali	lug-000	wagon	eng-000
5463	32693137	esaawa y’okumukono	lug-000	watch	eng-000
5464	32693137	okulabilira	lug-000	watch	eng-000
5465	32693142	okuwuuba	lug-000	wave	eng-000
5466	32693143	ebisasala	lug-000	wax	eng-000
5467	32693144	ekubo	lug-000	way	eng-000
5468	32693150	enyumba yanababubi	lug-000	web	eng-000
5469	32693151	okufumbirwa	lug-000	wed	eng-000
5470	32693159	oluzzi	lug-000	well	eng-000
5471	32693169	akaama	lug-000	whisper	eng-000
5472	32693169	okwogera mukaama	lug-000	whisper	eng-000
5475	32693174	okutunda jjumula	lug-000	wholesale	eng-000
5476	32693183	eddaame	lug-000	will	eng-000
5477	32693183	ekilaamo	lug-000	will	eng-000
5478	32693195	okwagaliza	lug-000	wish	eng-000
5479	32693195	okweyagaliza	lug-000	wish	eng-000
5480	32693198	okwelabirako	lug-000	witness	eng-000
5481	32693204	okwewuunya	lug-000	wonder	eng-000
5482	32693214	okwelarikirira	lug-000	worry	eng-000
5483	32693216	ebbwa	lug-000	wound	eng-000
5485	32693221	enkanyanya	lug-000	wrinkle	eng-000
5486	32693225	ejjuni	lug-000	yam	eng-000
5487	32693227	obugogwa	lug-000	yarn	eng-000
5488	32693228	ekyayuuyo	lug-000	yawn	eng-000
5489	32693230	okuwuggana	lug-000	yell	eng-000
5490	32693244	okugaziya	lug-000	zoom	eng-000
5491	32693244	okufunza	lug-000	zoom	eng-000
5492	20272568	-agala	lug-000	like	eng-000
5493	20272482	-ddugavu	lug-000	black	eng-000
5497	20272572	-dduka	lug-000	run	eng-000
5498	20272492	-ddyo	lug-000	right	eng-000
5499	20272495	-eru	lug-000	white	eng-000
5503	20272542	-fanana	lug-000	like	eng-000
5504	20272561	-funa	lug-000	get	eng-000
5505	20272489	-ingi	lug-000	many	eng-000
5506	20272499	-kka	lug-000	only	eng-000
5509	20272579	-kola	lug-000	work	eng-000
5510	10167120	kucenca	lug-000	run	eng-000
5511	19493346	kyeetagisa	lug-000	necessary	eng-000
5512	20272548	-ku	lug-000	some	eng-000
5513	20272566	-kwata	lug-000	hold	eng-000
5514	20272552	-kye	lug-000	what	eng-000
5515	20272564	-lina	lug-000	have	eng-000
5516	20272484	-luungi	lug-000	good	eng-000
5517	19494062	mutemu	lug-000	murderer	eng-000
5518	20272508	-nga	lug-000	when	eng-000
5519	20272550	-no	lug-000	this	eng-000
5520	20272481	-onna	lug-000	all	eng-000
5524	19494486	riggwa	lug-000	thorn	eng-000
5525	19494644	tule	lug-000	tray	eng-000
5528	20272486	-siwuufu	lug-000	light	eng-000
5529	20272483	-sooka	lug-000	first	eng-000
5530	20272494	-tono	lug-000	small	eng-000
5537	20272493	-tuufu	lug-000	right	eng-000
5539	20272578	-twala	lug-000	take	eng-000
5540	20272505	-tya	lug-000	how	eng-000
5542	20272562	-wa	lug-000	give	eng-000
5543	20272488	-wanvu	lug-000	long	eng-000
5545	20272487	-wewuka	lug-000	light	eng-000
5546	20272565	-yamba	lug-000	help	eng-000
5548	20272507	-yo	lug-000	that	eng-000
5549	20272570	-zannya	lug-000	play	eng-000
5550	27849771	era	lug-000	and	eng-000
5551	32691966	era	lug-000	moreover	eng-000
5552	32088584	Togo	lug-000	Togo	eng-000
5555	20033958	5wa	lug-000	drink	eng-000
5556	1189814	Almazán	lug-000	Almazán	eng-000
5558	1196259	Baibuli	lug-000	Bible	eng-000
5561	19491255	Bitungotungo	lug-000	October	eng-000
5563	1773222	Breinigerberg	lug-000	Breinigerberg	eng-000
5564	84939	Budaaki	lug-000	Germany	eng-000
5570	98753	Buyindi	lug-000	India	eng-000
5575	1405859	Denmarki	lug-000	Denmark	eng-000
5577	1405668	Ekiwandiiko Ekyʼabantu Bonna Ekifa ku Ddembe Lyʼobunto	lug-000	Universal Declaration of Human Rights	eng-000
5578	19491501	Febulwaali	lug-000	February	eng-000
5580	30789487	Ganda	lug-000	Luganda	eng-000
5582	1225295	Girimane	lug-000	Germany	eng-000
5586	1603723	Isilandi	lug-000	Iceland	eng-000
5591	19491551	Japaani	lug-000	Japan	eng-000
5593	1519911	Jesu Kristo	lug-000	Jesus	eng-000
5594	19491582	Kabi	lug-000	danger	eng-000
5596	19491598	Kafumuulampawu	lug-000	April	eng-000
5599	1610162	Kampala	lug-000	Kampala	eng-000
5600	19491679	Kasambula	lug-000	July	eng-000
5602	1677164	Kkanisa ya Yeso Eyannamaddala	lug-000	True Jesus Church	eng-000
5603	19492482	Kukuba bifaananyi	lug-000	photograph	eng-000
5605	19493584	Maki	lug-000	March	eng-000
5607	19493625	Mayi	lug-000	May	eng-000
5609	19493798	Mugulansigo	lug-000	March	eng-000
5611	19493866	Mukulukusa	lug-000	October	eng-000
5613	19493873	Mukutulansanja	lug-000	February	eng-000
5615	19494001	Museenene	lug-000	November	eng-000
5617	19494005	Museveniside	lug-000	Seventh-Day Adventist	eng-000
5619	19494010	Musingasinga	lug-000	Sikh	eng-000
5621	19494075	Mutunda	lug-000	September	eng-000
5623	19494120	Muyindu	lug-000	Hindu	eng-000
5625	19494127	Muyudaaya	lug-000	Jewish	eng-000
5627	19494137	Muzigo	lug-000	May	eng-000
5629	19494166	Mwami	lug-000	Mr	eng-000
5631	19494171	Mwana wange	lug-000	nephew	eng-000
5632	19494172	Mwana wange	lug-000	niece	eng-000
5635	19494234	Neekolera gyange	lug-000	self-employed	eng-000
5637	19494353	Nnyimba	lug-000	music	eng-000
5639	19494365	Novemba	lug-000	November	eng-000
5642	19494430	Ntenvu	lug-000	December	eng-000
5644	27836799	Oluganda	lug-000	Luganda	eng-000
5647	19494511	Sebutemba	lug-000	September	eng-000
5649	19494546	Ssebaseka	lug-000	June	eng-000
5651	20272575	Tuula	lug-000	sit	eng-000
5652	1169836	Uetersen	lug-000	Uetersen	eng-000
5653	1421513	Việt Nam	lug-000	Vietnam	eng-000
5655	19494704	Weeraba	lug-000	farewell	eng-000
5657	19494744	Yisirayiri	lug-000	Israel	eng-000
5659	19494745	Yitale	lug-000	Italy	eng-000
5664	20272555	a-	lug-000	who	eng-000
5666	30775149	abiri	lug-000	twenty	eng-000
5669	10167055	agala	lug-000	love	eng-000
5670	10167055	agala	lug-000	want	eng-000
5671	10167295	agala	lug-000	need	eng-000
5673	10167295	agala	lug-000	wish	eng-000
5674	10166859	aka	lug-000	year	eng-000
5675	10166939	akasaale	lug-000	arrow	eng-000
5680	32691887	akatale	lug-000	market	eng-000
5681	20033979	ama7zi	lug-000	water	eng-000
5683	30766017	amagezi	lug-000	advice	eng-000
5684	30785796	amagezi	lug-000	wisdom	eng-000
5686	32692671	amagezi	lug-000	smarts	eng-000
5692	32691931	amata	lug-000	milk	eng-000
5694	30770685	amazzi	lug-000	water	eng-000
5695	30777645	amazzi	lug-000	pee	eng-000
5696	30777645	amazzi	lug-000	pee-pee	eng-000
5697	30777645	amazzi	lug-000	piss	eng-000
5698	30777645	amazzi	lug-000	urine	eng-000
5699	30777645	amazzi	lug-000	wee-wee	eng-000
5703	10166451	ambala	lug-000	wear	eng-000
5704	10166677	ami	lug-000	chief	eng-000
5705	10166677	ami	lug-000	headman	eng-000
5706	10166863	ana	lug-000	child	eng-000
5708	32691355	ana	lug-000	forty	eng-000
5709	10166717	angu	lug-000	light in weight	eng-000
5710	20272556	ani	lug-000	who	eng-000
5712	10166864	anika	lug-000	dry	eng-000
5713	10166864	anika	lug-000	set out	eng-000
5714	10167008	annyina	lug-000	brother	eng-000
5716	10167088	anyi	lug-000	power	eng-000
5718	10166869	asa	lug-000	crack	eng-000
5719	10166869	asa	lug-000	split	eng-000
5720	10166856	asama	lug-000	open the mouth	eng-000
5722	30775154	asatu	lug-000	thirty	eng-000
5725	10166870	ato	lug-000	canoe	eng-000
5726	10166950	ato	lug-000	dug-out canoe	eng-000
5727	10166437	awi	lug-000	bitter	eng-000
5728	10166700	awula	lug-000	separate	eng-000
5729	10166700	awula	lug-000	set apart	eng-000
5730	10167060	ayuuya	lug-000	yawn	eng-000
5732	10167061	azika	lug-000	borrow	eng-000
5733	10167061	azika	lug-000	lend	eng-000
5734	10166261	ba	lug-000	be	eng-000
5735	10166261	ba	lug-000	become	eng-000
5737	19491174	baaba	lug-000	sibling	eng-000
5739	10166326	baala	lug-000	ant-hill	eng-000
5740	19491175	baasa	lug-000	envelope	eng-000
5741	19491176	baasi	lug-000	bus	eng-000
5743	30766590	baasi	lug-000	coach	eng-000
5748	10166513	baata	lug-000	duck	eng-000
5749	10166527	babula	lug-000	singe	eng-000
5750	19491181	bango	lug-000	hump	eng-000
5751	19491178	bajjaja	lug-000	great grandparent	eng-000
5752	32691472	bajjaja	lug-000	great-grandparent	eng-000
5753	10166341	baka	lug-000	sleep	eng-000
5754	10166952	baka	lug-000	king	eng-000
5755	19491179	baketi	lug-000	bucket	eng-000
5759	10167161	bakiro	lug-000	hiccup	eng-000
5760	10166640	bala	lug-000	count	eng-000
5761	10166838	bala	lug-000	fruit	eng-000
5762	10166512	balaasi	lug-000	horse	eng-000
5763	10166312	bambo	lug-000	tent pegs	eng-000
5764	19491180	banga	lug-000	time	eng-000
5765	10166911	bangaazi	lug-000	open space	eng-000
5766	10166334	banja	lug-000	plot of ground	eng-000
5767	19491182	bantu	lug-000	people	eng-000
5770	10166476	batu	lug-000	palm	eng-000
5771	19491184	bawuliriza	lug-000	audience	eng-000
5772	19491185	bayibuli	lug-000	bible	eng-000
5773	30789711	bayibuli	lug-000	Bible	eng-000
5775	30789711	bayibuli	lug-000	Good Book	eng-000
5776	30789711	bayibuli	lug-000	Holy Scripture	eng-000
5777	30789711	bayibuli	lug-000	Holy Writ	eng-000
5778	30789711	bayibuli	lug-000	Scripture	eng-000
5779	30789711	bayibuli	lug-000	Word	eng-000
5780	30789711	bayibuli	lug-000	Word of God	eng-000
5781	30789711	bayibuli	lug-000	book	eng-000
5783	19491186	bazadde	lug-000	parents	eng-000
5784	10166443	baze	lug-000	husband	eng-000
5785	10166941	bazzi	lug-000	axe	eng-000
5787	19491187	bbajjiro	lug-000	capentry shop	eng-000
5788	19491188	bbakuli	lug-000	bowl	eng-000
5789	19491189	bbala	lug-000	mark	eng-000
5790	19491190	bbala	lug-000	spot	eng-000
5791	19491191	bbaluwa	lug-000	letter	eng-000
5792	19491192	bbaluwa	lug-000	mail	eng-000
5793	19491193	bbaluwa ebanja	lug-000	bill	eng-000
5794	19491194	bbaluwa ebanja	lug-000	invoice	eng-000
5795	19491195	bbaluwa ekakasa	lug-000	certificate	eng-000
5797	19491196	bbanga	lug-000	gap	eng-000
5798	19491197	bbanga	lug-000	outdoors	eng-000
5799	19491198	bbanga	lug-000	space	eng-000
5801	19491199	bbango	lug-000	humpback	eng-000
5802	19491200	bbango	lug-000	kyphosis	eng-000
5803	19491201	bbanja	lug-000	debt	eng-000
5804	19491202	bbanja	lug-000	loan	eng-000
5805	19491203	bbanja	lug-000	obligation	eng-000
5807	19491205	bbeere	lug-000	breast	eng-000
5808	10166888	bbi	lug-000	thief	eng-000
5809	19491206	bbi	lug-000	feaces	eng-000
5811	10166906	bbika	lug-000	dip	eng-000
5813	37566316	bbiri	lug-000	two	eng-000
5814	10166841	bbo	lug-000	basket	eng-000
5815	19491207	bbomu	lug-000	bomb	eng-000
5817	19491208	bbongo	lug-000	yoghurt	eng-000
5818	19491209	bbumba	lug-000	clay	eng-000
5819	19491210	bbumbiro	lug-000	potter shop	eng-000
5820	19491211	bbwa	lug-000	wound	eng-000
5821	10166390	beele	lug-000	udder	eng-000
5822	19491212	beere	lug-000	tit	eng-000
5823	19491213	beetu	lug-000	liberty	eng-000
5824	19491214	beeyi	lug-000	price	eng-000
5825	10166675	begabega	lug-000	shoulder	eng-000
5826	19491215	bendera	lug-000	flag	eng-000
5828	19491216	better	lug-000	best	eng-000
5829	19491217	better	lug-000	better	eng-000
5830	10167300	biliizi	lug-000	rib	eng-000
5831	10166491	bi	lug-000	bad	eng-000
5832	19491218	biberenge	lug-000	popcorn	eng-000
5833	10167233	bibi	lug-000	boundary	eng-000
5834	19491219	bibiri	lug-000	pair	eng-000
5835	19491220	bifaanagana	lug-000	same	eng-000
5836	19491221	bigalagamba	lug-000	scales	eng-000
5837	19491222	bigatte	lug-000	set	eng-000
5838	19491223	biina lyʼabantu	lug-000	crowd	eng-000
5839	19491224	bijja	lug-000	cemetery	eng-000
5840	10167149	bikka	lug-000	cover	eng-000
5841	19491225	bikomo	lug-000	jewelry	eng-000
5843	19491227	bikyafu	lug-000	pollution	eng-000
5844	10166945	bili	lug-000	body	eng-000
5845	10167037	bili	lug-000	two	eng-000
5846	19491228	biliroliro	lug-000	fireworks	eng-000
5847	19491229	bimu	lug-000	some	eng-000
5848	19491230	bingi	lug-000	many	eng-000
5849	19491231	binika	lug-000	kettle	eng-000
5850	10166705	binja	lug-000	flock	eng-000
5851	10166705	binja	lug-000	group	eng-000
5852	10166705	binja	lug-000	pack	eng-000
5853	19491232	binnyonyi	lug-000	zoo	eng-000
5854	19491233	binzaali	lug-000	spices	eng-000
5855	10166818	bira	lug-000	forest	eng-000
5856	19491234	biri	lug-000	twenty	eng-000
5857	20033916	biri	lug-000	two	eng-000
5858	19491235	birime	lug-000	vegetable	eng-000
5859	19491236	birungo	lug-000	spices	eng-000
5860	19491237	bisale	lug-000	amount	eng-000
5861	19491238	bisasala	lug-000	wax	eng-000
5862	19491239	bisasiro	lug-000	garbage	eng-000
5863	19491240	bisasiro	lug-000	junk	eng-000
5864	19491241	bisasiro	lug-000	rubbish	eng-000
5865	19491242	bisasiro	lug-000	trash	eng-000
5867	19491244	biseera byʼebugumu	lug-000	summer	eng-000
5868	19491245	biseera ebijja	lug-000	future	eng-000
5869	19491246	biseera ebimu	lug-000	sometimes	eng-000
5870	10167307	bisi	lug-000	uncooked	eng-000
5871	10167307	bisi	lug-000	unripe	eng-000
5872	19491247	bisikwiti	lug-000	chocolate	eng-000
5874	19491248	bisolo ebyedda	lug-000	dinosaur	eng-000
5875	19491249	bisolo ebyewalula	lug-000	reptile	eng-000
5876	19491250	bisolo ebyomumazzi	lug-000	amphibian	eng-000
5877	19491251	bissolo ebwosa	lug-000	mammal	eng-000
5878	19491252	bitaba bya mazzi	lug-000	puddle	eng-000
5879	19491253	bitege	lug-000	bow-legs	eng-000
5880	19491254	bitoomi	lug-000	mud	eng-000
5881	19491256	bivavava	lug-000	vegetables	eng-000
5883	19491258	biwaanvu	lug-000	complicated	eng-000
5885	19491259	biza	lug-000	hair	eng-000
5886	19491260	bizigo	lug-000	jelly	eng-000
5887	19491261	boboreza engoye	lug-000	laundry	eng-000
5889	19491262	bobukodyo	lug-000	acrobat	eng-000
5890	10166990	bogo	lug-000	buffalo	eng-000
5891	19491263	bokisi	lug-000	box	eng-000
5892	10167003	bolo	lug-000	penis	eng-000
5893	19491264	bongo	lug-000	cheese	eng-000
5897	19491265	bonna	lug-000	all	eng-000
5899	19491266	bought	lug-000	bought	eng-000
5900	19491267	bozzi	lug-000	poem	eng-000
5901	19491274	budaaki	lug-000	Netherlands	eng-000
5903	19491307	bukiikaddyo	lug-000	South	eng-000
5904	19491308	bukiikakkono	lug-000	North	eng-000
5905	19491341	bungereza	lug-000	England	eng-000
5907	19491268	bubaka	lug-000	message	eng-000
5908	19491269	bubaka obuyozayoza	lug-000	congratulations	eng-000
5909	19491270	bubaka obwaniriza	lug-000	greetings	eng-000
5911	19491272	bubirigi	lug-000	Belgium	eng-000
5913	30772218	bubirigi	lug-000	Kingdom of Belgium	eng-000
5915	19491273	bubokisi	lug-000	kit	eng-000
5916	19491275	budde	lug-000	time	eng-000
5917	19491276	budde	lug-000	weather	eng-000
5918	19491277	budde bwanna	lug-000	forever	eng-000
5919	19491278	buddu	lug-000	slavery	eng-000
5920	19491279	buddukiro	lug-000	haven	eng-000
5921	19491280	buddukiro	lug-000	refuge	eng-000
5922	19491281	bufalansa	lug-000	france	eng-000
5924	19491352	busungu	lug-000	anger	eng-000
5925	19491353	busungu	lug-000	angry	eng-000
5926	19491282	bufumbo	lug-000	marriage	eng-000
5927	19491283	bufunda bwʼekintu	lug-000	shrink	eng-000
5928	10166499	buga	lug-000	town	eng-000
5929	19491284	bugagga	lug-000	riches	eng-000
5930	19491285	bugagga	lug-000	wealth	eng-000
5931	19491286	buganga	lug-000	dynamite	eng-000
5932	19491287	bugimu	lug-000	fertility	eng-000
5933	19491288	bugogwa	lug-000	yarn	eng-000
5934	19491289	bugoogwa	lug-000	sisal	eng-000
5935	19491290	bugumba	lug-000	infertility	eng-000
5936	19491291	bugunjufu	lug-000	civilization	eng-000
5937	19491292	bugwanjuba	lug-000	West	eng-000
5940	19491294	bujama	lug-000	dirt	eng-000
5941	19491295	bujama	lug-000	filth	eng-000
5942	19491296	bujja	lug-000	envy	eng-000
5943	19491297	bujja	lug-000	jealousy	eng-000
5945	19491299	bujje	lug-000	infant	eng-000
5946	19491300	bujoozi	lug-000	arrogance	eng-000
5947	19491301	bujulizi	lug-000	evidence	eng-000
5948	19491302	bukakafu	lug-000	evidence	eng-000
5949	19491303	bukakafu	lug-000	serious	eng-000
5950	19491304	bukazi	lug-000	private parts	eng-000
5951	19491305	bukazi	lug-000	vagina	eng-000
5952	19491306	bukenuzi	lug-000	corruption	eng-000
5953	19491309	bukugu	lug-000	expertise	eng-000
5954	19491310	bukuku	lug-000	mold	eng-000
5955	19491311	bukulembeze	lug-000	leadership	eng-000
5956	19491312	bukulu	lug-000	age	eng-000
5957	19491313	bukunya	lug-000	naked	eng-000
5959	19491314	bukyaayi	lug-000	hatred	eng-000
5960	19491315	bulaasi	lug-000	brush	eng-000
5962	19491316	bulaaya	lug-000	Europe	eng-000
5964	19491317	bulago	lug-000	throat	eng-000
5965	19491318	bulamu	lug-000	health	eng-000
5966	19491319	bulamu	lug-000	life	eng-000
5967	19491320	bulangiti	lug-000	blanket	eng-000
5970	19491321	bulawuzi	lug-000	blouse	eng-000
5973	19491322	buli bwʼenguzi	lug-000	bribery	eng-000
5974	19491323	buli wooli nkufuna	lug-000	cell phone	eng-000
5981	30772798	buli wooli nkufuna	lug-000	mobile telephone	eng-000
5983	19491324	bulijjo	lug-000	normally	eng-000
5984	19491325	bulijjo	lug-000	usually	eng-000
5985	30774025	bulijjo	lug-000	commonly	eng-000
5986	30774025	bulijjo	lug-000	generally	eng-000
5988	30774025	bulijjo	lug-000	ordinarily	eng-000
5989	30774025	bulijjo	lug-000	unremarkably	eng-000
5994	19491326	buliwo	lug-000	cash	eng-000
5995	19491327	bulombolombo	lug-000	heritage	eng-000
5996	19491328	bululu	lug-000	blue	eng-000
5999	19491329	bulumi	lug-000	pain	eng-000
6000	19491330	bulungi	lug-000	fine	eng-000
6001	19491331	bulungi	lug-000	well	eng-000
6002	30777280	bulungi	lug-000	beauty	eng-000
6005	20272501	buluungi	lug-000	well	eng-000
6007	19491333	bulwadde bwa sukaali	lug-000	diabetes	eng-000
6008	19491334	bulyʼomu	lug-000	everyone	eng-000
6009	19491335	bumalirivu	lug-000	determination	eng-000
6010	19491336	bumanyirivu	lug-000	experience	eng-000
6011	10166290	bumba	lug-000	liver	eng-000
6012	10166922	bumba	lug-000	mould	eng-000
6013	19491337	bunafu	lug-000	dull	eng-000
6014	19491338	bunafu	lug-000	weak	eng-000
6017	19491339	bunene	lug-000	area	eng-000
6018	19491340	bunene	lug-000	size	eng-000
6019	10166575	buno	lug-000	palate	eng-000
6020	19491342	bunyiivu	lug-000	anger	eng-000
6021	19491343	bunyogovu	lug-000	cold	eng-000
6022	19491344	busagwa	lug-000	venom	eng-000
6023	19491345	busajja	lug-000	penis	eng-000
6024	19491346	busenge	lug-000	apartment	eng-000
6025	19491347	busigo	lug-000	berry	eng-000
6026	19491348	busika	lug-000	heritage	eng-000
6027	19491349	busika	lug-000	inheritance	eng-000
6028	19491350	busimu bwʼomubiri	lug-000	tissue	eng-000
6029	19491351	busobozi	lug-000	ability	eng-000
6030	19491354	busuulu	lug-000	rent	eng-000
6031	19491355	buswaavu	lug-000	shame	eng-000
6032	19491356	buswandi	lug-000	ire	eng-000
6033	19491357	buta mwesigwa	lug-000	unfaithful	eng-000
6034	19491358	butaba na mulimu	lug-000	unemployed	eng-000
6035	19491359	butabaawo	lug-000	absent	eng-000
6036	19491360	butabi bwʼomuti	lug-000	twig	eng-000
6037	19491361	butadayo	lug-000	never	eng-000
6039	19491363	butakkiriziganya	lug-000	disagreement	eng-000
6040	19491364	butakwatagana	lug-000	trouble	eng-000
6041	19491365	butalavvu	lug-000	rust	eng-000
6042	19491366	butali bwesigwa	lug-000	infidelity	eng-000
6043	19491367	butamannya kituufu	lug-000	uncertain	eng-000
6044	19491368	butamanya	lug-000	ignorance	eng-000
6045	19491369	butambuze	lug-000	promiscuity	eng-000
6046	19491370	butasalawo	lug-000	indecisive	eng-000
6047	19491371	butatya	lug-000	contempt	eng-000
6050	19491373	butida	lug-000	slingshot	eng-000
6052	19491374	butiiti	lug-000	winter	eng-000
6055	19491377	butto	lug-000	cooking oil	eng-000
6056	19491378	butuluki	lug-000	turkey	eng-000
6058	19491379	butuuze	lug-000	citizenship	eng-000
6059	19491380	butwa	lug-000	poison	eng-000
6060	10166294	buuka	lug-000	fly	eng-000
6062	10166746	buukabuuka	lug-000	flap	eng-000
6063	10166746	buukabuuka	lug-000	flutter	eng-000
6064	10166470	buulila	lug-000	say	eng-000
6065	10166470	buulila	lug-000	tell	eng-000
6066	19491381	buvanjuba	lug-000	East	eng-000
6067	19491382	buvumu	lug-000	courage	eng-000
6068	19491383	buvumu	lug-000	determination	eng-000
6069	19491384	buvunanyizibwa	lug-000	responsibility	eng-000
6070	19491385	buwagizi	lug-000	support	eng-000
6071	19491386	buwale obwomunda	lug-000	pajamas	eng-000
6072	19491387	buwambe	lug-000	captivity	eng-000
6073	19491388	buwandiike	lug-000	record	eng-000
6075	19491390	buwanguzi	lug-000	success	eng-000
6076	19491391	buwangwa	lug-000	culture	eng-000
6077	19491392	buwangwa	lug-000	heritage	eng-000
6078	19491393	buwanvu	lug-000	height	eng-000
6079	19491394	buwanvu	lug-000	length	eng-000
6080	19491395	buwanvu	lug-000	long	eng-000
6081	19491396	buwoomi	lug-000	bliss	eng-000
6082	19491397	buwulize	lug-000	obedience	eng-000
6083	19491398	buwunga	lug-000	powder	eng-000
6085	20272521	buyambi	lug-000	help	eng-000
6086	19491400	buyindi	lug-000	India	eng-000
6088	10166373	buyinike	lug-000	grief	eng-000
6089	10166373	buyinike	lug-000	sorrow	eng-000
6090	19491401	buyonaani	lug-000	greece	eng-000
6091	32691474	buyonaani	lug-000	Greece	eng-000
6092	19491402	buyungo	lug-000	joint	eng-000
6093	19491403	buyuzifu	lug-000	tear	eng-000
6095	10166900	buzi	lug-000	goat	eng-000
6096	19491405	buziba	lug-000	private parts	eng-000
6097	19491406	buzigu	lug-000	terror	eng-000
6098	19491407	buzigu	lug-000	terrorism	eng-000
6099	19491408	buzindaalo bwokumatu	lug-000	headphones	eng-000
6101	19491410	buzito	lug-000	weigh	eng-000
6102	10166867	bwa	lug-000	dog	eng-000
6103	19491411	bwa nnanyini	lug-000	ownership	eng-000
6104	19491412	bwaagazi	lug-000	passion	eng-000
6105	19491413	bwaavu	lug-000	poverty	eng-000
6106	19491414	bwakabaka	lug-000	kingdom	eng-000
6107	10167204	bwala	lug-000	be ill	eng-000
6108	10167204	bwala	lug-000	groan	eng-000
6109	19491415	bwananyini	lug-000	own	eng-000
6111	19491416	bwangu	lug-000	ease	eng-000
6112	19491417	bwangu	lug-000	fast	eng-000
6113	19491418	bweeru	lug-000	out	eng-000
6114	19491419	bwegeendereza	lug-000	care	eng-000
6115	19491420	bwengula	lug-000	outer space	eng-000
6116	19491421	bwenzi	lug-000	infidelity	eng-000
6117	19491422	bwenzi	lug-000	promiscuity	eng-000
6118	19491423	bwepansi	lug-000	arrogance	eng-000
6119	19491424	bwereere	lug-000	bare	eng-000
6120	19491425	bwerere	lug-000	naked	eng-000
6121	19491426	bwesige	lug-000	honest	eng-000
6122	19491427	bwetaavu	lug-000	need	eng-000
6123	19491428	bweyamo	lug-000	pledge	eng-000
6124	19491429	bwiino	lug-000	evidence	eng-000
6126	19491430	bwino	lug-000	ink	eng-000
6128	19491431	bwomu	lug-000	alone	eng-000
6129	19491432	bwomu	lug-000	lonely	eng-000
6130	19491433	bwongo	lug-000	brain	eng-000
6131	19491434	bwoya bwebisolo nga pusi	lug-000	fur	eng-000
6132	19491437	byaayi	lug-000	feaces	eng-000
6134	19491439	byamaguzi	lug-000	merchandise	eng-000
6135	19491440	byayitta	lug-000	past	eng-000
6136	19491441	byeenda	lug-000	gut	eng-000
6137	19491443	byenfuna	lug-000	economics	eng-000
6138	19491444	byenkana	lug-000	equal	eng-000
6140	19491448	byobuggagga	lug-000	treasure	eng-000
6141	19491449	byobulimi	lug-000	agriculture	eng-000
6142	19491451	byokuteesaako	lug-000	agenda	eng-000
6143	19491453	byombi	lug-000	both	eng-000
6146	19491454	byonna	lug-000	all	eng-000
6148	19491455	byooya	lug-000	feather	eng-000
6149	19491435	byʼamateeka	lug-000	law	eng-000
6150	19491442	byʼempuliziganya	lug-000	telecommunications	eng-000
6151	19491446	byʼobufuzi	lug-000	politics	eng-000
6152	19491447	byʼobugagga	lug-000	riches	eng-000
6153	19491436	byʼobusuubuzi	lug-000	commerce	eng-000
6154	19491450	byʼokubajja	lug-000	capentry	eng-000
6155	19491452	byʼokwerinda	lug-000	security	eng-000
6156	51543	caayi	lug-000	tea	eng-000
6158	19491456	cai	lug-000	tea	eng-000
6161	19491457	ceeke	lug-000	cheque	eng-000
6164	10167120	cenca	lug-000	run	eng-000
6165	19491458	cupa	lug-000	bottle	eng-000
6167	10166264	daalimba	lug-000	lazy	eng-000
6168	10166467	dda	lug-000	go back	eng-000
6169	10166467	dda	lug-000	return	eng-000
6170	10166418	ddaabilya	lug-000	arrange	eng-000
6171	10166418	ddaabilya	lug-000	put right	eng-000
6172	10166418	ddaabilya	lug-000	repair	eng-000
6173	19491460	ddaame	lug-000	will	eng-000
6174	19491461	ddagala	lug-000	chemical	eng-000
6175	19491462	ddagala	lug-000	medicine	eng-000
6177	19491464	ddakiika	lug-000	minute	eng-000
6178	19491465	ddala	lug-000	grade	eng-000
6179	19491466	ddala	lug-000	ladder	eng-000
6180	19491467	ddala	lug-000	very	eng-000
6183	10166653	dde	lug-000	old	eng-000
6184	20272532	ddeembe	lug-000	right	eng-000
6185	19491468	ddembe	lug-000	freedom	eng-000
6186	19491469	ddembe	lug-000	liberty	eng-000
6187	19491470	ddi	lug-000	when	eng-000
6190	19491471	ddiba	lug-000	leather	eng-000
6191	19491472	ddiba	lug-000	skin	eng-000
6193	19491473	ddirisa	lug-000	window	eng-000
6194	19491474	ddiro	lug-000	dining room	eng-000
6195	19491475	ddiro	lug-000	living room	eng-000
6196	19491476	ddiro	lug-000	sitting room	eng-000
6197	10166975	ddo	lug-000	grass	eng-000
6198	10166975	ddo	lug-000	reeds	eng-000
6199	19491477	ddobo	lug-000	hook	eng-000
6200	19491478	ddoboozi	lug-000	voice	eng-000
6201	19491479	ddoboozi erimu	lug-000	rhyme	eng-000
6202	19491480	ddogo	lug-000	witch craft	eng-000
6203	10167011	ddu	lug-000	male slave	eng-000
6204	10166892	ddugavu	lug-000	black	eng-000
6205	10166892	ddugavu	lug-000	dark	eng-000
6207	19491482	ddungu	lug-000	desert	eng-000
6208	10166360	dduwannema	lug-000	cripple	eng-000
6209	19491483	ddwaliro	lug-000	hospital	eng-000
6210	19491484	ddyo	lug-000	right	eng-000
6213	10166387	diba	lug-000	pool	eng-000
6214	10166511	diga	lug-000	sheep	eng-000
6215	19491485	disiko	lug-000	disco	eng-000
6217	19491486	doboozi	lug-000	aloud	eng-000
6218	19491487	doboozi	lug-000	sound	eng-000
6219	19491488	doggo	lug-000	magic	eng-000
6220	19491489	dole	lug-000	doll	eng-000
6222	19491490	dolera	lug-000	feint	eng-000
6224	19491491	dolle	lug-000	puppet	eng-000
6225	19491492	dolle	lug-000	toy	eng-000
6229	10166322	dondi	lug-000	point	eng-000
6230	10166322	dondi	lug-000	tip	eng-000
6231	19491493	dondolo	lug-000	cheap	eng-000
6233	30776565	dondolo	lug-000	inexpensive	eng-000
6235	19491494	doodo	lug-000	spinach	eng-000
6240	19491496	dundiro lyebisolo	lug-000	ranch	eng-000
6241	19491497	duuka	lug-000	shop	eng-000
6243	19491499	duulu	lug-000	chess	eng-000
6246	20033945	e5indo	lug-000	nose	eng-000
6247	20033929	e7dagala	lug-000	leaf	eng-000
6248	20033932	e7diba	lug-000	skin	eng-000
6249	20033947	e7gego	lug-000	tooth	eng-000
6250	20033935	e7gumba	lug-000	bone	eng-000
6251	20033938	e7jembe	lug-000	horn	eng-000
6253	20033944	e7ka5a	lug-000	eye	eng-000
6254	20033938	e7kondere	lug-000	horn	eng-000
6255	20033989	e7kubo	lug-000	path	eng-000
6256	20033947	e7soNezo	lug-000	tooth	eng-000
6257	20033951	e7vivi	lug-000	knee	eng-000
6259	32691939	eddakiika	lug-000	minute	eng-000
6260	10166879	eelu	lug-000	white	eng-000
6264	32691159	eggi	lug-000	egg	eng-000
6266	20033952	ekibatu	lug-000	hand	eng-000
6268	32692138	ekibatu	lug-000	palm	eng-000
6271	30766773	ekibuga	lug-000	city	eng-000
6272	30766774	ekibuga	lug-000	settlement	eng-000
6273	30766774	ekibuga	lug-000	town	eng-000
6277	20033957	ekibumba	lug-000	liver	eng-000
6280	20033955	ekifuba	lug-000	breast	eng-000
6285	32690810	ekifuba	lug-000	chest	eng-000
6286	32690945	ekifuba	lug-000	cough	eng-000
6288	32690837	ekika	lug-000	clan	eng-000
6292	32692038	ekiro	lug-000	night	eng-000
6294	30774900	ekitanda	lug-000	bed	eng-000
6301	20033923	ekye5anja	lug-000	fish	eng-000
6302	20272549	ekyo	lug-000	that	eng-000
6304	10167249	ela	lug-000	sweep	eng-000
6305	10166870	elyato	lug-000	canoe	eng-000
6306	10166950	elyato	lug-000	dug-out canoe	eng-000
6307	32692506	elyato	lug-000	sailboat	eng-000
6309	30771823	embaga	lug-000	hymeneals	eng-000
6310	30771823	embaga	lug-000	marriage	eng-000
6311	30771823	embaga	lug-000	marriage ceremony	eng-000
6312	30771823	embaga	lug-000	nuptials	eng-000
6313	30771823	embaga	lug-000	wedding	eng-000
6314	30771823	embaga	lug-000	wedding ceremony	eng-000
6315	32691264	embaga	lug-000	feast	eng-000
6317	10166512	embalaasi	lug-000	horse	eng-000
6325	10166900	embuzi	lug-000	goat	eng-000
6334	10166867	embwa	lug-000	dog	eng-000
6339	32692204	embwa	lug-000	pet	eng-000
6344	32691656	empiso	lug-000	injection	eng-000
6345	32692020	empiso	lug-000	needle	eng-000
6347	27918368	emu	lug-000	one	eng-000
6351	10167040	enda	lug-000	nine	eng-000
6354	10166517	endogoyi	lug-000	donkey	eng-000
6355	30766375	endogoyi	lug-000	arse	eng-000
6356	30766375	endogoyi	lug-000	ass	eng-000
6357	30766375	endogoyi	lug-000	backside	eng-000
6358	30766375	endogoyi	lug-000	behind	eng-000
6359	30766375	endogoyi	lug-000	bottom	eng-000
6360	30766375	endogoyi	lug-000	bum	eng-000
6361	30766375	endogoyi	lug-000	buns	eng-000
6362	30766375	endogoyi	lug-000	butt	eng-000
6363	30766375	endogoyi	lug-000	buttocks	eng-000
6364	30766375	endogoyi	lug-000	can	eng-000
6365	30766375	endogoyi	lug-000	derriere	eng-000
6366	30766375	endogoyi	lug-000	fanny	eng-000
6367	30766375	endogoyi	lug-000	fundament	eng-000
6368	30766375	endogoyi	lug-000	hind end	eng-000
6369	30766375	endogoyi	lug-000	hindquarters	eng-000
6371	30766375	endogoyi	lug-000	nates	eng-000
6373	30766375	endogoyi	lug-000	prat	eng-000
6374	30766375	endogoyi	lug-000	rear	eng-000
6375	30766375	endogoyi	lug-000	rear end	eng-000
6376	30766375	endogoyi	lug-000	rump	eng-000
6379	30766375	endogoyi	lug-000	tail	eng-000
6380	30766375	endogoyi	lug-000	tail end	eng-000
6381	30766375	endogoyi	lug-000	tooshie	eng-000
6382	30766375	endogoyi	lug-000	tush	eng-000
6387	10166880	ene	lug-000	self	eng-000
6388	10167062	enge	lug-000	beer	eng-000
6389	10166723	engela	lug-000	ripen	eng-000
6390	10166724	engevu	lug-000	ripe	eng-000
6392	10166560	enjovu	lug-000	elephant	eng-000
6395	20033976	enjuba	lug-000	sun	eng-000
6396	30772557	enjuba	lug-000	Sun	eng-000
6398	30774132	enjuba	lug-000	egg yolk	eng-000
6399	30774132	enjuba	lug-000	yolk	eng-000
6404	10166585	enkofu	lug-000	guinea fowl	eng-000
6406	10166967	enkoko	lug-000	fowl	eng-000
6407	10166967	enkoko	lug-000	hen	eng-000
6408	30772409	enkoko	lug-000	chicken	eng-000
6413	27930595	enkuba	lug-000	rain	eng-000
6416	10166986	enkumbi	lug-000	hoe	eng-000
6418	10167002	enkusu	lug-000	parrot	eng-000
6422	30772470	enkya	lug-000	tomorrow	eng-000
6425	10166862	ennyama	lug-000	meat	eng-000
6431	10167104	ennyonyi	lug-000	bird	eng-000
6435	30766087	ennyonyi	lug-000	fixed-wing aircraft	eng-000
6436	30766087	ennyonyi	lug-000	plane	eng-000
6441	20033926	ensekere	lug-000	louse	eng-000
6444	30771311	entebe	lug-000	bench	eng-000
6445	30773495	entebe	lug-000	chair	eng-000
6450	10167021	entebi	lug-000	chair	eng-000
6453	10166831	entugga	lug-000	giraffe	eng-000
6456	20034004	eri5a	lug-000	name	eng-000
6457	20033947	eri5o	lug-000	tooth	eng-000
6458	20272545	erina	lug-000	with	eng-000
6459	10166729	essa	lug-000	arrive	eng-000
6465	10166997	ezi	lug-000	moon	eng-000
6466	10166293	fa	lug-000	die	eng-000
6469	10166298	faanana	lug-000	resemble	eng-000
6470	19491500	failo	lug-000	file	eng-000
6472	20033907	fe	lug-000	we	eng-000
6473	19491502	feeza	lug-000	silver	eng-000
6475	20033999	feta	lug-000	full	eng-000
6476	19491503	ffe	lug-000	us	eng-000
6477	19491504	ffe	lug-000	we	eng-000
6482	19491505	ffena	lug-000	all	eng-000
6484	19491506	ffene	lug-000	jackfruit	eng-000
6488	19491508	ffumbiro	lug-000	kitchen	eng-000
6489	10167016	ffumu	lug-000	spear	eng-000
6491	19491510	firigi	lug-000	refrigerator	eng-000
6493	19491511	firimu	lug-000	film	eng-000
6494	19491512	firimu	lug-000	movie	eng-000
6497	10166276	fissiza	lug-000	leave over	eng-000
6498	19491513	foloko	lug-000	rake	eng-000
6500	19491514	foomu	lug-000	form	eng-000
6502	10166667	fu	lug-000	dead person	eng-000
6503	10166850	fuba	lug-000	chest	eng-000
6504	10166519	fudu	lug-000	tortoise	eng-000
6505	10166913	fuka	lug-000	pour	eng-000
6506	10166455	fukuta	lug-000	blow bellows	eng-000
6507	10166761	fuluma	lug-000	go away	eng-000
6508	10166761	fuluma	lug-000	go out	eng-000
6509	19491515	fuluweero	lug-000	flywheel	eng-000
6511	10166528	fumba	lug-000	boil	eng-000
6512	10166722	fumba	lug-000	cook	eng-000
6513	20033999	fumbekera	lug-000	full	eng-000
6515	10166650	funa	lug-000	get	eng-000
6516	10166650	funa	lug-000	obtain	eng-000
6517	10166781	funa	lug-000	receive	eng-000
6518	10166983	fundikiro	lug-000	knot	eng-000
6519	10166681	futa	lug-000	oil	eng-000
6520	10166461	fuufu	lug-000	cloud of dust	eng-000
6521	10166461	fuufu	lug-000	dust	eng-000
6522	10166466	fuula	lug-000	alter	eng-000
6523	10166466	fuula	lug-000	change	eng-000
6524	19491516	gaali kayoola	lug-000	train	eng-000
6525	19491517	gaali yʼomukka	lug-000	train	eng-000
6526	10167115	gaana	lug-000	deny	eng-000
6527	10166613	gaati	lug-000	bread	eng-000
6528	10167284	gaayuka	lug-000	be faint	eng-000
6529	10167284	gaayuka	lug-000	be loose	eng-000
6530	10167284	gaayuka	lug-000	be weak	eng-000
6531	10166463	gaba	lug-000	divide	eng-000
6532	10166464	gaba	lug-000	give away	eng-000
6533	10167007	gabo	lug-000	shield	eng-000
6534	10166339	galamila	lug-000	lie down	eng-000
6535	10167243	galanjuba	lug-000	turn over	eng-000
6536	10167243	galanjuba	lug-000	turn upside down	eng-000
6537	19491518	galubindi	lug-000	glasses	eng-000
6538	19491519	galubindi	lug-000	goggles. sunglasses	eng-000
6539	30793606	galubindi	lug-000	shades	eng-000
6540	30793606	galubindi	lug-000	sunglasses	eng-000
6542	32691435	galubindi	lug-000	goggles	eng-000
6544	19491520	gama	lug-000	mug	eng-000
6546	20272573	gamba	lug-000	say	eng-000
6547	10166473	gambo	lug-000	affair	eng-000
6548	10167105	gambo	lug-000	word	eng-000
6549	10166948	ganda	lug-000	brother	eng-000
6550	10166948	ganda	lug-000	fellow-tribesman	eng-000
6551	10166948	ganda	lug-000	relative	eng-000
6552	19491521	gatonya	lug-000	January	eng-000
6554	10166445	gatta	lug-000	add up	eng-000
6555	19491522	gavumenti	lug-000	government	eng-000
6557	10167026	gele	lug-000	toe	eng-000
6558	10166366	gembe	lug-000	snare	eng-000
6559	10166366	gembe	lug-000	trap	eng-000
6560	10166489	genda	lug-000	go	eng-000
6562	10166493	gendo	lug-000	journey	eng-000
6563	19491523	geneleeta	lug-000	generator	eng-000
6565	19491524	genero	lug-000	general	eng-000
6567	10167079	genyagenya	lug-000	crumple	eng-000
6568	10166488	genyi	lug-000	guest	eng-000
6570	10167187	geraageranya	lug-000	juxtapose	eng-000
6571	10167187	geraageranya	lug-000	put together	eng-000
6572	10166691	gevvu	lug-000	fat	eng-000
6573	10166691	gevvu	lug-000	thick	eng-000
6574	19491525	geyeena	lug-000	hell	eng-000
6576	10166423	gga	lug-000	river	eng-000
6577	19491526	ggaali	lug-000	bicycle	eng-000
6578	19491527	gganduula	lug-000	gown	eng-000
6579	19491528	ggego	lug-000	wisdom tooth	eng-000
6580	19491529	ggi	lug-000	egg	eng-000
6582	19491530	ggombolola	lug-000	sub-county	eng-000
6583	19491531	ggongolo	lug-000	millipede	eng-000
6584	10167095	ggoonya	lug-000	crocodile	eng-000
6585	10167123	ggula	lug-000	open a door	eng-000
6586	10167296	ggula	lug-000	open	eng-000
6587	19491532	ggulu	lug-000	heaven	eng-000
6588	10166679	ggumba	lug-000	bone	eng-000
6590	19491534	ggume	lug-000	insensitivity	eng-000
6591	10166738	ggwa	lug-000	cease	eng-000
6592	10166738	ggwa	lug-000	finish	eng-000
6593	10167024	ggwa	lug-000	thorn	eng-000
6594	19491535	ggwanga	lug-000	nation	eng-000
6595	19491536	ggwanika	lug-000	treasury	eng-000
6596	19491537	ggwe	lug-000	you	eng-000
6598	10166345	ggya	lug-000	courtyard	eng-000
6599	10166416	ggya	lug-000	send away	eng-000
6601	10166917	ggya	lug-000	burn	eng-000
6602	10167271	ggya	lug-000	new	eng-000
6603	19491538	gilavu	lug-000	mitten	eng-000
6604	19491539	ginizi	lug-000	jeans	eng-000
6606	10166496	gira	lug-000	act	eng-000
6607	19491540	girimani	lug-000	Germany	eng-000
6609	10166309	go	lug-000	leopard	eng-000
6611	10166523	gongo	lug-000	back	eng-000
6612	19491541	goonya	lug-000	crocodile	eng-000
6614	10167023	goya	lug-000	mix	eng-000
6616	10166526	goyi	lug-000	cloth	eng-000
6617	19491542	gubaafu	lug-000	bathtub	eng-000
6618	19491543	guggwe	lug-000	lung	eng-000
6619	10167191	gugu	lug-000	burden	eng-000
6620	10167191	gugu	lug-000	load	eng-000
6621	10166530	gula	lug-000	buy	eng-000
6622	10166540	gulu	lug-000	foot	eng-000
6623	10166540	gulu	lug-000	leg	eng-000
6624	19491544	gulugulu	lug-000	safe	eng-000
6625	19491545	gulugulu	lug-000	secure	eng-000
6628	19491546	gummu	lug-000	once	eng-000
6630	10166557	guudo	lug-000	highway	eng-000
6631	19491547	guzimbe mu semayanja	lug-000	lighthouse	eng-000
6632	10166525	gwa	lug-000	fall	eng-000
6633	19491548	gwakko	lug-000	pregnancy	eng-000
6634	20034000	gya	lug-000	new	eng-000
6635	10166508	gʼngʼoma	lug-000	drum	eng-000
6636	10166987	gʼngʼombi	lug-000	horn	eng-000
6637	10166987	gʼngʼombi	lug-000	ivory	eng-000
6638	20033970	ja	lug-000	come	eng-000
6639	10166551	jala	lug-000	hunger	eng-000
6640	19491549	jambiya	lug-000	machete	eng-000
6641	20272557	jangu	lug-000	come	eng-000
6642	19491550	janwali	lug-000	January	eng-000
6644	10166659	janyaalo	lug-000	bean	eng-000
6645	10167075	jiba	lug-000	abound	eng-000
6646	10167106	jiiko	lug-000	spoon	eng-000
6647	10166894	jja	lug-000	come	eng-000
6649	19491553	jjajja	lug-000	grandparent	eng-000
6651	30774930	jjajja	lug-000	forefather	eng-000
6652	30774930	jjajja	lug-000	progenitor	eng-000
6658	19491554	jjajja omukyaala	lug-000	grandmother	eng-000
6660	19491555	jjajja omwaami	lug-000	grandfather	eng-000
6662	19491556	jjajja wange	lug-000	great aunt	eng-000
6663	19491557	jjajja wange	lug-000	great uncle	eng-000
6664	32691471	jjajja wange	lug-000	great-aunt	eng-000
6665	32691473	jjajja wange	lug-000	great-uncle	eng-000
6666	10166336	jjanjaba	lug-000	care for	eng-000
6667	10166336	jjanjaba	lug-000	look after	eng-000
6668	19491558	jjembe	lug-000	demon	eng-000
6669	19491559	jjengo	lug-000	wave	eng-000
6670	19491560	jjinja	lug-000	rock	eng-000
6676	10166658	jjuba	lug-000	dove	eng-000
6678	10167136	jjukila	lug-000	remember	eng-000
6679	10166895	jjula	lug-000	become full	eng-000
6680	10167156	jjulukuka	lug-000	migrate	eng-000
6681	10167156	jjulukuka	lug-000	move away	eng-000
6682	19491564	jjumula	lug-000	wholesale	eng-000
6684	19491565	jjuni	lug-000	yam	eng-000
6685	19491566	jjute	lug-000	boil	eng-000
6686	10167096	jjuza	lug-000	fill	eng-000
6687	10166822	joba	lug-000	get wet	eng-000
6688	19491567	joogo	lug-000	contempt	eng-000
6689	19491568	joogo	lug-000	insolence	eng-000
6690	10166560	jovu	lug-000	elephant	eng-000
6691	10166988	ju	lug-000	house	eng-000
6692	10166565	juba	lug-000	sun	eng-000
6693	10166786	jugumera	lug-000	shiver	eng-000
6694	10166926	juki	lug-000	bee	eng-000
6695	20033999	jula	lug-000	full	eng-000
6696	10166474	ka	lug-000	clan	eng-000
6697	19491569	ka	lug-000	home	eng-000
6698	19491570	ka ssemufu	lug-000	cartoon	eng-000
6699	30786103	ka ssemufu	lug-000	caricature	eng-000
6702	10166369	kaaba	lug-000	cry	eng-000
6703	10166369	kaaba	lug-000	wail	eng-000
6704	10167038	kaaga	lug-000	six	eng-000
6706	19491571	kaama	lug-000	whisper	eng-000
6709	19491572	kaasa	lug-000	centipede	eng-000
6712	19491573	kaato	lug-000	canoe	eng-000
6714	19491574	kaawa	lug-000	coffee	eng-000
6717	10166437	kaawi	lug-000	bitter	eng-000
6718	19491575	kaba	lug-000	skull	eng-000
6719	19491576	kabaga	lug-000	party	eng-000
6721	10166952	kabaka	lug-000	king	eng-000
6725	10167161	kabakiro	lug-000	hiccup	eng-000
6726	19491578	kabakuli	lug-000	pail	eng-000
6727	19491579	kabalagala	lug-000	pancake	eng-000
6729	19491580	kabaluwa	lug-000	note	eng-000
6730	19491581	kabeenje	lug-000	accident	eng-000
6731	19491583	kabina	lug-000	ass	eng-000
6732	19491584	kabina	lug-000	butt	eng-000
6733	19491585	kabina	lug-000	buttock	eng-000
6734	19491586	kabiriiti	lug-000	match	eng-000
6735	19491587	kabona	lug-000	priest	eng-000
6737	19491588	kabonero	lug-000	label	eng-000
6738	19491589	kabonero	lug-000	sign	eng-000
6739	19491590	kabotongo	lug-000	syphilis	eng-000
6742	19491591	kabuvubuka	lug-000	adolescence	eng-000
6745	19491592	kabwa kato	lug-000	puppy	eng-000
6747	10166653	kadde	lug-000	old	eng-000
6748	10166654	kadde	lug-000	old person	eng-000
6749	19491593	kaddugala	lug-000	dark	eng-000
6750	10166360	kadduwannema	lug-000	cripple	eng-000
6751	10166322	kadondi	lug-000	point	eng-000
6752	10166322	kadondi	lug-000	tip	eng-000
6753	19491594	kaduukulu	lug-000	jail	eng-000
6754	19491595	kafulejje	lug-000	tap	eng-000
6755	19491596	kafulu	lug-000	expert	eng-000
6757	19491597	kafumula mpawu	lug-000	April	eng-000
6758	19491599	kagali kabalema	lug-000	wheelchair	eng-000
6759	19491600	kaganda	lug-000	dozen	eng-000
6760	10167026	kagele	lug-000	toe	eng-000
6761	19491601	kagere	lug-000	toe	eng-000
6762	19491602	kagga	lug-000	spring	eng-000
6764	19491604	kagirita	lug-000	razor blade	eng-000
6765	19491605	kagombe	lug-000	trumpet	eng-000
6766	19491606	kagoye kebateka kubbwa	lug-000	bandage	eng-000
6767	19491607	kagoye oba kapapula	lug-000	ribbon	eng-000
6768	19491608	kaguli	lug-000	dock	eng-000
6769	19491609	kagwa	lug-000	lace	eng-000
6770	19491610	kagwa kʼengatto	lug-000	shoelace	eng-000
6771	10167094	kajjo	lug-000	sugar cane	eng-000
6772	19491611	kajjoozi	lug-000	T-shirt	eng-000
6773	19491612	kajjuvu	lug-000	full	eng-000
6775	19491613	kajwenge	lug-000	scarf	eng-000
6776	19491614	kakadde	lug-000	million	eng-000
6778	19491615	kakazi	lug-000	woman	eng-000
6779	19491616	kakebe	lug-000	can	eng-000
6780	19491617	kakensa	lug-000	expert	eng-000
6782	19491618	kakerenda	lug-000	tablet	eng-000
6783	19491619	kakisa	lug-000	opportunity	eng-000
6786	19491621	kakobe	lug-000	purple	eng-000
6790	19491622	kakodyo	lug-000	technique	eng-000
6791	19491623	kakofiira	lug-000	cap	eng-000
6792	19491624	kakoko	lug-000	chick	eng-000
6793	19491625	kakokolo	lug-000	scarecrow	eng-000
6795	19491626	kakongovvule	lug-000	ankle	eng-000
6796	19491627	kakookolo	lug-000	mask	eng-000
6797	19491628	kakowekoowe	lug-000	eye lash	eng-000
6798	19491629	kakundi	lug-000	caucus	eng-000
6799	19491630	kakunizo	lug-000	puzzle	eng-000
6801	19491631	kakunkumuka	lug-000	crumb	eng-000
6803	19491633	kakuyege	lug-000	campaign	eng-000
6805	10166578	kala	lug-000	become dry	eng-000
6806	10166578	kala	lug-000	dry up	eng-000
6807	19491634	kalaamu enkalu	lug-000	pencil	eng-000
6808	19491635	kalaamu eya bwiino	lug-000	pen	eng-000
6809	19491636	kalaani	lug-000	clerk	eng-000
6811	19491637	kalabalaba	lug-000	aide	eng-000
6813	10167152	kalakata	lug-000	graze	eng-000
6814	10167152	kalakata	lug-000	scrape	eng-000
6815	10166582	kalanga	lug-000	fry	eng-000
6816	19491638	kale	lug-000	OK	eng-000
6817	27959920	kale	lug-000	well	eng-000
6819	19491639	kaleega	lug-000	bra	eng-000
6820	19491640	kalenda	lug-000	calendar	eng-000
6823	10167186	kalevu	lug-000	chin	eng-000
6825	19491642	kalifoomu	lug-000	chloroform	eng-000
6827	19491643	kalifuwa	lug-000	perfume	eng-000
6830	10166301	kaliga	lug-000	tie	eng-000
6831	19491644	kaligga	lug-000	lamb	eng-000
6832	19491645	kalimpitawa	lug-000	condom	eng-000
6834	19491646	kalipagano	lug-000	jam	eng-000
6835	19491647	kalo	lug-000	millet	eng-000
6836	19491648	kaloosa	lug-000	perfume	eng-000
6837	19491649	kaloti	lug-000	carrot	eng-000
6840	10166579	kalu	lug-000	dry	eng-000
6841	10166928	kalubo	lug-000	hard	eng-000
6842	19491650	kalulu	lug-000	vote	eng-000
6843	10166438	kalulwe	lug-000	bile	eng-000
6844	10166439	kalulwe	lug-000	bladder	eng-000
6845	19491651	kalulwe	lug-000	spleen	eng-000
6846	10166576	kama	lug-000	milk	eng-000
6847	10166576	kama	lug-000	squeeze	eng-000
6849	10166644	kambe	lug-000	knife	eng-000
6851	10166919	kambula	lug-000	plunder	eng-000
6852	10167042	kambwe	lug-000	fierce	eng-000
6853	10167042	kambwe	lug-000	sharp	eng-000
6854	19491653	kamera	lug-000	camera	eng-000
6857	30780771	kamera	lug-000	movie camera	eng-000
6859	19491655	kamogo	lug-000	flaw	eng-000
6860	19491656	kamooli	lug-000	vent	eng-000
6861	19491657	kampwaakipwaaki	lug-000	snack	eng-000
6862	19491658	kamulari	lug-000	pepper	eng-000
6864	19491659	kamuli kakawoowo	lug-000	rose	eng-000
6865	19491660	kamunye	lug-000	hawk	eng-000
6867	10166292	kamwa	lug-000	mouth	eng-000
6869	10167183	kamwano	lug-000	razor	eng-000
6870	19491662	kamweeno	lug-000	razor blade	eng-000
6871	19491663	kamweenyomweenyo	lug-000	smile	eng-000
6872	19491664	kamyu	lug-000	hare	eng-000
6873	19491665	kamyu	lug-000	rabbit	eng-000
6874	19491666	kanada	lug-000	Canada	eng-000
6877	10166798	kanakana	lug-000	shake	eng-000
6878	10166798	kanakana	lug-000	tremble	eng-000
6879	10166965	kanga	lug-000	threaten	eng-000
6880	19491667	kanisa	lug-000	church	eng-000
6881	19491727	kawanika	lug-000	bra	eng-000
6882	10166637	kanyala	lug-000	banana	eng-000
6883	19491668	kanyamberege	lug-000	crisis	eng-000
6884	19491669	kanyolo	lug-000	knob	eng-000
6885	19491670	kanyonyi komuka	lug-000	jet	eng-000
6886	19491671	kanyonyi namunkanga	lug-000	helicopter	eng-000
6887	19491672	kanzu	lug-000	tunic	eng-000
6888	97793	kapa	lug-000	cat	eng-000
6893	19491674	kapiira	lug-000	balloon	eng-000
6894	19491675	kappusi akato	lug-000	kitten	eng-000
6896	19491676	kaputeeni	lug-000	captain	eng-000
6898	19491654	kammwa	lug-000	razor blade	eng-000
6899	19491677	kasaanikira	lug-000	bottle cap	eng-000
6900	19491678	kasaayi	lug-000	red	eng-000
6902	19491680	kasambula	lug-000	July	eng-000
6903	19491681	kasasiro	lug-000	garbage	eng-000
6904	19491682	kasasiro	lug-000	junk	eng-000
6905	19491683	kasasiro	lug-000	rubbish	eng-000
6906	19491684	kasasiro	lug-000	trash	eng-000
6910	30768737	kasasiro	lug-000	refuse	eng-000
6917	19491685	kaseera	lug-000	moment	eng-000
6920	19491687	kasengejja	lug-000	filter	eng-000
6921	19491688	kasenya	lug-000	toothbrush	eng-000
6923	19491690	kasiisira	lug-000	cabin	eng-000
6924	19491691	kasiko	lug-000	scrub	eng-000
6925	10166310	kasimba	lug-000	genet	eng-000
6927	19491693	kasimu	lug-000	cell phone	eng-000
6928	19491694	kasimu	lug-000	nerve	eng-000
6929	19491695	kasirikiriri	lug-000	silent	eng-000
6931	19491696	kasirikiriro	lug-000	quiet	eng-000
6932	19491697	kasisira	lug-000	hut	eng-000
6933	19491698	kasolo	lug-000	penis	eng-000
6934	10166704	kasolya	lug-000	thatched roof	eng-000
6935	19491699	kasolya	lug-000	roof	eng-000
6936	19491700	kasongezo	lug-000	point	eng-000
6937	19491701	kasoobo	lug-000	slowly	eng-000
6939	10166995	kasooli	lug-000	maize	eng-000
6940	19491702	kasooli	lug-000	corn	eng-000
6944	10166586	kata	lug-000	head-pad	eng-000
6945	19491704	katabo	lug-000	booklet	eng-000
6946	19491705	katabo	lug-000	brochure	eng-000
6947	19491706	katakketakke	lug-000	brown	eng-000
6950	19491707	katale	lug-000	market	eng-000
6951	19491708	katambaala	lug-000	handkerchief	eng-000
6952	19491709	kategula	lug-000	tile	eng-000
6953	19491710	katemba	lug-000	comedy	eng-000
6954	19491711	katemba	lug-000	drama	eng-000
6958	19491712	kati	lug-000	now	eng-000
6962	10166914	katiko	lug-000	mushroom	eng-000
6964	19491715	katimba	lug-000	cage	eng-000
6965	19491716	katimba	lug-000	net	eng-000
6966	10166972	katonda	lug-000	god	eng-000
6967	19491717	katonda	lug-000	God	eng-000
6969	19491718	katonnyeze	lug-000	dot	eng-000
6970	19491719	katuli	lug-000	socket	eng-000
6971	19491720	katunda	lug-000	passion fruit	eng-000
6972	19491721	katungulu	lug-000	onion	eng-000
6974	19491723	kavuyo	lug-000	chaos	eng-000
6975	10166535	kawaala	lug-000	peak	eng-000
6976	10166535	kawaala	lug-000	top	eng-000
6977	10166564	kawaali	lug-000	smallpox	eng-000
6980	19491725	kawale	lug-000	underwear	eng-000
6981	19491726	kawanga	lug-000	skull	eng-000
6982	19491728	kawefube	lug-000	busy	eng-000
6985	19491729	kawo	lug-000	pea	eng-000
6987	19491730	kawulire	lug-000	pamphlet	eng-000
6988	19491731	kawulula	lug-000	beaver	eng-000
6989	19491732	kawumbi	lug-000	billion	eng-000
6993	19491733	kawuna	lug-000	tag	eng-000
6994	19491734	kawundo	lug-000	bat	eng-000
6995	19491735	kawunga ka kasooli	lug-000	maize flour	eng-000
6996	19491736	kawunga kʼengaano	lug-000	wheat flour	eng-000
6997	19491737	kawungeezi	lug-000	evening	eng-000
6998	19491738	kawuzi	lug-000	band	eng-000
6999	19491739	kawuzi	lug-000	knot	eng-000
7002	19491741	kayozi	lug-000	kangaroo rat	eng-000
7003	19491742	kayu	lug-000	toilet	eng-000
7004	19491743	kayumba	lug-000	cabin	eng-000
7006	19491745	kayuuguumo	lug-000	upheaval	eng-000
7007	19491746	kazambi	lug-000	filth	eng-000
7008	19491747	kazambi	lug-000	sewage	eng-000
7011	19491748	kazannyo	lug-000	ruse	eng-000
7012	19491749	kazannyo	lug-000	trick	eng-000
7013	19491750	kazanyirizi	lug-000	comedian	eng-000
7015	10166570	kazi	lug-000	woman	eng-000
7016	10166571	kazi	lug-000	wife	eng-000
7017	19491751	kazindaalo	lug-000	microphone	eng-000
7018	19491753	keeki	lug-000	cake	eng-000
7021	19491754	keesi	lug-000	suitcase	eng-000
7022	19491755	keleziya	lug-000	church	eng-000
7023	10166716	kendeera	lug-000	diminish	eng-000
7024	10166716	kendeera	lug-000	grow less	eng-000
7025	10167159	kenema	lug-000	melt	eng-000
7026	10167226	kenkula	lug-000	get fat	eng-000
7027	10167068	kenya	lug-000	drop	eng-000
7028	10167068	kenya	lug-000	throw down	eng-000
7029	19491757	kenya	lug-000	Kenya	eng-000
7030	10166521	kere	lug-000	frog	eng-000
7031	19491758	kerere	lug-000	noise	eng-000
7034	10166591	keta	lug-000	cut	eng-000
7035	10166999	kiro	lug-000	night	eng-000
7038	19491759	ki	lug-000	what	eng-000
7042	10166326	kibaala	lug-000	ant-hill	eng-000
7043	19491761	kibafu	lug-000	tub	eng-000
7044	30772139	kibafu	lug-000	bath	eng-000
7045	30772139	kibafu	lug-000	bathing tub	eng-000
7046	30772139	kibafu	lug-000	bathtub	eng-000
7049	19491762	kibajje	lug-000	sculpture	eng-000
7050	19491763	kibajjo	lug-000	slice	eng-000
7051	10166838	kibala	lug-000	fruit	eng-000
7053	19491765	kibala	lug-000	pear	eng-000
7054	19491766	kibala ekikaze	lug-000	raisin	eng-000
7055	19491767	kibalagavu	lug-000	gorgeous	eng-000
7056	10166911	kibangaazi	lug-000	open space	eng-000
7057	19491768	kibangirize	lug-000	park	eng-000
7058	10166334	kibanja	lug-000	plot of ground	eng-000
7059	19491769	kibanja	lug-000	plot	eng-000
7060	19491770	kibanyi	lug-000	shelf	eng-000
7061	10166476	kibatu	lug-000	palm	eng-000
7063	20272519	kibatu	lug-000	hand	eng-000
7064	19491772	kibaya	lug-000	crib	eng-000
7065	10166841	kibbo	lug-000	basket	eng-000
7067	19491774	kibe	lug-000	fox	eng-000
7068	19491775	kibe	lug-000	jackal	eng-000
7069	10166390	kibeele	lug-000	udder	eng-000
7070	19491776	kibeera kukimuli	lug-000	petal	eng-000
7072	10166675	kibegabega	lug-000	shoulder	eng-000
7073	10166589	kibera	lug-000	look at	eng-000
7074	10166589	kibera	lug-000	examine	eng-000
7075	19491777	kibi	lug-000	bad	eng-000
7076	19491778	kibi	lug-000	evil	eng-000
7077	19491779	kibi ennyo	lug-000	terrible	eng-000
7078	19491780	kibi nnyo	lug-000	worst	eng-000
7080	19491781	kibiina	lug-000	association	eng-000
7081	19491782	kibiina	lug-000	class	eng-000
7082	19491783	kibiina	lug-000	classroom	eng-000
7083	10166705	kibinja	lug-000	flock	eng-000
7084	10166705	kibinja	lug-000	group	eng-000
7085	10166705	kibinja	lug-000	pack	eng-000
7086	19491784	kibinja	lug-000	crowd	eng-000
7087	19491785	kibinja	lug-000	gang	eng-000
7089	10166818	kibira	lug-000	forest	eng-000
7091	19491788	kibira ekikwafu	lug-000	jungle	eng-000
7092	19491789	kibira ekikwafu	lug-000	rain forest	eng-000
7093	19491790	kibisi	lug-000	raw	eng-000
7094	19491791	kibisi	lug-000	wet	eng-000
7095	19491792	kibuga	lug-000	city	eng-000
7096	19491793	kibuga	lug-000	town	eng-000
7097	19491794	kibuguma	lug-000	warm	eng-000
7098	10166290	kibumba	lug-000	liver	eng-000
7100	19491796	kibumbe	lug-000	sculpture	eng-000
7104	10166575	kibuno	lug-000	palate	eng-000
7105	19491798	kibuno	lug-000	gum	eng-000
7106	19491799	kibuumbe	lug-000	pottery	eng-000
7107	19491800	kibuuzo ekyobusiru	lug-000	riddle	eng-000
7108	19491801	kibuyaga	lug-000	wind	eng-000
7114	19491803	kicupuli	lug-000	bogus	eng-000
7116	19491804	kiddirira	lug-000	next	eng-000
7117	19491805	kiddukano	lug-000	diarrhea	eng-000
7118	19491806	kide	lug-000	bell	eng-000
7119	10166387	kidiba	lug-000	pool	eng-000
7120	19491807	kidiba	lug-000	pond	eng-000
7122	19491809	kidiba	lug-000	swimming pool	eng-000
7123	19491810	kidomola	lug-000	jerry can	eng-000
7124	19491811	kidukka ekidduka enyo	lug-000	rocket	eng-000
7125	19491812	kidyeri	lug-000	ferry	eng-000
7126	19491813	kifaananyi	lug-000	image	eng-000
7127	19491814	kifaananyi	lug-000	photograph	eng-000
7128	19491815	kifaananyi	lug-000	picture	eng-000
7129	19491816	kifananyi	lug-000	painting	eng-000
7130	19491817	kifi	lug-000	piece	eng-000
7131	19491818	kifo	lug-000	place	eng-000
7133	19491820	kifo awakalirirwa emeere	lug-000	oven	eng-000
7134	19491821	kifo awalabibwa emizimu	lug-000	haunted	eng-000
7135	19491822	kifo awaterekebwa ebisolo	lug-000	zoo	eng-000
7136	19491823	kifo ekimu	lug-000	somewhere	eng-000
7137	19491824	kifu	lug-000	dead	eng-000
7138	10166850	kifuba	lug-000	chest	eng-000
7140	19491826	kifuba	lug-000	cough	eng-000
7141	19491827	kifulukwa	lug-000	shell	eng-000
7142	19491828	kifunda	lug-000	narrow	eng-000
7144	10166983	kifundikiro	lug-000	knot	eng-000
7145	19491829	kigaali	lug-000	cart	eng-000
7146	19491830	kigalanga	lug-000	bug	eng-000
7147	10166473	kigambo	lug-000	affair	eng-000
7148	10167105	kigambo	lug-000	word	eng-000
7150	19491832	kigatte	lug-000	carton	eng-000
7151	19491833	kigazi	lug-000	wide	eng-000
7152	10166366	kigembe	lug-000	snare	eng-000
7153	10166366	kigembe	lug-000	trap	eng-000
7154	19491834	kigendererwa	lug-000	goal	eng-000
7155	19491835	kigendererwa	lug-000	purpose	eng-000
7156	19491836	kigenze	lug-000	gone	eng-000
7157	19491837	kigenze	lug-000	left	eng-000
7160	19491838	kigere	lug-000	foot	eng-000
7161	19491839	kigere kyensolo	lug-000	paw	eng-000
7162	19491840	kigezo	lug-000	examination	eng-000
7163	19491841	kigezo	lug-000	test	eng-000
7164	19491842	kiggala	lug-000	deaf	eng-000
7166	19491843	kiggali	lug-000	wagon	eng-000
7167	19491844	kigonda	lug-000	soft	eng-000
7169	19491845	kigonvu	lug-000	tender	eng-000
7171	19491846	kigwaanidde	lug-000	essential	eng-000
7172	19491847	kigwo	lug-000	fall	eng-000
7173	19491848	kijama	lug-000	dirty	eng-000
7174	19491849	kijanjaalo	lug-000	bean	eng-000
7175	10166659	kijanyaalo	lug-000	bean	eng-000
7176	10167106	kijiiko	lug-000	spoon	eng-000
7178	19491851	kijingirire	lug-000	forgery	eng-000
7179	19491852	kijjukizo	lug-000	memorial	eng-000
7180	19491853	kijjulo	lug-000	feast	eng-000
7181	19491854	kijjulo	lug-000	meal	eng-000
7182	10166474	kika	lug-000	clan	eng-000
7184	19491856	kika kya mbalasi	lug-000	pony	eng-000
7185	19491857	kika kyamuti	lug-000	oak	eng-000
7187	19491858	kikaawa	lug-000	bitter	eng-000
7188	19491859	kikaawa	lug-000	sore	eng-000
7189	19491860	kikadde	lug-000	old	eng-000
7190	10167094	kikajjo	lug-000	sugar cane	eng-000
7191	19491861	kikajjo	lug-000	sugarcane	eng-000
7194	19491862	kikalabula	lug-000	rough	eng-000
7195	19491863	kikalu	lug-000	dry	eng-000
7196	19491864	kikalu	lug-000	empty	eng-000
7198	19491865	kikapu	lug-000	bag	eng-000
7199	19491866	kikawa	lug-000	sour	eng-000
7200	30765944	kikawa	lug-000	acid	eng-000
7202	30765944	kikawa	lug-000	tart	eng-000
7204	19491867	kikazi	lug-000	female	eng-000
7206	10166521	kikere	lug-000	frog	eng-000
7208	19491869	kikere	lug-000	toad	eng-000
7209	20272553	kiki	lug-000	what	eng-000
7210	19491870	kikko	lug-000	valley	eng-000
7211	19491871	kikofira	lug-000	helmet	eng-000
7212	19491872	kikole	lug-000	artificial	eng-000
7213	19491873	kikolimo	lug-000	curse	eng-000
7214	10166378	kikolo	lug-000	root	eng-000
7216	19491875	kikologo	lug-000	yoke	eng-000
7217	19491876	kikololo	lug-000	cough	eng-000
7218	19491877	kikolwa	lug-000	act	eng-000
7219	19491878	kikome	lug-000	gray	eng-000
7221	19491879	kikomera	lug-000	wall	eng-000
7222	10166485	kikomo	lug-000	brass	eng-000
7223	10166485	kikomo	lug-000	copper	eng-000
7224	19491880	kikomo	lug-000	bracelet	eng-000
7225	19491881	kikomo	lug-000	cooper	eng-000
7227	19491882	kikomo kyomubulago	lug-000	necklace	eng-000
7228	10166642	kikonde	lug-000	fist	eng-000
7230	19491884	kikono	lug-000	handle	eng-000
7231	10166291	kikoola	lug-000	leaf	eng-000
7233	19491886	kikoosi	lug-000	gang	eng-000
7234	10166629	kikopo	lug-000	mug	eng-000
7235	10166629	kikopo	lug-000	pot	eng-000
7236	19491887	kikopo	lug-000	cup	eng-000
7237	19491888	kikosi	lug-000	group	eng-000
7238	19491889	kikula kyʼomuntu	lug-000	sex	eng-000
7239	10167041	kikumi	lug-000	hundred	eng-000
7242	10166328	kikuta	lug-000	skin	eng-000
7243	19491891	kikuubo	lug-000	alley	eng-000
7244	19491892	kikwaaso	lug-000	pin	eng-000
7245	19491893	kikwafu	lug-000	thick	eng-000
7247	32691005	kikwafu	lug-000	dark	eng-000
7249	19491894	kikwatwako	lug-000	handle	eng-000
7250	19491895	kikwekweeto	lug-000	raid	eng-000
7251	19491896	kikyupuli	lug-000	forgery	eng-000
7252	19491897	kilaamo	lug-000	will	eng-000
7253	19491898	kilagala	lug-000	green	eng-000
7255	19491899	kilala	lug-000	other	eng-000
7256	10166534	kile	lug-000	cloud	eng-000
7257	10166353	kilevu	lug-000	beard	eng-000
7258	19491901	kilinika	lug-000	clinic	eng-000
7260	30768259	kilinika	lug-000	hospital	eng-000
7262	19491902	kilooto	lug-000	dream	eng-000
7263	19491903	kiloto ekyetisa	lug-000	nightmare	eng-000
7264	19491904	kilowoozo	lug-000	idea	eng-000
7265	19491905	kilowoozo	lug-000	thought	eng-000
7266	19491906	kilungi	lug-000	nice	eng-000
7268	19491907	kilungi nnyo	lug-000	wonderful	eng-000
7269	30771941	kilungi nnyo	lug-000	amazing	eng-000
7271	30771941	kilungi nnyo	lug-000	awesome	eng-000
7272	30771941	kilungi nnyo	lug-000	fab	eng-000
7273	30771941	kilungi nnyo	lug-000	fabulous	eng-000
7275	30771941	kilungi nnyo	lug-000	marvelous	eng-000
7277	30771941	kilungi nnyo	lug-000	wondrous	eng-000
7279	10166598	kima	lug-000	monkey	eng-000
7280	19491908	kimala	lug-000	enough	eng-000
7281	19491909	kimansulo	lug-000	nudity	eng-000
7282	19491910	kimera	lug-000	crop	eng-000
7283	19491911	kimera tekirina bikola	lug-000	cactus	eng-000
7285	19491912	kimmemmette	lug-000	concentration	eng-000
7286	19491913	kimpi	lug-000	short	eng-000
7287	19491914	kimu ekyʼokubiri	lug-000	half	eng-000
7288	19491915	kimu ekyʼokuna	lug-000	quarter	eng-000
7289	10167210	kimuli	lug-000	flower	eng-000
7292	28620091	kimuli	lug-000	bloom	eng-000
7293	28620091	kimuli	lug-000	blossom	eng-000
7295	19491917	kimusanyufu	lug-000	unhappy	eng-000
7298	19491918	kimyanso	lug-000	reflection	eng-000
7299	19491919	kinaabiro	lug-000	bathroom	eng-000
7300	19491920	kinabilo	lug-000	bath	eng-000
7301	19491921	kinazi	lug-000	palm	eng-000
7302	19491922	kindaazi	lug-000	cake	eng-000
7303	10167201	kindu	lug-000	date palm	eng-000
7305	19491924	kinene	lug-000	big	eng-000
7306	19491925	kinene	lug-000	great	eng-000
7307	19491926	kinene	lug-000	huge	eng-000
7308	19491927	kinene	lug-000	large	eng-000
7309	19491928	kingi	lug-000	lot	eng-000
7310	19491929	kingi	lug-000	more	eng-000
7311	10166446	kinjagali	lug-000	thigh	eng-000
7312	19491930	kinkumu	lug-000	fingerprint	eng-000
7313	10166814	kinnya	lug-000	hole	eng-000
7314	10166814	kinnya	lug-000	pit	eng-000
7315	19491931	kinnyampo	lug-000	fart	eng-000
7316	19491932	kino kisolo	lug-000	panda	eng-000
7318	19491933	kinonomu	lug-000	each	eng-000
7320	10166821	kintu	lug-000	thing	eng-000
7323	19491935	kintu ekimu	lug-000	something	eng-000
7324	19491936	kintu ekinene	lug-000	giant	eng-000
7325	19491938	kintu ekyensonda essatu	lug-000	rectangle	eng-000
7326	19491937	kintu ekyʼensonda essatu	lug-000	triangle	eng-000
7327	19491939	kintu kyowulira mumubiri	lug-000	feeling	eng-000
7329	19491941	kintu okugwawo nga tomanyi	lug-000	surprise	eng-000
7330	19491942	kinusu	lug-000	coin	eng-000
7331	19491943	kinuulo	lug-000	hoof	eng-000
7332	19491944	kinuuna	lug-000	sponge	eng-000
7333	19491945	kinya	lug-000	gecko	eng-000
7334	19491946	kinyeebwa	lug-000	peanut	eng-000
7335	19491947	kinyonyi	lug-000	bird	eng-000
7336	19491948	kinyoozi	lug-000	barber	eng-000
7338	30781110	kinyoozi	lug-000	hairdresser	eng-000
7340	19491949	kinyusi	lug-000	core	eng-000
7341	19491950	kipapaali	lug-000	orange	eng-000
7343	19491951	kipimo	lug-000	measure	eng-000
7344	19491952	kipya	lug-000	fresh	eng-000
7345	19491953	kipya	lug-000	new	eng-000
7347	10166448	kira	lug-000	become burnt	eng-000
7348	10166597	kira	lug-000	tail	eng-000
7349	19491954	kirabika obulungi	lug-000	pretty	eng-000
7350	19491955	kirabo	lug-000	gift	eng-000
7351	19491956	kirabo	lug-000	present	eng-000
7352	19491957	kirabo	lug-000	prize	eng-000
7354	20272485	kiragala	lug-000	green	eng-000
7355	19491959	kirala	lug-000	another	eng-000
7356	19491960	kirawuli	lug-000	glass	eng-000
7357	19491961	kire	lug-000	cloud	eng-000
7359	19491963	kiri	lug-000	it	eng-000
7361	19491964	kirime	lug-000	plant	eng-000
7362	19491965	kirimunda	lug-000	content	eng-000
7364	19491967	kirombe	lug-000	mine	eng-000
7365	10166559	kirooto	lug-000	dream	eng-000
7366	19491968	kirungi	lug-000	beautiful	eng-000
7367	19491969	kirungi	lug-000	good	eng-000
7368	19491970	kiruyi	lug-000	vengeance	eng-000
7369	19491971	kirwanirirwa	lug-000	cause	eng-000
7370	10167092	kisa	lug-000	hide	eng-000
7371	19491972	kisa	lug-000	grace	eng-000
7372	19491973	kisa	lug-000	pity	eng-000
7373	10166706	kisaaganda	lug-000	bale	eng-000
7374	10166706	kisaaganda	lug-000	bundle	eng-000
7375	10166706	kisaaganda	lug-000	pack	eng-000
7376	19491974	kisaaganda	lug-000	bunch	eng-000
7377	19491975	kisaaganda kyʼebimuli	lug-000	bouquet	eng-000
7378	19491976	kisaakaate	lug-000	wall	eng-000
7379	19491977	kisaanidde	lug-000	appropriate	eng-000
7380	19491978	kisaawe	lug-000	field	eng-000
7382	19491980	kisaawe kyʼennyonyi	lug-000	airport	eng-000
7383	19491981	kisabika	lug-000	jacket	eng-000
7384	19491982	kisago	lug-000	injury	eng-000
7385	19491983	kisago	lug-000	wound	eng-000
7386	10167151	kisaka	lug-000	thicket	eng-000
7388	19491984	kisaka	lug-000	bush	eng-000
7389	19491985	kisale	lug-000	fee	eng-000
7390	10166435	kisambi	lug-000	thigh	eng-000
7392	19491987	kisamusaamu	lug-000	reasonable	eng-000
7393	19491988	kisanduuko	lug-000	box	eng-000
7394	19491989	kisanirizo	lug-000	comb	eng-000
7395	19491990	kisanja	lug-000	term	eng-000
7396	19491991	kisanyi	lug-000	caterpillar	eng-000
7397	10166765	kisasilo	lug-000	garbage	eng-000
7398	10166765	kisasilo	lug-000	rubbish	eng-000
7399	19491992	kisawe	lug-000	playground	eng-000
7400	19491993	kiseera	lug-000	time	eng-000
7401	19491994	kiseere	lug-000	expensive	eng-000
7402	19491995	kiselakyona	lug-000	always	eng-000
7403	19491996	kisemba	lug-000	last	eng-000
7404	10167143	kisenge	lug-000	wall	eng-000
7405	19491997	kisenge	lug-000	lounge	eng-000
7406	19491998	kisenge	lug-000	room	eng-000
7409	19492000	kisenge ekinene	lug-000	hall	eng-000
7410	19492001	kisenge ekisulwaamu	lug-000	bedroom	eng-000
7411	19492002	kisero	lug-000	basket	eng-000
7412	19492003	kisesa	lug-000	funny	eng-000
7413	10167122	kisige	lug-000	eyebrow	eng-000
7414	19492004	kisige	lug-000	eye brow	eng-000
7415	19492005	kisige	lug-000	hair line	eng-000
7416	19492006	kisiibo	lug-000	fast	eng-000
7417	19492007	kisiige	lug-000	painting	eng-000
7418	19492008	kisiikirize	lug-000	shade	eng-000
7419	19492009	kisikirize	lug-000	shadow	eng-000
7420	19492010	kisimbe	lug-000	plant	eng-000
7421	19492011	kisinga	lug-000	most	eng-000
7422	10166984	kisinz	lug-000	heel	eng-000
7423	19492012	kisinzibwa	lug-000	idol	eng-000
7424	10166875	kiso	lug-000	knife	eng-000
7425	10167238	kiso	lug-000	sword	eng-000
7427	19492014	kisoboka	lug-000	possible	eng-000
7428	19492015	kisodde	lug-000	gorilla	eng-000
7429	19492016	kisolo	lug-000	animal	eng-000
7430	19492017	kisolo	lug-000	bear	eng-000
7431	19492018	kisolo kifanana enagbi	lug-000	deer	eng-000
7432	19492019	kisongovu	lug-000	sharp	eng-000
7433	19492020	kisooka	lug-000	first	eng-000
7434	19492021	kisosonkole	lug-000	shell	eng-000
7435	10167168	kissi	lug-000	bait	eng-000
7436	19492022	kisuffu	lug-000	excellent	eng-000
7438	10166968	kisukilize	lug-000	shade	eng-000
7439	10166968	kisukilize	lug-000	shadow	eng-000
7440	10167013	kisulo	lug-000	accommodation	eng-000
7441	10167013	kisulo	lug-000	sleeping-place	eng-000
7442	19492023	kisulo	lug-000	dormitory	eng-000
7443	19492024	kisulo	lug-000	habitat	eng-000
7445	19492026	kisumuluzo	lug-000	key	eng-000
7446	19492027	kisusunku	lug-000	nest	eng-000
7447	19492028	kisuubizo	lug-000	promise	eng-000
7448	19492029	kiswa	lug-000	ant hill	eng-000
7450	10167172	kita	lug-000	calabash	eng-000
7451	19492030	kita	lug-000	container	eng-000
7452	19492031	kita	lug-000	gourd	eng-000
7453	19492032	kitabo	lug-000	book	eng-000
7454	19492033	kitagwaanidde	lug-000	inappropriate	eng-000
7455	19492034	kitaka	lug-000	brown	eng-000
7458	19492035	kitalabika	lug-000	invisible	eng-000
7459	19492036	kitali kitabule	lug-000	pure	eng-000
7460	19492037	kitaliiko kamogo	lug-000	perfect	eng-000
7461	19492038	kitalikyabulijjo	lug-000	unusual	eng-000
7462	19492039	kitambaala	lug-000	cloth	eng-000
7463	10166780	kitambiro	lug-000	sacrifice	eng-000
7464	19492040	kitamiiza	lug-000	alcohol	eng-000
7465	10166371	kitanda	lug-000	bed	eng-000
7467	19492042	kitangaala	lug-000	light	eng-000
7469	10166791	kitange	lug-000	my father	eng-000
7470	19492043	kitasoboka	lug-000	impossible	eng-000
7472	19492045	kitategeerekeka	lug-000	ambiguous	eng-000
7473	19492046	kitebereze	lug-000	guess	eng-000
7474	19492047	kiteebereka	lug-000	unavoidable	eng-000
7475	19492048	kiteeso	lug-000	idea	eng-000
7476	19492049	kitegeeza	lug-000	mean	eng-000
7478	19492050	kitereevu	lug-000	flat	eng-000
7479	19492051	kiteteeyi	lug-000	dress	eng-000
7480	19492052	kitewalika	lug-000	unavoidable	eng-000
7481	10166727	kiti	lug-000	haft	eng-000
7482	10166727	kiti	lug-000	handle	eng-000
7483	19492053	kiti	lug-000	category	eng-000
7484	19492054	kiti	lug-000	log	eng-000
7485	19492055	kitibwa	lug-000	title	eng-000
7486	19492056	kitiibwa	lug-000	respect	eng-000
7487	19492057	kitiiyo	lug-000	spade	eng-000
7488	19492058	kitimba	lug-000	internet	eng-000
7489	19492059	kitisa	lug-000	fierce	eng-000
7490	19492060	kitiyo	lug-000	shovel	eng-000
7491	19492061	kito	lug-000	young	eng-000
7494	19492062	kitobba	lug-000	October	eng-000
7495	19492063	kitobu	lug-000	damp	eng-000
7496	19492064	kitogi	lug-000	collar	eng-000
7497	10166812	kitole	lug-000	clod	eng-000
7498	10166812	kitole	lug-000	lump	eng-000
7500	19492066	kitole	lug-000	peace	eng-000
7501	19492067	kitonde ekyemizimu	lug-000	fairy	eng-000
7502	19492068	kitone	lug-000	gift	eng-000
7503	19492069	kitone	lug-000	talent	eng-000
7504	19492070	kitongole	lug-000	department	eng-000
7505	19492071	kitongole	lug-000	organization	eng-000
7506	19492072	kitono	lug-000	few	eng-000
7507	19492073	kitono	lug-000	less	eng-000
7508	19492074	kitono	lug-000	little	eng-000
7509	19492075	kitono	lug-000	small	eng-000
7510	19492076	kitono	lug-000	tiny	eng-000
7511	30776261	kitono	lug-000	bantam	eng-000
7512	30776261	kitono	lug-000	diminutive	eng-000
7513	30776261	kitono	lug-000	flyspeck	eng-000
7514	30776261	kitono	lug-000	lilliputian	eng-000
7515	30776261	kitono	lug-000	midget	eng-000
7516	30776261	kitono	lug-000	petite	eng-000
7519	19492077	kitontome	lug-000	monologue	eng-000
7520	19492078	kitoogo	lug-000	papyrus	eng-000
7521	10166638	kitooke	lug-000	banana	eng-000
7522	19492079	kitufu	lug-000	correct	eng-000
7523	19492080	kitukuvu	lug-000	bright	eng-000
7524	10166839	kituli	lug-000	hole	eng-000
7525	10166839	kituli	lug-000	nest	eng-000
7527	19492082	kitundu	lug-000	area	eng-000
7528	19492083	kitundu	lug-000	half	eng-000
7529	19492084	kitundu	lug-000	part	eng-000
7530	19492085	kitungununa	lug-000	sour	eng-000
7531	30765944	kitungununa	lug-000	acid	eng-000
7533	30765944	kitungununa	lug-000	tart	eng-000
7535	19492086	kituttwa	lug-000	knot	eng-000
7536	19492087	kituufu	lug-000	actual	eng-000
7537	19492088	kituufu	lug-000	fact	eng-000
7538	19492089	kituufu	lug-000	real	eng-000
7539	19492090	kituufu	lug-000	true	eng-000
7540	20272541	kituundu	lug-000	in	eng-000
7541	19492091	kivumo	lug-000	insult	eng-000
7542	19492092	kivundu	lug-000	smell	eng-000
7543	10166942	kiwabyo	lug-000	scythe	eng-000
7544	10166942	kiwabyo	lug-000	sickle	eng-000
7545	19492093	kiwalazima	lug-000	adrenaline	eng-000
7546	19492094	kiwandiiko	lug-000	document	eng-000
7548	19492096	kiwanvvu	lug-000	deep	eng-000
7549	19492097	kiwato	lug-000	waist	eng-000
7550	19492098	kiwawatiro	lug-000	wing	eng-000
7551	19492099	kiwayi	lug-000	faction	eng-000
7552	19492100	kiwempe	lug-000	carpet	eng-000
7553	19492101	kiwero	lug-000	rug	eng-000
7554	19492102	kiwewevu	lug-000	smooth	eng-000
7556	19492103	kiwojjolo	lug-000	butterfly	eng-000
7557	19492104	kiwoma	lug-000	delicious	eng-000
7559	19492105	kiwonvu	lug-000	valley	eng-000
7560	10166372	kiwoobe	lug-000	mourning	eng-000
7561	19492106	kiwoomereza	lug-000	sugar	eng-000
7562	19492107	kiwuggulu	lug-000	owl	eng-000
7563	19492108	kiwuka	lug-000	insect	eng-000
7564	19492109	kiwunikiriza	lug-000	spectacular	eng-000
7565	19492110	kiyenje	lug-000	cockroach	eng-000
7566	19492111	kiyiriro	lug-000	waterfall	eng-000
7567	19492112	kiyonjo	lug-000	clean	eng-000
7568	19492113	kiyonjo	lug-000	neat	eng-000
7569	19492115	kiyumba kyebisolo	lug-000	barn	eng-000
7570	19492114	kiyumba kyʼenkoko	lug-000	poultry	eng-000
7571	19492116	kiyungu	lug-000	kitchen	eng-000
7572	19492117	kizesebwa okukola ebintu	lug-000	material	eng-000
7573	19492118	kizibaawo	lug-000	coat	eng-000
7574	19492119	kizibu	lug-000	difficult	eng-000
7575	19492120	kizibu	lug-000	hard	eng-000
7576	19492121	kizibu	lug-000	issue	eng-000
7578	19492123	kizibu	lug-000	problem	eng-000
7579	19492124	kizibu	lug-000	burden	eng-000
7580	19492125	kizibwe wange	lug-000	cousin	eng-000
7582	19492126	kizigo	lug-000	trap	eng-000
7583	10166733	kizikiza	lug-000	darkness	eng-000
7584	19492127	kizimba	lug-000	tumor	eng-000
7585	19492128	kizimbe	lug-000	build	eng-000
7586	19492129	kizimbe	lug-000	building	eng-000
7588	19492131	kizimbulukusa	lug-000	magnifying glass	eng-000
7589	10166991	kizinga	lug-000	island	eng-000
7591	19492133	kiziyiza	lug-000	brake	eng-000
7592	10166899	kka	lug-000	smoke	eng-000
7594	19492135	kkatala	lug-000	task	eng-000
7595	19492136	kkerenda	lug-000	pill	eng-000
7596	19492137	kkifu	lug-000	wrong	eng-000
7597	19492138	kkolero	lug-000	factory	eng-000
7598	19492139	kkondo	lug-000	robber	eng-000
7600	19492140	kkono	lug-000	left	eng-000
7604	19492141	kkoona	lug-000	bend	eng-000
7605	19492142	kkoona	lug-000	corner	eng-000
7606	19492143	kkoona	lug-000	curve	eng-000
7608	19492144	kkulembera	lug-000	lead	eng-000
7610	37566324	kkumi	lug-000	ten	eng-000
7611	10166901	kkuta	lug-000	be satiated	eng-000
7612	10166901	kkuta	lug-000	have enough	eng-000
7613	10166929	kobojjana	lug-000	quarrel	eng-000
7614	10166585	kofu	lug-000	guinea fowl	eng-000
7615	19492145	kojja	lug-000	uncle	eng-000
7618	10166693	kojoba	lug-000	urinate	eng-000
7619	10166967	koko	lug-000	fowl	eng-000
7620	10166967	koko	lug-000	hen	eng-000
7621	10166985	kokola	lug-000	elbow	eng-000
7622	10166603	kola	lug-000	do	eng-000
7624	20272569	kola	lug-000	make	eng-000
7625	19492146	kolaasi	lug-000	tarmac	eng-000
7626	30789442	kolaasi	lug-000	asphalt	eng-000
7627	30789442	kolaasi	lug-000	asphalt concrete	eng-000
7630	10166378	kolo	lug-000	root	eng-000
7631	10166808	kolobba	lug-000	go away	eng-000
7632	10166808	kolobba	lug-000	leave	eng-000
7633	10167153	kolobola	lug-000	grate	eng-000
7634	10167153	kolobola	lug-000	scratch	eng-000
7636	10166702	kolokota	lug-000	scrape	eng-000
7637	10166622	kolola	lug-000	cough	eng-000
7638	10167177	komba	lug-000	lick	eng-000
7639	10167144	komela	lug-000	enclosure	eng-000
7640	10167144	komela	lug-000	fence	eng-000
7641	19492147	komera	lug-000	prison	eng-000
7642	10166485	komo	lug-000	brass	eng-000
7643	10166485	komo	lug-000	copper	eng-000
7644	19492148	kompyuuta	lug-000	computer	eng-000
7646	10166642	konde	lug-000	fist	eng-000
7647	10167145	kondoola	lug-000	squat	eng-000
7648	10167163	konjera	lug-000	slander	eng-000
7649	19492149	konkome	lug-000	lizard	eng-000
7650	10166811	kono	lug-000	arm	eng-000
7651	10166811	kono	lug-000	hand	eng-000
7652	10166386	konya	lug-000	fill a hole	eng-000
7654	19492150	kookolo	lug-000	cancer	eng-000
7657	10166291	koola	lug-000	leaf	eng-000
7658	19492151	kooti	lug-000	coat	eng-000
7659	19492152	kooti	lug-000	court	eng-000
7660	10166629	kopo	lug-000	mug	eng-000
7661	10166629	kopo	lug-000	pot	eng-000
7662	19492204	kuboneka	lug-000	appear	eng-000
7663	10166922	kubumba	lug-000	mould	eng-000
7664	19492293	kuganza	lug-000	owe	eng-000
7665	10167268	kotama	lug-000	bend down	eng-000
7666	10167268	kotama	lug-000	lean	eng-000
7667	10167268	kotama	lug-000	slope	eng-000
7668	10166832	kozesa	lug-000	use	eng-000
7669	10166656	ku	lug-000	firewood	eng-000
7670	19492153	ku	lug-000	on	eng-000
7672	19492154	ku lwa	lug-000	on behalf of	eng-000
7674	19492155	ku makya	lug-000	morning	eng-000
7677	10166261	kuba	lug-000	be	eng-000
7678	10166261	kuba	lug-000	become	eng-000
7679	10166635	kuba	lug-000	knock	eng-000
7681	10167045	kuba	lug-000	rain	eng-000
7682	10167054	kuba	lug-000	beat	eng-000
7683	19492156	kuba ku bunkenke	lug-000	anxious	eng-000
7684	19492157	kuba ku bunkenke	lug-000	tense	eng-000
7685	19492158	kuba ne	lug-000	have	eng-000
7686	19492159	kuba nʼebisaanyizo	lug-000	qualified	eng-000
7687	19492160	kuba nʼensonyi	lug-000	shy	eng-000
7688	19492161	kubaawo	lug-000	happen	eng-000
7689	10166527	kubabula	lug-000	singe	eng-000
7690	19492162	kubabula	lug-000	grill	eng-000
7691	19492163	kubagano	lug-000	traffic	eng-000
7692	19492164	kubaka	lug-000	catch	eng-000
7694	10166640	kubala	lug-000	count	eng-000
7696	19492166	kubala	lug-000	mathematics	eng-000
7697	19492167	kubalirira	lug-000	survey	eng-000
7698	19492168	kubalula	lug-000	flog	eng-000
7699	19492169	kubalula	lug-000	spank	eng-000
7700	19492170	kubanga	lug-000	because	eng-000
7704	19492171	kubanja	lug-000	demand	eng-000
7705	19492172	kubatiza	lug-000	baptize	eng-000
7706	19492173	kubawo	lug-000	around	eng-000
7707	19492174	kubazaamu	lug-000	multiply	eng-000
7710	10166906	kubbika	lug-000	dip	eng-000
7711	19492176	kubbika	lug-000	cover	eng-000
7712	19492177	kubbira	lug-000	sank	eng-000
7714	19492178	kubbirira	lug-000	cheat	eng-000
7715	19492179	kubeera	lug-000	be	eng-000
7716	19492180	kubeera	lug-000	live	eng-000
7717	19492181	kubeera lubuto	lug-000	pregnant	eng-000
7718	19492182	kubeera mu mukomera	lug-000	imprisoned	eng-000
7720	19492184	kubeera mu mweezi	lug-000	period	eng-000
7722	19492185	kubega	lug-000	spy	eng-000
7723	19492186	kubejjagala	lug-000	belch	eng-000
7724	19492187	kubejjerera	lug-000	persecute	eng-000
7725	19492188	kubejjerera	lug-000	revile	eng-000
7726	19492189	kubelamubigele	lug-000	barefoot	eng-000
7727	19492190	kubembereza	lug-000	accommodate	eng-000
7728	19492191	kubembereza	lug-000	spare	eng-000
7729	19492192	kubika	lug-000	obituary	eng-000
7730	19492193	kubikirira	lug-000	mask	eng-000
7731	10167149	kubikka	lug-000	cover	eng-000
7732	19492194	kubikkako	lug-000	cover	eng-000
7733	19492195	kubikkula	lug-000	open	eng-000
7734	19492196	kubikulirwa	lug-000	revelation	eng-000
7735	19492197	kubila	lug-000	sink	eng-000
7737	19492198	kubinika	lug-000	overload	eng-000
7738	19492199	kubira	lug-000	sunk	eng-000
7739	19492200	kubisiwaza	lug-000	wet	eng-000
7740	19492201	kubo	lug-000	way	eng-000
7741	19492202	kubo eriyita wansi	lug-000	subway	eng-000
7742	19492203	kuboggola	lug-000	yell	eng-000
7743	19492205	kubonereza	lug-000	punish	eng-000
7744	19492206	kuboola	lug-000	discriminate	eng-000
7745	19492207	kuboola	lug-000	disown	eng-000
7746	19492208	kuboola	lug-000	shun	eng-000
7747	19492209	kubotola	lug-000	pierce	eng-000
7748	19492210	kubowa	lug-000	confiscate	eng-000
7749	19492211	kubugumiriza	lug-000	excite	eng-000
7750	19492212	kubuguutanya	lug-000	bother	eng-000
7751	19492213	kubuka	lug-000	skip	eng-000
7753	19492215	kubulawo	lug-000	disappear	eng-000
7754	19492216	kubulira	lug-000	preach	eng-000
7756	19492218	kubuliriza	lug-000	survey	eng-000
7757	19492219	kubulwa	lug-000	lost	eng-000
7760	19492221	kubusabusa	lug-000	bounce	eng-000
7761	19492222	kubusabusa	lug-000	doubt	eng-000
7762	19492223	kubusabusa	lug-000	hesitate	eng-000
7763	10166294	kubuuka	lug-000	fly	eng-000
7764	19492224	kubuuka	lug-000	flight	eng-000
7766	19492226	kubuuka	lug-000	jump	eng-000
7767	10166746	kubuukabuuka	lug-000	flap	eng-000
7768	10166746	kubuukabuuka	lug-000	flutter	eng-000
7769	10166470	kubuulila	lug-000	say	eng-000
7770	10166470	kubuulila	lug-000	tell	eng-000
7771	19492227	kubuulira	lug-000	inform	eng-000
7772	19492228	kubuulira	lug-000	tell	eng-000
7773	19492229	kubuumba	lug-000	pottery	eng-000
7774	19492230	kubuuza	lug-000	ask	eng-000
7775	19492231	kubuzabuza	lug-000	confuse	eng-000
7776	19492232	kubuzabuza	lug-000	mislead	eng-000
7777	10167204	kubwala	lug-000	be ill	eng-000
7778	10167204	kubwala	lug-000	groan	eng-000
7779	19492233	kubwatuka	lug-000	cracker	eng-000
7780	19492234	kubwatuka	lug-000	thunder	eng-000
7781	19492235	kubwebwena	lug-000	devour	eng-000
7782	19492236	kubyangatana	lug-000	juggle	eng-000
7783	19492237	kudaala	lug-000	show off	eng-000
7784	10166264	kudaalimba	lug-000	lazy	eng-000
7785	10166467	kudda	lug-000	go back	eng-000
7786	10166467	kudda	lug-000	return	eng-000
7787	10166418	kuddaabilya	lug-000	arrange	eng-000
7788	10166418	kuddaabilya	lug-000	put right	eng-000
7789	10166418	kuddaabilya	lug-000	repair	eng-000
7790	19492238	kuddabiriza	lug-000	repair	eng-000
7791	19492239	kuddamu	lug-000	answer	eng-000
7792	19492240	kuddamu	lug-000	reply	eng-000
7793	19492241	kuddirira	lug-000	after	eng-000
7794	19492242	kudduka	lug-000	jogging	eng-000
7795	19492243	kudduka	lug-000	running	eng-000
7797	19492244	kuddukira	lug-000	fetch	eng-000
7798	19492245	kudibuula	lug-000	extravagant	eng-000
7799	19492246	kudobonkana	lug-000	crazy	eng-000
7800	19492247	kudobonkana	lug-000	talk	eng-000
7801	19492248	kuduka	lug-000	ran	eng-000
7803	19492249	kuduka ennyo	lug-000	race	eng-000
7804	10166293	kufa	lug-000	die	eng-000
7806	19492250	kufa	lug-000	death	eng-000
7808	10166298	kufaanana	lug-000	resemble	eng-000
7809	19492252	kufaayo	lug-000	mind	eng-000
7810	19492253	kufafaganya	lug-000	corrupt	eng-000
7811	19492254	kufananya	lug-000	alike	eng-000
7812	19492255	kufayo	lug-000	worry	eng-000
7814	19492256	kufiirwa	lug-000	lose	eng-000
7815	10166276	kufissiza	lug-000	leave over	eng-000
7816	19492257	kufuba	lug-000	effort	eng-000
7817	19492258	kufubutuka	lug-000	run	eng-000
7818	19492259	kufubutuka	lug-000	sprint	eng-000
7819	19492260	kufuga	lug-000	rule	eng-000
7820	10166913	kufuka	lug-000	pour	eng-000
7821	19492261	kufuka	lug-000	piss	eng-000
7822	19492262	kufukamira	lug-000	kneel	eng-000
7823	10166455	kufukuta	lug-000	blow bellows	eng-000
7824	19492263	kufulu	lug-000	lock	eng-000
7825	10166761	kufuluma	lug-000	go away	eng-000
7826	10166761	kufuluma	lug-000	go out	eng-000
7827	19492264	kufuluma	lug-000	exit	eng-000
7828	10166528	kufumba	lug-000	boil	eng-000
7829	10166722	kufumba	lug-000	cook	eng-000
7830	19492265	kufumba	lug-000	bake	eng-000
7832	19492267	kufumbirwa	lug-000	wed	eng-000
7834	19492268	kufumitiriza	lug-000	contemplate	eng-000
7835	10166650	kufuna	lug-000	get	eng-000
7836	10166650	kufuna	lug-000	obtain	eng-000
7837	10166781	kufuna	lug-000	receive	eng-000
7838	19492269	kufuna	lug-000	benefit	eng-000
7839	19492270	kufuna	lug-000	gain	eng-000
7842	19492273	kufuna lubuto	lug-000	pregnant	eng-000
7843	19492274	kufunyulula	lug-000	unroll	eng-000
7844	19492275	kufunza	lug-000	zoom	eng-000
7845	19492276	kufutyanka	lug-000	demean	eng-000
7846	19492277	kufuuka	lug-000	become	eng-000
7847	10166466	kufuula	lug-000	alter	eng-000
7848	10166466	kufuula	lug-000	change	eng-000
7849	19492278	kufuuwa	lug-000	blow	eng-000
7852	19492281	kufuwa	lug-000	blew	eng-000
7854	19492282	kufuyisa	lug-000	urinate	eng-000
7855	10167115	kugaana	lug-000	deny	eng-000
7856	19492283	kugaana	lug-000	refuse	eng-000
7857	19492284	kugaaya	lug-000	chew	eng-000
7858	10167284	kugaayuka	lug-000	be faint	eng-000
7859	10167284	kugaayuka	lug-000	be loose	eng-000
7860	10167284	kugaayuka	lug-000	be weak	eng-000
7861	10166463	kugaba	lug-000	divide	eng-000
7862	10166464	kugaba	lug-000	give away	eng-000
7863	19492285	kugabana	lug-000	share	eng-000
7864	19492286	kugabanya	lug-000	divide	eng-000
7865	19492287	kugabanyaamu	lug-000	divide	eng-000
7866	10166339	kugalamila	lug-000	lie down	eng-000
7867	19492288	kugalamira	lug-000	lie	eng-000
7868	19492289	kugalamiza	lug-000	lay	eng-000
7869	10167243	kugalanjuba	lug-000	turn over	eng-000
7870	10167243	kugalanjuba	lug-000	turn upside down	eng-000
7871	19492290	kugamba	lug-000	say	eng-000
7872	19492291	kuganyulwa	lug-000	profit	eng-000
7873	19492292	kuganyurwa	lug-000	gain	eng-000
7874	10166445	kugatta	lug-000	add up	eng-000
7875	19492294	kugatta	lug-000	add	eng-000
7876	19492295	kugatta	lug-000	plus	eng-000
7877	19492296	kugayaala	lug-000	lazy	eng-000
7878	19492297	kugaziya	lug-000	zoom	eng-000
7880	10166489	kugenda	lug-000	go	eng-000
7882	10167079	kugenyagenya	lug-000	crumple	eng-000
7883	19492299	kugenyiwala	lug-000	visit	eng-000
7884	10167187	kugeraageranya	lug-000	juxtapose	eng-000
7885	10167187	kugeraageranya	lug-000	put together	eng-000
7886	19492300	kugezaako	lug-000	attempt	eng-000
7887	19492301	kugezaako	lug-000	try	eng-000
7888	19492302	kugezesa	lug-000	quiz	eng-000
7889	19492303	kugezesa	lug-000	test	eng-000
7890	19492304	kuggala	lug-000	close	eng-000
7892	19492306	kuggalawo	lug-000	shut	eng-000
7893	10167123	kuggula	lug-000	open a door	eng-000
7894	10167296	kuggula	lug-000	open	eng-000
7895	19492307	kuggulawo	lug-000	open	eng-000
7896	19492308	kuggumiza	lug-000	emphasize	eng-000
7897	10166738	kuggwa	lug-000	cease	eng-000
7898	10166738	kuggwa	lug-000	finish	eng-000
7899	20272559	kuggwa	lug-000	fall	eng-000
7900	10166416	kuggya	lug-000	send away	eng-000
7902	10166917	kuggya	lug-000	burn	eng-000
7903	10166496	kugira	lug-000	act	eng-000
7904	10166661	kugira	lug-000	hem	eng-000
7905	10166661	kugira	lug-000	make a border	eng-000
7906	19492309	kugoba ganya	lug-000	chase	eng-000
7907	19492310	kugoberera	lug-000	follow	eng-000
7908	19492311	kugobolola	lug-000	profit	eng-000
7910	19492312	kugolola	lug-000	correction	eng-000
7911	19492313	kugolola	lug-000	iron	eng-000
7912	19492314	kugondera	lug-000	obey	eng-000
7913	19492315	kugoomya	lug-000	bend	eng-000
7914	19492316	kugootaanya	lug-000	confuse	eng-000
7915	19492317	kugootaanya	lug-000	upset	eng-000
7916	10167023	kugoya	lug-000	mix	eng-000
7918	19492318	kugugumuka	lug-000	panic	eng-000
7919	10166530	kugula	lug-000	buy	eng-000
7921	19492320	kugula	lug-000	shop	eng-000
7922	10166540	kugulu	lug-000	foot	eng-000
7923	10166540	kugulu	lug-000	leg	eng-000
7925	19492322	kuguma	lug-000	persevere	eng-000
7926	19492323	kugumiikiriza	lug-000	accommodate	eng-000
7927	19492324	kugumikiriza	lug-000	patient	eng-000
7928	19492325	kugumikiriza	lug-000	tolerate	eng-000
7929	19492326	kugumira	lug-000	persevere	eng-000
7930	19492327	kugumira	lug-000	tolerate	eng-000
7931	19492328	kugumira ku	lug-000	faithful	eng-000
7932	19492329	kuguumaaza	lug-000	ruse	eng-000
7933	19492330	kuguumaaza	lug-000	trick	eng-000
7934	10166525	kugwa	lug-000	fall	eng-000
7935	19492331	kugwa	lug-000	fail	eng-000
7937	19492333	kugwa	lug-000	landing	eng-000
7939	19492334	kugwa kwe njuba	lug-000	sunset	eng-000
7940	19492335	kugwa mu kifuba	lug-000	hug	eng-000
7941	19492336	kugyamu	lug-000	fit	eng-000
7942	19492337	kujaganya	lug-000	celebrate	eng-000
7943	19492338	kujaganya	lug-000	jubilate	eng-000
7944	19492339	kujaganya	lug-000	merry	eng-000
7945	19492340	kujeema	lug-000	rebel	eng-000
7946	19492341	kujelega	lug-000	tease	eng-000
7947	10167075	kujiba	lug-000	abound	eng-000
7948	19492342	kujingajinga	lug-000	forge	eng-000
7950	10166894	kujja	lug-000	come	eng-000
7951	19492343	kujja	lug-000	burn	eng-000
7953	19492345	kujjako	lug-000	beside	eng-000
7954	10166336	kujjanjaba	lug-000	care for	eng-000
7955	10166336	kujjanjaba	lug-000	look after	eng-000
7956	19492346	kujjanjaba	lug-000	care	eng-000
7957	19492347	kujjanjaba	lug-000	treat	eng-000
7958	19492348	kujjanjabirira	lug-000	maintain	eng-000
7959	10167136	kujjukila	lug-000	remember	eng-000
7960	19492349	kujjukira	lug-000	remember	eng-000
7961	19492350	kujjukiza	lug-000	remind	eng-000
7962	10166895	kujjula	lug-000	become full	eng-000
7963	10167156	kujjulukuka	lug-000	migrate	eng-000
7964	10167156	kujjulukuka	lug-000	move away	eng-000
7965	19492351	kujjulukuka	lug-000	move	eng-000
7966	19492352	kujjumbira	lug-000	keen	eng-000
7967	10167096	kujjuza	lug-000	fill	eng-000
7968	19492353	kujjuza ekifo	lug-000	occupy	eng-000
7969	19492354	kujjuzaamu	lug-000	fill	eng-000
7970	10166822	kujoba	lug-000	get wet	eng-000
7971	19492355	kujojolikana	lug-000	argue	eng-000
7972	19492356	kujojolikana	lug-000	conflict	eng-000
7973	19492357	kujojolikana	lug-000	fight	eng-000
7975	19492359	kujooga	lug-000	bully	eng-000
7976	19492360	kujooga	lug-000	contempt	eng-000
7977	19492361	kujooga	lug-000	jeer	eng-000
7978	19492362	kujoonyesa	lug-000	persecute	eng-000
7979	10166786	kujugumera	lug-000	shiver	eng-000
7980	19492363	kujugumira	lug-000	vibrate	eng-000
7981	19492364	kujukira	lug-000	memory	eng-000
7982	19492365	kujulira	lug-000	appeal	eng-000
7983	19492366	kujulira	lug-000	witness	eng-000
7985	19492368	kujuliza	lug-000	refer	eng-000
7986	19492369	kujulukuka	lug-000	migrate	eng-000
7987	19492370	kujuna	lug-000	support	eng-000
7988	19492371	kujyako	lug-000	off	eng-000
7990	19492374	kukaaniika	lug-000	inflate	eng-000
7991	19492375	kukaatiriza	lug-000	emphasize	eng-000
7992	19492376	kukaayana	lug-000	argue	eng-000
7993	19492377	kukaka	lug-000	force	eng-000
7994	19492378	kukakasa	lug-000	assure	eng-000
7995	19492379	kukakasa	lug-000	confirm	eng-000
7997	19492381	kukakasibwa	lug-000	confirmation	eng-000
7999	19492382	kukakata	lug-000	firm	eng-000
8000	19492383	kukakkana	lug-000	relax	eng-000
8001	10166578	kukala	lug-000	become dry	eng-000
8002	10166578	kukala	lug-000	dry up	eng-000
8003	10167152	kukalakata	lug-000	graze	eng-000
8004	10167152	kukalakata	lug-000	scrape	eng-000
8006	10166582	kukalanga	lug-000	fry	eng-000
8008	10166301	kukaliga	lug-000	tie	eng-000
8009	19492385	kukaliga	lug-000	sentence	eng-000
8011	19492387	kukalilira	lug-000	smoke	eng-000
8012	19492388	kukalirira	lug-000	roast	eng-000
8014	19492389	kukalubiriza	lug-000	inconvenience	eng-000
8015	10166576	kukama	lug-000	milk	eng-000
8016	10166576	kukama	lug-000	squeeze	eng-000
8018	10166919	kukambula	lug-000	plunder	eng-000
8019	19492391	kukamula	lug-000	wring	eng-000
8020	10166798	kukanakana	lug-000	shake	eng-000
8021	10166798	kukanakana	lug-000	tremble	eng-000
8022	10166965	kukanga	lug-000	threaten	eng-000
8023	19492392	kukanga	lug-000	scare	eng-000
8024	19492393	kukanga	lug-000	shock	eng-000
8027	19492396	kukangavvula	lug-000	punish	eng-000
8028	19492397	kukangisa	lug-000	intimidate	eng-000
8029	19492398	kukankana	lug-000	quake	eng-000
8030	19492399	kukansa	lug-000	bid	eng-000
8031	19492400	kukanyuga	lug-000	hurl	eng-000
8032	19492401	kukanyuga	lug-000	throw	eng-000
8033	19492402	kukasuka	lug-000	hurl	eng-000
8034	19492403	kukasuka	lug-000	sling	eng-000
8035	19492404	kukasuka	lug-000	throw	eng-000
8036	19492405	kukasukira	lug-000	sling	eng-000
8037	19492406	kukavvula	lug-000	devour	eng-000
8038	19492407	kukaza	lug-000	dry	eng-000
8039	19492408	kukebera	lug-000	check	eng-000
8041	19492410	kukebera	lug-000	scrutinize	eng-000
8042	19492411	kukedenza	lug-000	control	eng-000
8043	19492412	kukeera	lug-000	early	eng-000
8044	19492413	kukeerewa	lug-000	late	eng-000
8045	19492414	kukema	lug-000	trick	eng-000
8046	10166716	kukendeera	lug-000	diminish	eng-000
8047	10166716	kukendeera	lug-000	grow less	eng-000
8048	19492415	kukendeeza	lug-000	reduce	eng-000
8049	10167159	kukenema	lug-000	melt	eng-000
8050	19492416	kukenena	lug-000	drool	eng-000
8051	19492417	kukenga	lug-000	observe	eng-000
8052	10167226	kukenkula	lug-000	get fat	eng-000
8053	19492418	kukenula	lug-000	corrupt	eng-000
8054	10167068	kukenya	lug-000	drop	eng-000
8055	10167068	kukenya	lug-000	throw down	eng-000
8056	19492419	kukerewa	lug-000	delay	eng-000
8057	10166591	kuketa	lug-000	cut	eng-000
8058	19492420	kuketta	lug-000	spy	eng-000
8059	10166589	kukibera	lug-000	look at	eng-000
8060	10166589	kukibera	lug-000	examine	eng-000
8061	19492421	kukiina	lug-000	sarcasm	eng-000
8063	19492423	kukijjanya	lug-000	persecute	eng-000
8064	19492424	kukikiitana	lug-000	fumble	eng-000
8066	19492426	kukinnimba	lug-000	swagger	eng-000
8067	10166448	kukira	lug-000	become burnt	eng-000
8068	19492427	kukiriza	lug-000	believe	eng-000
8069	10167092	kukisa	lug-000	hide	eng-000
8070	19492428	kukisa	lug-000	conceal	eng-000
8071	19492429	kukkaanya	lug-000	agree	eng-000
8072	19492430	kukkalira	lug-000	settle	eng-000
8073	19492431	kukkirira	lug-000	descend	eng-000
8074	19492432	kukkirira	lug-000	agree	eng-000
8075	19492433	kukkirira	lug-000	allow	eng-000
8076	19492434	kukkiriziganya	lug-000	agree	eng-000
8077	19492435	kukkusa	lug-000	satisfy	eng-000
8078	10166901	kukkuta	lug-000	be satiated	eng-000
8079	10166901	kukkuta	lug-000	have enough	eng-000
8080	19492436	kukkuta	lug-000	satisfied	eng-000
8081	10166929	kukobojjana	lug-000	quarrel	eng-000
8082	19492437	kukoboza	lug-000	defiant	eng-000
8083	19492438	kukogga	lug-000	thin	eng-000
8084	10166693	kukojoba	lug-000	urinate	eng-000
8086	10166603	kukola	lug-000	do	eng-000
8087	19492439	kukola	lug-000	act	eng-000
8089	19492441	kukola	lug-000	make	eng-000
8090	19492442	kukola	lug-000	pursue	eng-000
8091	19492443	kukola	lug-000	repair	eng-000
8092	19492444	kukola	lug-000	work	eng-000
8093	19492445	kukola akajanja	lug-000	finicky	eng-000
8094	19492446	kukola enteekateeka	lug-000	plan	eng-000
8096	19492448	kukoleeza	lug-000	torch	eng-000
8097	10166808	kukolobba	lug-000	go away	eng-000
8098	10166808	kukolobba	lug-000	leave	eng-000
8099	10167153	kukolobola	lug-000	grate	eng-000
8100	10167153	kukolobola	lug-000	scratch	eng-000
8101	19492449	kukolobola	lug-000	graze	eng-000
8104	10166702	kukolokota	lug-000	scrape	eng-000
8105	10166622	kukolola	lug-000	cough	eng-000
8107	19492452	kukomawo	lug-000	return	eng-000
8108	10167177	kukomba	lug-000	lick	eng-000
8111	19492455	kukomerera	lug-000	hammer	eng-000
8112	19492456	kukommonta	lug-000	blow	eng-000
8113	19492457	kukomola	lug-000	circumcise	eng-000
8114	19492458	kukomola	lug-000	trim	eng-000
8115	19492459	kukomya	lug-000	end	eng-000
8116	19492460	kukona	lug-000	hit	eng-000
8118	19492462	kukonagaga	lug-000	crash	eng-000
8119	10167145	kukondoola	lug-000	squat	eng-000
8120	19492463	kukongojja	lug-000	hop	eng-000
8121	19492464	kukongoola	lug-000	mock	eng-000
8122	10167163	kukonjera	lug-000	slander	eng-000
8124	19492466	kukonkona	lug-000	knock	eng-000
8125	10166386	kukonya	lug-000	fill a hole	eng-000
8127	19492467	kukoobera	lug-000	lose	eng-000
8128	19492468	kukookoonya	lug-000	tantalize	eng-000
8129	19492469	kukookoonya	lug-000	taunt	eng-000
8130	19492470	kukoola	lug-000	weed	eng-000
8131	19492471	kukoona	lug-000	butt	eng-000
8132	19492472	kukoowa	lug-000	tire	eng-000
8133	19492473	kukoowa	lug-000	tired	eng-000
8134	19492474	kukopa	lug-000	copy	eng-000
8135	19492475	kukosa	lug-000	hurt	eng-000
8136	10167268	kukotama	lug-000	bend down	eng-000
8137	10167268	kukotama	lug-000	lean	eng-000
8138	10167268	kukotama	lug-000	slope	eng-000
8139	10166832	kukozesa	lug-000	use	eng-000
8141	10166635	kukuba	lug-000	knock	eng-000
8143	10167054	kukuba	lug-000	beat	eng-000
8145	19492478	kukuba	lug-000	hit	eng-000
8146	19492479	kukuba	lug-000	draw	eng-000
8147	19492480	kukuba	lug-000	drawing	eng-000
8150	19492481	kukuba akalulu	lug-000	vote	eng-000
8151	19492483	kukuba ddoti	lug-000	fart	eng-000
8152	19492484	kukuba ebituli	lug-000	drip	eng-000
8153	19492485	kukuba engombe	lug-000	honk	eng-000
8154	19492486	kukuba essimu	lug-000	call	eng-000
8155	19492487	kukuba ku matu	lug-000	recover	eng-000
8156	19492488	kukuba mu kyaapa	lug-000	print	eng-000
8157	19492489	kukuba munggalo	lug-000	clap	eng-000
8158	19492490	kukuba oluyi	lug-000	slap	eng-000
8159	19492491	kukubagiza	lug-000	console	eng-000
8160	10166661	kukugira	lug-000	hem	eng-000
8161	10166661	kukugira	lug-000	make a border	eng-000
8163	10166662	kukukumba	lug-000	gather	eng-000
8164	10167277	kukukumuka	lug-000	shiver	eng-000
8165	10167277	kukukumuka	lug-000	shudder	eng-000
8166	10166647	kukula	lug-000	become great	eng-000
8167	10166647	kukula	lug-000	get large	eng-000
8168	10166647	kukula	lug-000	grow up	eng-000
8169	19492493	kukula	lug-000	grow	eng-000
8170	19492494	kukula	lug-000	mature	eng-000
8171	19492495	kukulembera	lug-000	lead	eng-000
8172	10166314	kukulira	lug-000	polish	eng-000
8173	10166313	kukulubuuta	lug-000	rub	eng-000
8174	19492496	kukulukuta	lug-000	flow	eng-000
8175	19492497	kukulula	lug-000	drag	eng-000
8176	10166662	kukumba	lug-000	gather	eng-000
8177	19492498	kukumba	lug-000	march	eng-000
8178	10167277	kukumuka	lug-000	shiver	eng-000
8179	10167277	kukumuka	lug-000	shudder	eng-000
8180	10167086	kukundugga	lug-000	become lean	eng-000
8181	10167086	kukundugga	lug-000	grow thin	eng-000
8182	19492500	kukungaanya	lug-000	gather	eng-000
8183	19492501	kukunganya	lug-000	collect	eng-000
8184	19492502	kukungubaga	lug-000	grieve	eng-000
8185	19492503	kukungubaga	lug-000	moan	eng-000
8186	10166271	kukungula	lug-000	reap	eng-000
8187	19492504	kukungula	lug-000	harvest	eng-000
8188	10167213	kukungʼngʼaana	lug-000	be assembled	eng-000
8189	10167213	kukungʼngʼaana	lug-000	be gathered	eng-000
8190	19492505	kukutulamu wakati	lug-000	halve	eng-000
8191	10166382	kukuula	lug-000	pull up	eng-000
8192	10166382	kukuula	lug-000	root up	eng-000
8193	10166403	kukuula	lug-000	fish up	eng-000
8194	10166403	kukuula	lug-000	pull out	eng-000
8195	19492506	kukuuma	lug-000	preserve	eng-000
8196	19492507	kukuuma	lug-000	protect	eng-000
8197	19492508	kukuza	lug-000	outgrow	eng-000
8198	19492509	kukwaana	lug-000	flirt	eng-000
8199	19492510	kukwaata	lug-000	catch	eng-000
8200	19492511	kukwaata	lug-000	hold	eng-000
8201	10166646	kukwata	lug-000	seize	eng-000
8202	19492512	kukwata	lug-000	rape	eng-000
8203	19492513	kukwatako	lug-000	touch	eng-000
8206	19492516	kukweeka	lug-000	hide	eng-000
8207	19492517	kukwekeeta	lug-000	raid	eng-000
8208	19492518	kukwekula	lug-000	unearth	eng-000
8209	10167118	kukya	lug-000	dawn	eng-000
8210	19492519	kukyaala	lug-000	visit	eng-000
8211	19492520	kukyaawa	lug-000	hate	eng-000
8212	19492521	kukyamula	lug-000	excite	eng-000
8213	19492522	kukyankalanya	lug-000	mess	eng-000
8214	10167085	kukyawa	lug-000	detest	eng-000
8215	10167085	kukyawa	lug-000	hate	eng-000
8216	19492523	kukyima	lug-000	fetch	eng-000
8217	10166465	kukyuka	lug-000	change	eng-000
8218	10166465	kukyuka	lug-000	turn round	eng-000
8219	19492524	kukyupula	lug-000	forge	eng-000
8220	10166384	kukyusa	lug-000	turn round	eng-000
8221	19492525	kukyusaamu	lug-000	revise	eng-000
8222	19492526	kukyusamu	lug-000	modify	eng-000
8223	19492527	kukyuusa	lug-000	change	eng-000
8224	10166548	kula	lug-000	rhinoceros	eng-000
8225	10166647	kula	lug-000	become great	eng-000
8226	10166647	kula	lug-000	get large	eng-000
8227	10166647	kula	lug-000	grow up	eng-000
8228	19492528	kulaajana	lug-000	plead	eng-000
8229	19492529	kulaaki	lug-000	clutch	eng-000
8232	19492531	kulaawa	lug-000	neuter	eng-000
8233	19492532	kulaaza	lug-000	wait	eng-000
8234	10167057	kulaba	lug-000	see	eng-000
8235	19492533	kulaba	lug-000	look	eng-000
8237	19492535	kulaba mu maaso	lug-000	insight	eng-000
8238	19492536	kulabika	lug-000	appear	eng-000
8239	19492537	kulabikirwa	lug-000	vision	eng-000
8240	19492538	kulabilira	lug-000	watch	eng-000
8241	19492539	kulabirira	lug-000	care	eng-000
8242	19492540	kulabirira	lug-000	demand	eng-000
8243	19492541	kulabirira	lug-000	mind	eng-000
8245	19492543	kulagaana	lug-000	agree	eng-000
8246	19492544	kulagajjalira	lug-000	ignore	eng-000
8247	19492545	kulagajjalira	lug-000	neglect	eng-000
8248	19492546	kulagula	lug-000	foretell	eng-000
8249	19492547	kulakira	lug-000	choke	eng-000
8250	19492548	kulamaga	lug-000	pilgrimage	eng-000
8251	19492549	kulambaala	lug-000	lie	eng-000
8252	19492550	kulambula	lug-000	picnic	eng-000
8253	19492551	kulambulula	lug-000	describe	eng-000
8255	19492552	kulanga	lug-000	advertise	eng-000
8256	19492553	kulanga	lug-000	announce	eng-000
8257	19492554	kulasa	lug-000	shoot	eng-000
8258	19492555	kulawuna	lug-000	patrol	eng-000
8259	19492556	kulebeesa	lug-000	dangle	eng-000
8260	19492557	kulebeeta	lug-000	dangle	eng-000
8261	19492558	kulebera	lug-000	slack	eng-000
8262	19492559	kulebeza	lug-000	slacken	eng-000
8263	10167185	kuleeta	lug-000	bring	eng-000
8264	10167185	kuleeta	lug-000	fetch	eng-000
8267	19492562	kulegejja	lug-000	talk	eng-000
8268	19492563	kulegesa	lug-000	chatter	eng-000
8269	19492564	kulegesa	lug-000	talk	eng-000
8270	19492565	kulegeya	lug-000	loose	eng-000
8273	19492567	kuleka	lug-000	allow	eng-000
8274	19492568	kuleka	lug-000	leave	eng-000
8275	19492569	kulekaana	lug-000	shout	eng-000
8276	19492570	kulekanira	lug-000	shout	eng-000
8277	19492571	kulekulira	lug-000	resign	eng-000
8278	10166358	kulemala	lug-000	be lame	eng-000
8280	19492573	kulembeka	lug-000	trap	eng-000
8283	19492576	kulemesa	lug-000	sabotage	eng-000
8285	10167200	kulenga	lug-000	examine	eng-000
8286	10167200	kulenga	lug-000	measure	eng-000
8287	10167200	kulenga	lug-000	test	eng-000
8288	19492578	kuletera	lug-000	cause	eng-000
8289	19492579	kuliisa amaanyi	lug-000	rape	eng-000
8290	19492580	kulilanya	lug-000	against	eng-000
8291	10166374	kulima	lug-000	cultivate	eng-000
8292	19492581	kulima	lug-000	dig	eng-000
8293	19492582	kulima	lug-000	dug	eng-000
8295	19492583	kulimba	lug-000	deceive	eng-000
8296	19492584	kulimba	lug-000	lie	eng-000
8297	19492585	kulimirira	lug-000	defame	eng-000
8298	19492586	kulinda	lug-000	wait	eng-000
8299	19492587	kulindirira	lug-000	await	eng-000
8300	19492588	kulinnya	lug-000	climb	eng-000
8301	19492589	kulinnya	lug-000	mount	eng-000
8303	19492591	kulippa	lug-000	entangle	eng-000
8304	10166314	kulira	lug-000	polish	eng-000
8305	10166405	kuloga	lug-000	bewitch	eng-000
8306	19492592	kuloka	lug-000	root	eng-000
8307	19492593	kuloka	lug-000	sprout	eng-000
8308	19492594	kulokola	lug-000	save	eng-000
8310	10167124	kulonda	lug-000	choose	eng-000
8312	19492596	kulonda	lug-000	elect	eng-000
8313	19492597	kulonda	lug-000	vote	eng-000
8314	19492598	kulondawo	lug-000	pick	eng-000
8316	19492600	kulondoola	lug-000	monitor	eng-000
8317	19492601	kulondoola	lug-000	shadow	eng-000
8318	10166417	kulongoosa	lug-000	arrange	eng-000
8319	10166417	kulongoosa	lug-000	put in order	eng-000
8320	19492602	kulongosa	lug-000	surgery	eng-000
8321	19492603	kulongosa	lug-000	clear	eng-000
8322	19492604	kuloopa	lug-000	report	eng-000
8323	19492605	kuloota	lug-000	dream	eng-000
8324	10167299	kulowooza	lug-000	imagine	eng-000
8325	10167299	kulowooza	lug-000	think	eng-000
8327	10166313	kulubuuta	lug-000	rub	eng-000
8328	19492607	kululuka	lug-000	lust	eng-000
8329	10166329	kuluma	lug-000	bite	eng-000
8330	10167164	kuluma	lug-000	spy out	eng-000
8335	19492612	kuluutinga	lug-000	loot	eng-000
8336	19492613	kulwa	lug-000	delay	eng-000
8337	19492614	kulwa	lug-000	for	eng-000
8339	19492615	kulwaala	lug-000	sick	eng-000
8340	19492616	kulwaana	lug-000	fight	eng-000
8341	19492617	kulwaawo	lug-000	last	eng-000
8342	19492618	kulwana	lug-000	fought	eng-000
8344	19492619	kulwanagana	lug-000	battle	eng-000
8345	10166364	kulya	lug-000	eat	eng-000
8346	19492620	kulya	lug-000	ate	eng-000
8348	19492622	kulya	lug-000	feed	eng-000
8351	19492623	kulya ekyʼeggulo	lug-000	dinner	eng-000
8352	19492624	kulya mu ndago	lug-000	sing	eng-000
8353	19492625	kulya mu nsi olukwe	lug-000	treason	eng-000
8354	19492626	kulyaamu olukwe	lug-000	betray	eng-000
8355	19492627	kuma bwʼomumatu	lug-000	earring	eng-000
8357	10166604	kumala	lug-000	complete	eng-000
8358	10166604	kumala	lug-000	do	eng-000
8359	10166604	kumala	lug-000	finish	eng-000
8361	19492629	kumala	lug-000	orgasm	eng-000
8362	19492630	kumala	lug-000	spend	eng-000
8363	19492631	kumalayo	lug-000	exhaust	eng-000
8364	19492632	kumaliriza	lug-000	finish	eng-000
8365	10166857	kumansa	lug-000	scatter	eng-000
8366	10166857	kumansa	lug-000	spread	eng-000
8367	19492633	kumansula	lug-000	spray	eng-000
8368	10166896	kumanya	lug-000	know	eng-000
8370	19492635	kumanya	lug-000	knowledge	eng-000
8371	19492636	kumanyika	lug-000	famous	eng-000
8372	19492637	kumasamasa	lug-000	shine	eng-000
8373	19492638	kumatira	lug-000	satisfied	eng-000
8374	19492639	kumatiza	lug-000	convince	eng-000
8375	19492640	kumatiza	lug-000	satisfy	eng-000
8376	10166986	kumbi	lug-000	hoe	eng-000
8377	19492641	kumegenya	lug-000	snack	eng-000
8379	10167056	kumenya	lug-000	break	eng-000
8380	10167056	kumenya	lug-000	snap	eng-000
8381	19492643	kumenya	lug-000	broken	eng-000
8384	10167217	kumera	lug-000	grow	eng-000
8385	19492644	kumera	lug-000	germinate	eng-000
8386	19492645	kumeremeenya	lug-000	shine	eng-000
8387	19492646	kumeruka	lug-000	sprout	eng-000
8388	10167041	kumi	lug-000	hundred	eng-000
8389	19492648	kumi na mukaaga	lug-000	sixteen	eng-000
8390	19492649	kumi na musaanvu	lug-000	seventeen	eng-000
8391	19492650	kumi na nnya	lug-000	fourteen	eng-000
8392	19492651	kumi na ssatu	lug-000	thirteen	eng-000
8394	19492652	kumi na taano	lug-000	fifteen	eng-000
8395	19492647	kumi nʼemu	lug-000	eleven	eng-000
8396	10167218	kumiima	lug-000	squeeze out	eng-000
8397	10166684	kumira	lug-000	swallow	eng-000
8399	10167051	kumpi	lug-000	near	eng-000
8400	19492654	kumpi	lug-000	close	eng-000
8402	19492656	kumpi ne	lug-000	close	eng-000
8403	19492657	kumpi ne	lug-000	near	eng-000
8404	10167220	kumulisa	lug-000	give light to	eng-000
8405	19492658	kumulisa	lug-000	lightning	eng-000
8406	10167219	kumwa	lug-000	shave	eng-000
8407	19492659	kumyansa	lug-000	flicker	eng-000
8408	19492660	kumyansa	lug-000	twinkle	eng-000
8409	19492661	kunaaba	lug-000	bathe	eng-000
8410	19492662	kunaaba	lug-000	shower	eng-000
8413	19492664	kundi	lug-000	navel	eng-000
8414	10167086	kundugga	lug-000	become lean	eng-000
8415	10167086	kundugga	lug-000	grow thin	eng-000
8416	19492665	kunenya	lug-000	blame	eng-000
8417	19492666	kunganiro	lug-000	camp	eng-000
8418	10166953	kungu	lug-000	chief person	eng-000
8419	10166953	kungu	lug-000	head	eng-000
8420	10166271	kungula	lug-000	reap	eng-000
8421	19492667	kungulu	lug-000	surface	eng-000
8424	10167213	kungʼngʼaana	lug-000	be assembled	eng-000
8425	10167213	kungʼngʼaana	lug-000	be gathered	eng-000
8426	19492668	kunnyika	lug-000	soak	eng-000
8427	10167072	kunnyonnyola	lug-000	explain	eng-000
8428	19492669	kunoba	lug-000	separate	eng-000
8429	10166623	kunoga	lug-000	be flavoured	eng-000
8430	19492670	kunokolayo	lug-000	cite	eng-000
8432	10166414	kunoonya	lug-000	hand around	eng-000
8433	10166414	kunoonya	lug-000	look for	eng-000
8435	19492673	kunoonya	lug-000	seek	eng-000
8436	19492674	kununula	lug-000	recover	eng-000
8437	19492675	kununula	lug-000	redeem	eng-000
8438	19492676	kununula	lug-000	save	eng-000
8439	19492677	kunuuma	lug-000	suck	eng-000
8440	10166694	kunya	lug-000	defecate	eng-000
8441	19492678	kunyaga	lug-000	loot	eng-000
8442	19492679	kunyaga	lug-000	rob	eng-000
8443	19492680	kunyakula	lug-000	grab	eng-000
8444	19492681	kunyeenya	lug-000	shake	eng-000
8445	19492682	kunyenya omutwe	lug-000	nod	eng-000
8446	19492683	kunyiga	lug-000	click	eng-000
8447	19492684	kunyiga	lug-000	press	eng-000
8448	19492685	kunyiga	lug-000	squeeze	eng-000
8449	19492686	kunyiiza	lug-000	anger	eng-000
8450	19492687	kunyiiza	lug-000	annoy	eng-000
8451	19492688	kunyiiza	lug-000	irritate	eng-000
8452	19492689	kunyiiza	lug-000	upset	eng-000
8453	19492690	kunyika	lug-000	dip	eng-000
8454	19492691	kunyika	lug-000	sock	eng-000
8455	19492692	kunyika	lug-000	dive	eng-000
8457	19492693	kunyirira	lug-000	shine	eng-000
8458	19492694	kunyizira	lug-000	scream	eng-000
8460	19492695	kunyoga ennyo	lug-000	freeze	eng-000
8461	19492696	kunyogoga	lug-000	cool	eng-000
8462	19492697	kunyogoga	lug-000	frozen	eng-000
8463	19492698	kunyomoola	lug-000	despise	eng-000
8465	19492700	kunyonyogera	lug-000	tickle	eng-000
8466	19492701	kunyonyola	lug-000	define	eng-000
8467	19492702	kunyonyola	lug-000	explain	eng-000
8468	19492703	kunyooma	lug-000	disobey	eng-000
8470	10166696	kunyra	lug-000	drink	eng-000
8471	19492705	kunyumirwa	lug-000	enjoy	eng-000
8472	19492706	kunyumirwa	lug-000	fun	eng-000
8474	19492708	kunyumunguza	lug-000	rinse	eng-000
8475	19492709	kunywa	lug-000	drink	eng-000
8476	19492710	kunywa sigala	lug-000	smoke	eng-000
8477	19492711	kunywegera	lug-000	embrace	eng-000
8478	19492712	kunywegera	lug-000	kiss	eng-000
8479	10166332	kuoza	lug-000	wash	eng-000
8480	10166721	kupacca	lug-000	slap	eng-000
8481	19492713	kupakasa	lug-000	labor	eng-000
8482	19492714	kupamga ebintu awamu	lug-000	pile	eng-000
8483	19492715	kupapa	lug-000	rush	eng-000
8484	19492716	kuperereza	lug-000	campaign	eng-000
8485	19492717	kupima	lug-000	measure	eng-000
8486	19492718	kupima ettaka	lug-000	survey	eng-000
8487	19492719	kuranbura	lug-000	adventure	eng-000
8488	19492720	kurisitu	lug-000	Christ	eng-000
8490	30789936	kurisitu	lug-000	Jesus	eng-000
8491	30789936	kurisitu	lug-000	Jesus Christ	eng-000
8492	30789936	kurisitu	lug-000	Jesus of Nazareth	eng-000
8493	30789936	kurisitu	lug-000	the Nazarene	eng-000
8495	10166609	kusa	lug-000	grind	eng-000
8496	19492721	kusa	lug-000	breath	eng-000
8497	19492722	kusa mu bumpi	lug-000	summarize	eng-000
8498	19492723	kusaabala	lug-000	navigate	eng-000
8499	19492724	kusaaga	lug-000	joke	eng-000
8500	19492725	kusaako emikono	lug-000	confirm	eng-000
8501	10166419	kusaala	lug-000	guide aright	eng-000
8502	19492726	kusaamu ekiitibwa	lug-000	respect	eng-000
8503	19492727	kusaanga	lug-000	meet	eng-000
8504	19492728	kusaasira	lug-000	pity	eng-000
8505	10166411	kusaba	lug-000	ask for	eng-000
8506	19492729	kusaba	lug-000	appeal	eng-000
8507	19492730	kusaba	lug-000	ask	eng-000
8508	19492731	kusaba	lug-000	pray	eng-000
8509	19492732	kusaba	lug-000	prayer	eng-000
8510	19492733	kusabika	lug-000	wrap	eng-000
8513	10166436	kusala	lug-000	slaughter	eng-000
8514	19492734	kusala	lug-000	cross	eng-000
8515	19492735	kusala	lug-000	cut	eng-000
8516	19492736	kusala	lug-000	saw	eng-000
8517	19492737	kusala ensawo	lug-000	pickpocket	eng-000
8518	19492738	kusalawo	lug-000	decide	eng-000
8519	19492739	kusalawo mu bwangu	lug-000	rash	eng-000
8520	10167102	kusalika	lug-000	wrap up	eng-000
8521	19492740	kusalira	lug-000	judge	eng-000
8522	19492741	kusalwa	lug-000	cut	eng-000
8523	19492742	kusamba	lug-000	kick	eng-000
8524	19492743	kusamira	lug-000	pray	eng-000
8525	10167202	kusanga	lug-000	meet	eng-000
8526	19492744	kusangula	lug-000	erase	eng-000
8527	19492745	kusangula	lug-000	rub	eng-000
8530	19492746	kusanikira	lug-000	cover	eng-000
8531	19492747	kusanirira	lug-000	comb	eng-000
8532	19492748	kusanjaga	lug-000	slay	eng-000
8533	19492749	kusanukula	lug-000	uncork	eng-000
8535	19492751	kusanyaawo	lug-000	total	eng-000
8536	10167234	kusanyuka	lug-000	be pleased	eng-000
8537	19492752	kusanyuka	lug-000	celebrate	eng-000
8538	19492753	kusanyuka	lug-000	glad	eng-000
8539	19492754	kusanyuka	lug-000	happy	eng-000
8540	10167129	kusanyusa	lug-000	please	eng-000
8541	10167129	kusanyusa	lug-000	satisfy	eng-000
8543	19492756	kusasaana	lug-000	dawn	eng-000
8544	19492757	kusasaana	lug-000	disperse	eng-000
8546	10166367	kusasula	lug-000	pay	eng-000
8547	19492759	kusattira	lug-000	panic	eng-000
8548	19492760	kusawuka	lug-000	throw	eng-000
8549	10167291	kusaza	lug-000	cut	eng-000
8550	10167291	kusaza	lug-000	lop	eng-000
8551	19492761	kusazaamu	lug-000	cross	eng-000
8552	19492762	kusazaamu	lug-000	nullify	eng-000
8553	19492763	kuseembera	lug-000	communion	eng-000
8554	19492764	kuseerera	lug-000	slide	eng-000
8555	19492765	kuseerera	lug-000	slip	eng-000
8556	10166347	kuseeteera	lug-000	be spread out	eng-000
8557	10167108	kuseeyeeya	lug-000	glide	eng-000
8558	10167108	kuseeyeeya	lug-000	trickle	eng-000
8559	19492766	kuseeyeya	lug-000	float	eng-000
8560	10167245	kuseka	lug-000	laugh	eng-000
8562	19492768	kuseka okwekisiru	lug-000	giggle	eng-000
8563	19492769	kusekerera	lug-000	laugh	eng-000
8564	19492770	kuseketerera	lug-000	undermine	eng-000
8565	19492771	kusemba	lug-000	endorse	eng-000
8566	19492772	kusemberera	lug-000	near	eng-000
8567	19492773	kusemberera	lug-000	toward	eng-000
8568	10166787	kusena	lug-000	draw	eng-000
8569	10166848	kusengejja	lug-000	filter	eng-000
8572	19492775	kusengeka	lug-000	categorize	eng-000
8573	19492776	kusenguka	lug-000	move	eng-000
8574	19492777	kusenya	lug-000	brush	eng-000
8575	19492778	kuserengeta	lug-000	descend	eng-000
8576	10166440	kusesema	lug-000	vomit	eng-000
8577	19492779	kusesema	lug-000	throw up	eng-000
8579	19492781	kuseyeeya	lug-000	sail	eng-000
8580	10166477	kusiba	lug-000	tie up	eng-000
8581	19492782	kusiba	lug-000	lock	eng-000
8582	19492783	kusiba	lug-000	sentence	eng-000
8583	19492784	kusiba	lug-000	tie	eng-000
8584	19492785	kusiba fesi	lug-000	frown	eng-000
8585	19492786	kusibulukuka	lug-000	break	eng-000
8586	10167237	kusiga	lug-000	plant	eng-000
8587	10167237	kusiga	lug-000	sow	eng-000
8589	10166302	kusigala	lug-000	remain	eng-000
8592	10166795	kusigika	lug-000	be leaning	eng-000
8593	19492789	kusigukulula	lug-000	dislodge	eng-000
8594	10167174	kusiibuka	lug-000	take leave of	eng-000
8595	10166858	kusiiga	lug-000	smear on	eng-000
8596	10166858	kusiiga	lug-000	spread	eng-000
8597	19492790	kusiiga	lug-000	infect	eng-000
8598	19492791	kusiiga	lug-000	paint	eng-000
8599	19492792	kusiika	lug-000	fry	eng-000
8600	19492793	kusiima	lug-000	appreciate	eng-000
8601	10166315	kusiimuula	lug-000	wipe	eng-000
8602	10166412	kusiiwa	lug-000	itch	eng-000
8604	10166462	kusika	lug-000	pull	eng-000
8605	19492795	kusika	lug-000	tug	eng-000
8606	19492796	kusika ekikuli mumaso	lug-000	tow	eng-000
8607	19492797	kusikira	lug-000	inherit	eng-000
8608	19492798	kusikiriza	lug-000	attract	eng-000
8610	10166737	kusilika	lug-000	be quiet	eng-000
8611	10166758	kusima	lug-000	dig	eng-000
8612	19492799	kusimattuka	lug-000	escape	eng-000
8613	19492800	kusimba	lug-000	plant	eng-000
8614	19492801	kusimba nyiriri	lug-000	parade	eng-000
8615	19492802	kusimbuka	lug-000	depart	eng-000
8616	19492803	kusimbula	lug-000	take off	eng-000
8617	19492804	kusimuula	lug-000	wipe	eng-000
8618	19492805	kusinda omukwano	lug-000	love	eng-000
8619	19492806	kusindiika	lug-000	push	eng-000
8621	10166809	kusindika	lug-000	push	eng-000
8622	19492807	kusingana	lug-000	competition	eng-000
8623	19492808	kusinza	lug-000	pray	eng-000
8624	19492809	kusinziira ku	lug-000	according to	eng-000
8625	19492810	kusirika	lug-000	shut up	eng-000
8627	19492812	kusiruwaza	lug-000	fool	eng-000
8628	19492813	kusisinkana	lug-000	meeting	eng-000
8629	10166441	kusita	lug-000	plait	eng-000
8630	19492814	kusitama	lug-000	squat	eng-000
8631	19492815	kusituka	lug-000	get up	eng-000
8632	19492816	kusitula	lug-000	lift	eng-000
8633	19492817	kusitula	lug-000	take off	eng-000
8635	10167001	kusiwa	lug-000	mix	eng-000
8636	10167001	kusiwa	lug-000	put together	eng-000
8637	19492819	kusiyagguka	lug-000	travel	eng-000
8638	19492820	kusiyagguka	lug-000	trek	eng-000
8639	19492821	kusobola	lug-000	can	eng-000
8641	10166759	kusoggola	lug-000	dig up	eng-000
8642	10166759	kusoggola	lug-000	dig out	eng-000
8643	19492823	kusojjolimba	lug-000	tiptoe	eng-000
8644	19492824	kusokoola	lug-000	gut	eng-000
8645	10167190	kusolooza	lug-000	assemble	eng-000
8646	10167190	kusolooza	lug-000	collect	eng-000
8647	10167255	kusoma	lug-000	read	eng-000
8650	19492827	kusomesa	lug-000	teach	eng-000
8651	10166549	kusomoka	lug-000	cross	eng-000
8652	19492828	kusomooza	lug-000	provoke	eng-000
8653	19492829	kusonda	lug-000	contribute	eng-000
8654	10166317	kusonga	lug-000	poke	eng-000
8655	19492830	kusonga	lug-000	point	eng-000
8656	10166320	kusongola	lug-000	cut to shape	eng-000
8657	10166320	kusongola	lug-000	sharpen	eng-000
8658	19492831	kusongosa	lug-000	inspire	eng-000
8659	19492832	kusonsa	lug-000	provoke	eng-000
8660	19492833	kusonseka	lug-000	insert	eng-000
8661	19492834	kusonyiwa	lug-000	forgive	eng-000
8662	19492835	kusonyiwa	lug-000	pardon	eng-000
8663	19492836	kusooba	lug-000	slow	eng-000
8665	19492838	kusoona	lug-000	ridicule	eng-000
8666	19492839	kusosola	lug-000	discriminate	eng-000
8667	19492840	kusosonkereza	lug-000	provoke	eng-000
8668	19492841	kussa omukka	lug-000	breathe	eng-000
8669	19492842	kussa wansi	lug-000	lay	eng-000
8670	10167259	kussuuka	lug-000	escape	eng-000
8671	10167259	kussuuka	lug-000	recover	eng-000
8672	10167002	kusu	lug-000	parrot	eng-000
8673	19492843	kusubula	lug-000	business	eng-000
8674	19492844	kusubwa	lug-000	miss	eng-000
8675	19492845	kusukk	lug-000	exceed	eng-000
8676	10166898	kusula	lug-000	dwell	eng-000
8677	19492846	kusula	lug-000	live	eng-000
8678	19492847	kusumagira	lug-000	doze	eng-000
8679	19492848	kusumulukuka	lug-000	deliver	eng-000
8680	19492849	kusuna	lug-000	pinch	eng-000
8681	19492850	kusuna	lug-000	pluck	eng-000
8682	19492851	kusunda	lug-000	pump	eng-000
8683	19492852	kusunda	lug-000	shake	eng-000
8684	19492853	kusunguwaza	lug-000	anger	eng-000
8685	19492854	kusunguwaza	lug-000	annoy	eng-000
8686	19492855	kusunyaako	lug-000	pat	eng-000
8687	10167114	kususa	lug-000	peel	eng-000
8688	10167114	kususa	lug-000	shell	eng-000
8690	19492857	kusussa	lug-000	exceed	eng-000
8691	19492858	kusuubiira	lug-000	expect	eng-000
8692	19492859	kusuubira	lug-000	hope	eng-000
8693	19492860	kusuubiza	lug-000	promise	eng-000
8694	19492861	kusuubula	lug-000	trade	eng-000
8695	19492862	kusuuka	lug-000	recover	eng-000
8697	19492864	kusuuta	lug-000	glorify	eng-000
8698	19492865	kusuza	lug-000	accommodate	eng-000
8699	19492866	kuswaakira	lug-000	lose temper	eng-000
8700	19492867	kuswaaza	lug-000	embarrass	eng-000
8701	19492868	kuswakira	lug-000	temper	eng-000
8702	19492869	kuswankula	lug-000	chew	eng-000
8703	19492870	kuswanyuula	lug-000	flog	eng-000
8704	10166327	kuta	lug-000	skin	eng-000
8707	19492871	kutabula	lug-000	mix	eng-000
8709	19492873	kutabulatabula	lug-000	confuse	eng-000
8711	19492875	kutakula	lug-000	scratch	eng-000
8712	19492876	kutalaaga	lug-000	occupy	eng-000
8713	19492877	kutalagga	lug-000	rust	eng-000
8714	19492878	kutalantuka	lug-000	trip	eng-000
8715	10166779	kutamba	lug-000	make offerings	eng-000
8716	10166490	kutambula	lug-000	walk	eng-000
8717	10166782	kutambula	lug-000	take a walk	eng-000
8718	19492879	kutambula	lug-000	flow	eng-000
8719	19492880	kutambula	lug-000	march	eng-000
8720	19492881	kutambula	lug-000	travel	eng-000
8722	19492883	kutamiiza	lug-000	inebriate	eng-000
8723	10166628	kutamula	lug-000	get intoxicated	eng-000
8724	19492884	kutandiika	lug-000	begin	eng-000
8728	19492886	kutangaza	lug-000	trace	eng-000
8730	19492887	kutangira	lug-000	block	eng-000
8731	19492888	kutayirira	lug-000	circumcise	eng-000
8733	19492890	kutebereza	lug-000	imagine	eng-000
8734	19492891	kutebereza	lug-000	speculate	eng-000
8735	19492892	kuteeba	lug-000	guess	eng-000
8736	19492893	kuteebereza	lug-000	approximate	eng-000
8737	19492894	kuteebereza	lug-000	fathom	eng-000
8738	10167305	kuteeka	lug-000	place	eng-000
8739	10167305	kuteeka	lug-000	put	eng-000
8740	10167305	kuteeka	lug-000	set	eng-000
8741	19492895	kuteekateeka	lug-000	ready	eng-000
8742	10166631	kuteekera	lug-000	heap up	eng-000
8743	10166631	kuteekera	lug-000	ready	eng-000
8744	10166631	kuteekera	lug-000	set on fire	eng-000
8745	19492896	kuteela	lug-000	almost	eng-000
8746	19492897	kuteesa	lug-000	discuss	eng-000
8747	19492898	kuteesa	lug-000	negotiate	eng-000
8748	19492899	kuteesa	lug-000	suggest	eng-000
8749	10166794	kutega	lug-000	set a trap	eng-000
8750	19492900	kutega	lug-000	trap	eng-000
8751	19492901	kuteganya	lug-000	bother	eng-000
8752	19492902	kutegeera	lug-000	fathom	eng-000
8753	19492903	kutegeera	lug-000	perceive	eng-000
8755	19492905	kutegeeza	lug-000	inform	eng-000
8756	19492906	kutegeeza	lug-000	tell	eng-000
8757	19492907	kutegeka	lug-000	prepare	eng-000
8758	19492908	kutegera	lug-000	appreciate	eng-000
8759	10167137	kutemba	lug-000	ascend	eng-000
8760	10167137	kutemba	lug-000	climb	eng-000
8761	19492909	kutemula	lug-000	murder	eng-000
8762	19492910	kutemya	lug-000	blink	eng-000
8763	19492911	kutendeka	lug-000	train	eng-000
8764	19492912	kutendereza	lug-000	glorify	eng-000
8765	19492913	kuterebula	lug-000	discourage	eng-000
8766	19492914	kutereka	lug-000	save	eng-000
8767	19492915	kutetenkanya	lug-000	improvise	eng-000
8768	19492916	kutindigga	lug-000	travel	eng-000
8769	19492917	kutisa	lug-000	frighten	eng-000
8770	19492918	kutisatiisa	lug-000	scare	eng-000
8771	19492919	kutobeka	lug-000	design	eng-000
8773	19492920	kutobya	lug-000	wet	eng-000
8774	19492921	kutokosa	lug-000	boil	eng-000
8775	19492922	kutolako	lug-000	minus	eng-000
8776	19492923	kutoloka	lug-000	escape	eng-000
8777	19492924	kutomera	lug-000	butt	eng-000
8778	19492925	kutomera	lug-000	knock	eng-000
8779	19492926	kutona	lug-000	decorate	eng-000
8780	19492927	kutonda	lug-000	create	eng-000
8781	10167221	kutonnya	lug-000	rain	eng-000
8783	19492929	kutoolako	lug-000	subtract	eng-000
8784	19492930	kutottola	lug-000	narrate	eng-000
8785	10166433	kutta	lug-000	kill	eng-000
8787	19492932	kutta ennyonta	lug-000	quench	eng-000
8788	19492933	kuttika	lug-000	load	eng-000
8789	19492934	kuttulula	lug-000	drain	eng-000
8791	10166826	kutu	lug-000	ear	eng-000
8793	19492937	kutuka	lug-000	reach	eng-000
8794	20033965	kutuka	lug-000	die	eng-000
8796	19492938	kutukirira	lug-000	contact	eng-000
8797	10166625	kutula	lug-000	be sharp	eng-000
8798	19492939	kutula	lug-000	sat	eng-000
8800	19492940	kutulukuka amalusu	lug-000	drool	eng-000
8801	19492941	kutumya	lug-000	send	eng-000
8802	10166531	kutunda	lug-000	sell	eng-000
8803	19492942	kutunda	lug-000	sale	eng-000
8805	19492944	kutunda	lug-000	sold	eng-000
8807	19492945	kutunda jjumula	lug-000	wholesale	eng-000
8808	19492946	kutundula	lug-000	pluck	eng-000
8809	10166300	kutunga	lug-000	sew	eng-000
8812	19492948	kutunulira	lug-000	look	eng-000
8813	19492949	kutuuka ekikeerezi	lug-000	late	eng-000
8814	19492950	kutuuka ku ntikko	lug-000	orgasm	eng-000
8815	19492951	kutuuka ku ntikko	lug-000	peak	eng-000
8816	10166897	kutuula	lug-000	sit	eng-000
8819	19492954	kutuusa	lug-000	deliver	eng-000
8820	19492955	kutuuyana	lug-000	sweat	eng-000
8821	19492956	kutwaala	lug-000	deliver	eng-000
8822	19492957	kutwala	lug-000	take	eng-000
8823	19492958	kutwala	lug-000	took	eng-000
8825	10166266	kutya	lug-000	be afraid	eng-000
8826	19492959	kutya	lug-000	afraid	eng-000
8827	19492960	kutya	lug-000	conscious	eng-000
8828	19492961	kutya	lug-000	fear	eng-000
8829	19492962	kutya	lug-000	respect	eng-000
8830	19492963	kutyoboola	lug-000	desecrate	eng-000
8831	10166382	kuula	lug-000	pull up	eng-000
8832	10166382	kuula	lug-000	root up	eng-000
8833	10166403	kuula	lug-000	fish up	eng-000
8834	10166403	kuula	lug-000	pull out	eng-000
8835	19492964	kuuma	lug-000	keep	eng-000
8836	19492965	kuuma akalagirira	lug-000	compass	eng-000
8838	19492966	kuva	lug-000	from	eng-000
8839	19492967	kuvaamu olubuto	lug-000	miscarriage	eng-000
8840	10166607	kuvinda	lug-000	become bad	eng-000
8841	10166607	kuvinda	lug-000	become rotten	eng-000
8842	10166607	kuvinda	lug-000	rot	eng-000
8843	19492968	kuvoola	lug-000	dishonor	eng-000
8844	10166402	kuvuba	lug-000	fish	eng-000
8845	19492969	kuvubiriza	lug-000	quench	eng-000
8846	19492970	kuvuga	lug-000	drive	eng-000
8848	19492971	kuvuga endiima	lug-000	speed	eng-000
8849	19492972	kuvuga ggaali	lug-000	biking	eng-000
8850	30789209	kuvuga ggaali	lug-000	bicycling	eng-000
8852	30789209	kuvuga ggaali	lug-000	cycling	eng-000
8854	10166471	kuvuma	lug-000	abuse	eng-000
8856	19492973	kuvuma	lug-000	insult	eng-000
8857	19492974	kuvumbula	lug-000	discover	eng-000
8858	19492975	kuvunaana	lug-000	blame	eng-000
8859	19492976	kuvunaana	lug-000	charge	eng-000
8860	19492977	kuvunama	lug-000	bow	eng-000
8861	19492978	kuvunana	lug-000	charge	eng-000
8862	19492979	kuvuvuuma	lug-000	hum	eng-000
8863	19492980	kuvuyisa	lug-000	mess	eng-000
8864	19492981	kuvvunula	lug-000	interpret	eng-000
8865	10166697	kuwa	lug-000	give	eng-000
8867	19492983	kuwa ebirowoozo	lug-000	suggest	eng-000
8868	19492984	kuwa enguzi	lug-000	bribe	eng-000
8869	19492985	kuwaata	lug-000	peel	eng-000
8870	19492986	kuwabula	lug-000	correct	eng-000
8871	19492987	kuwabya	lug-000	mislead	eng-000
8872	19492988	kuwagulira omuti	lug-000	leach	eng-000
8873	19492989	kuwakana	lug-000	argue	eng-000
8874	19492990	kuwakanya	lug-000	contest	eng-000
8875	19492991	kuwakanya	lug-000	dispute	eng-000
8876	19492992	kuwalampa	lug-000	mount	eng-000
8877	19492993	kuwamba	lug-000	capture	eng-000
8878	19492994	kuwamba	lug-000	occupy	eng-000
8879	19492995	kuwanda	lug-000	spit	eng-000
8880	19492996	kuwandiika	lug-000	record	eng-000
8881	19492997	kuwandiika	lug-000	write	eng-000
8883	19492999	kuwangaala	lug-000	last	eng-000
8884	19493000	kuwangula	lug-000	health	eng-000
8885	19493001	kuwangula	lug-000	win	eng-000
8886	19493002	kuwangula	lug-000	won	eng-000
8888	19493003	kuwanika	lug-000	inflate	eng-000
8889	19493004	kuwanika	lug-000	raise	eng-000
8890	19493005	kuwanika	lug-000	rise	eng-000
8892	19493006	kuwankanya	lug-000	challenge	eng-000
8893	19493007	kuwanyisaamu	lug-000	exchange	eng-000
8894	19493008	kuwanyisiganya	lug-000	exchange	eng-000
8895	19493009	kuwasa	lug-000	marry	eng-000
8896	19493010	kuwasa	lug-000	wed	eng-000
8897	19493011	kuwawula	lug-000	sand	eng-000
8898	10166743	kuweela	lug-000	breathe	eng-000
8899	10166743	kuweela	lug-000	rest	eng-000
8900	10166834	kuweeliza	lug-000	send	eng-000
8901	19493012	kuweereza	lug-000	serve	eng-000
8902	10166903	kuwela	lug-000	refuse	eng-000
8903	10166903	kuwela	lug-000	say no	eng-000
8905	10166904	kuwela	lug-000	reject	eng-000
8906	19493013	kuwemula	lug-000	curse	eng-000
8907	19493014	kuwemula	lug-000	vulgar	eng-000
8908	19493015	kuwenyuka	lug-000	dash	eng-000
8909	19493016	kuwerekera	lug-000	accompany	eng-000
8910	19493017	kuwereza	lug-000	send	eng-000
8911	10166718	kuweta	lug-000	bend	eng-000
8912	19493018	kuweta	lug-000	branch	eng-000
8913	19493019	kuweta	lug-000	curl	eng-000
8914	19493020	kuweta	lug-000	turn	eng-000
8915	19493021	kuweta	lug-000	curve	eng-000
8917	19493022	kuweweeta	lug-000	caress	eng-000
8918	19493023	kuweweeta	lug-000	fondle	eng-000
8919	19493024	kuwoggana	lug-000	loud	eng-000
8920	10166624	kuwola	lug-000	become cool	eng-000
8921	10166624	kuwola	lug-000	get well	eng-000
8922	19493025	kuwola	lug-000	lend	eng-000
8923	19493026	kuwolera eggwanga	lug-000	avenge	eng-000
8924	19493027	kuwona	lug-000	heal	eng-000
8925	19493028	kuwondera	lug-000	chase	eng-000
8926	10167131	kuwoola	lug-000	hollow out	eng-000
8927	19493029	kuwoomerera	lug-000	sweet	eng-000
8928	19493030	kuwooyawooya	lug-000	soothe	eng-000
8929	19493031	kuwoza	lug-000	plead	eng-000
8930	19493032	kuwuga	lug-000	swam	eng-000
8931	19493033	kuwuga	lug-000	swim	eng-000
8933	19493034	kuwuggana	lug-000	yell	eng-000
8934	19493035	kuwukuula	lug-000	mine	eng-000
8936	19493036	kuwulira	lug-000	feel	eng-000
8937	19493037	kuwulira	lug-000	hear	eng-000
8939	19493039	kuwumbawumba	lug-000	summarize	eng-000
8940	10167264	kuwummula	lug-000	rest	eng-000
8941	10167264	kuwummula	lug-000	take a holiday	eng-000
8943	19493041	kuwumula	lug-000	nap	eng-000
8944	19493042	kuwunda	lug-000	decorate	eng-000
8945	19493043	kuwunda	lug-000	mold	eng-000
8946	19493044	kuwungeera	lug-000	dusk	eng-000
8947	19493045	kuwuniikiriza	lug-000	amaze	eng-000
8948	19493046	kuwunikiriza	lug-000	shock	eng-000
8949	10166458	kuwunya	lug-000	smell	eng-000
8950	19493047	kuwunzika	lug-000	conclude	eng-000
8951	19493048	kuwunzika	lug-000	upside down	eng-000
8952	19493049	kuwuuba	lug-000	wave	eng-000
8953	10166594	kuwuuna	lug-000	grumble	eng-000
8954	10166594	kuwuuna	lug-000	grunt	eng-000
8955	19493050	kuyamba	lug-000	help	eng-000
8956	19493051	kuyamba	lug-000	rescue	eng-000
8959	10166882	kuyiga	lug-000	learn	eng-000
8961	10166561	kuyigga	lug-000	hunt	eng-000
8962	19493053	kuyigganya	lug-000	persecute	eng-000
8964	10167297	kuyigiliza	lug-000	teach	eng-000
8965	19493054	kuyigiriza	lug-000	school	eng-000
8966	19493055	kuyigiriza	lug-000	teach	eng-000
8967	19493056	kuyiiya	lug-000	compose	eng-000
8968	19493057	kuyiiya	lug-000	invent	eng-000
8969	19493058	kuyima	lug-000	erection	eng-000
8970	10166884	kuyimba	lug-000	sing	eng-000
8974	19493061	kuyinga	lug-000	overdo	eng-000
8975	10166910	kuyingila	lug-000	come in	eng-000
8976	10166910	kuyingila	lug-000	go in	eng-000
8977	19493062	kuyingira	lug-000	enter	eng-000
8978	19493063	kuyingizaamu	lug-000	fix	eng-000
8979	19493064	kuyiringisa	lug-000	roll	eng-000
8980	19493065	kuyisa omukka	lug-000	fart	eng-000
8981	19493066	kuyisaamu amaaso	lug-000	contempt	eng-000
8982	10166449	kuyita	lug-000	pass	eng-000
8983	10166449	kuyita	lug-000	surpass	eng-000
8984	10166539	kuyita	lug-000	call	eng-000
8986	19493068	kuyita	lug-000	invite	eng-000
8987	19493069	kuyita ku lugwaanyu	lug-000	escape	eng-000
8988	19493070	kuyitamu	lug-000	through	eng-000
8990	19493071	kuyitibwa	lug-000	invitation	eng-000
8991	19493072	kuyitiriza	lug-000	overdo	eng-000
8992	19493073	kuyitta	lug-000	pass	eng-000
8993	19493074	kuyiwa	lug-000	disappoint	eng-000
8994	19493075	kuyiwayiwa	lug-000	spill	eng-000
8995	19493076	kuyomba	lug-000	quarrel	eng-000
8996	19493077	kuyongobera	lug-000	bore	eng-000
8997	19493078	kuyongobeza	lug-000	bore	eng-000
8998	19493079	kuyonja	lug-000	embellish	eng-000
9000	19493081	kuyoola	lug-000	pick up	eng-000
9001	19493082	kuyoyoota	lug-000	embellish	eng-000
9002	19493083	kuyoyoota	lug-000	perfect	eng-000
9003	19493084	kuyozayoza	lug-000	congratulate	eng-000
9004	19493085	kuyuguuma	lug-000	upheaval	eng-000
9005	19493086	kuyunga	lug-000	bridge	eng-000
9006	19493087	kuyunga	lug-000	join	eng-000
9007	19493088	kuyurika	lug-000	torn	eng-000
9009	19493089	kuyuwa	lug-000	pour	eng-000
9010	19493090	kuyuza	lug-000	rip	eng-000
9011	19493091	kuyuza	lug-000	tear	eng-000
9013	19493092	kuyuzayuza	lug-000	dismember	eng-000
9014	10166709	kuzaala	lug-000	give birth	eng-000
9015	19493093	kuzaala	lug-000	birth	eng-000
9016	19493094	kuzaala	lug-000	deliver	eng-000
9017	19493095	kuzaalibwa	lug-000	born	eng-000
9018	19493096	kuzaawo	lug-000	replace	eng-000
9019	19493097	kuzannya	lug-000	play	eng-000
9020	19493098	kuzanya akasero	lug-000	basketball	eng-000
9021	19493099	kuze	lug-000	grown-up	eng-000
9022	19493100	kuzibikula	lug-000	uncork	eng-000
9024	19493102	kuzibira	lug-000	shield	eng-000
9025	19493103	kuziga	lug-000	track	eng-000
9026	10166389	kuziika	lug-000	bury	eng-000
9028	19493105	kuziikula	lug-000	exhume	eng-000
9029	10166766	kuzimba	lug-000	swell	eng-000
9030	10167099	kuzimba	lug-000	build	eng-000
9031	19493106	kuzimba	lug-000	building	eng-000
9033	19493108	kuzimbulukuka	lug-000	bulge	eng-000
9034	19493109	kuzimbulukusa	lug-000	exaggerate	eng-000
9035	19493110	kuzimbulukusa	lug-000	magnify	eng-000
9036	10166788	kuzina	lug-000	dance	eng-000
9038	19493112	kuzinga	lug-000	fold	eng-000
9039	19493113	kuzinga	lug-000	roll	eng-000
9040	19493114	kuzingulula	lug-000	unroll	eng-000
9041	19493115	kuzirika	lug-000	faint	eng-000
9042	19493116	kuzitowa	lug-000	weight	eng-000
9043	19493117	kuziyira	lug-000	suffocate	eng-000
9045	10166391	kuziziza	lug-000	extinguish	eng-000
9046	10166391	kuziziza	lug-000	quench	eng-000
9047	19493119	kuzukuka	lug-000	woke	eng-000
9048	19493120	kuzukuka	lug-000	awake	eng-000
9050	19493121	kuzuukira	lug-000	resurrect	eng-000
9051	19493122	kuzuukuka	lug-000	awake	eng-000
9052	19493123	kuzuukuka	lug-000	wake	eng-000
9053	19493124	kuzuula	lug-000	find	eng-000
9054	19493125	kuzza bupya	lug-000	recycle	eng-000
9056	10166664	kwa	lug-000	tick	eng-000
9057	19493128	kwaagala	lug-000	like	eng-000
9058	19493129	kwaala obuliri	lug-000	make	eng-000
9059	19493130	kwaanaganya	lug-000	relate	eng-000
9060	19493131	kwaasa	lug-000	break	eng-000
9061	19493132	kwaasamirira	lug-000	gape	eng-000
9062	19493133	kwaasanguza	lug-000	reveal	eng-000
9063	19493134	kwaatula	lug-000	reveal	eng-000
9064	19493135	kwaawula	lug-000	separate	eng-000
9066	19493137	kwaazika	lug-000	lend	eng-000
9067	19493138	kwabika	lug-000	burst	eng-000
9068	19493139	kwabikai	lug-000	explode	eng-000
9069	19493140	kwabuka	lug-000	adjourn	eng-000
9070	19493141	kwabuka	lug-000	conclude	eng-000
9071	19493142	kwabulira	lug-000	desert	eng-000
9072	19493143	kwabulira	lug-000	forsake	eng-000
9073	19493144	kwabulukuka	lug-000	disperse	eng-000
9074	19493145	kwabuluza	lug-000	split	eng-000
9075	19493146	kwabya	lug-000	burst	eng-000
9076	10167055	kwagala	lug-000	love	eng-000
9077	10167055	kwagala	lug-000	want	eng-000
9078	10167295	kwagala	lug-000	need	eng-000
9080	10167295	kwagala	lug-000	wish	eng-000
9081	19493147	kwagala	lug-000	affection	eng-000
9083	19493149	kwagala okumanya	lug-000	curious	eng-000
9084	19493150	kwagalana	lug-000	love	eng-000
9085	19493151	kwagalibwa enyo	lug-000	favorite	eng-000
9086	19493152	kwagaliza	lug-000	wish	eng-000
9087	19493153	kwagula	lug-000	scratch	eng-000
9088	19493154	kwalula	lug-000	hatch	eng-000
9089	10166451	kwambala	lug-000	wear	eng-000
9090	19493155	kwambala	lug-000	dress	eng-000
9092	19493157	kwambala	lug-000	wore	eng-000
9095	19493158	kwanganga	lug-000	challenge	eng-000
9096	19493159	kwanganga	lug-000	confront	eng-000
9097	19493160	kwanguwa	lug-000	hurry	eng-000
9098	32692364	kwanguwa	lug-000	quick	eng-000
9099	19493161	kwanguyiriza	lug-000	tear	eng-000
9100	10166864	kwanika	lug-000	dry	eng-000
9101	10166864	kwanika	lug-000	set out	eng-000
9102	19493162	kwanika oba okusa mulujude	lug-000	expose	eng-000
9103	19493163	kwaniriza	lug-000	greet	eng-000
9104	19493164	kwaniriza	lug-000	welcome	eng-000
9105	19493165	kwanjula	lug-000	introduce	eng-000
9106	19493166	kwanjula	lug-000	present	eng-000
9107	19493167	kwanukula	lug-000	answer	eng-000
9108	19493168	kwanukula	lug-000	reply	eng-000
9109	10166869	kwasa	lug-000	crack	eng-000
9110	10166869	kwasa	lug-000	split	eng-000
9111	10166856	kwasama	lug-000	open the mouth	eng-000
9112	19493169	kwasimula	lug-000	sneeze	eng-000
9113	10166646	kwata	lug-000	seize	eng-000
9114	19493170	kwavula	lug-000	crawl	eng-000
9115	10167058	kwawa	lug-000	armpit	eng-000
9116	19493171	kwawukana	lug-000	divorce	eng-000
9117	10166700	kwawula	lug-000	separate	eng-000
9118	10166700	kwawula	lug-000	set apart	eng-000
9119	19493172	kwawula	lug-000	apart	eng-000
9120	10167060	kwayuuya	lug-000	yawn	eng-000
9123	10167061	kwazika	lug-000	borrow	eng-000
9124	10167061	kwazika	lug-000	lend	eng-000
9125	19493174	kwebagala	lug-000	mount	eng-000
9126	19493175	kwebaka	lug-000	nap	eng-000
9127	19493176	kwebaka	lug-000	sleep	eng-000
9129	19493177	kwebaza	lug-000	thank	eng-000
9130	19493178	kwebulungulula	lug-000	encircle	eng-000
9131	19493179	kwecwacwana	lug-000	enraged	eng-000
9133	19493181	kweebuuza	lug-000	consult	eng-000
9134	19493182	kweejjeerera	lug-000	vindicated	eng-000
9135	19493183	kweenda	lug-000	cheat	eng-000
9136	19493184	kweera	lug-000	sweep	eng-000
9137	19493185	kweera	lug-000	swept	eng-000
9140	19493186	kweesima	lug-000	fortunate	eng-000
9141	19493187	kwefananyiriza	lug-000	belong	eng-000
9142	19493188	kwefiiriza	lug-000	sacrifice	eng-000
9143	19493189	kwefuga	lug-000	independence	eng-000
9144	19493190	kwegaana	lug-000	denial	eng-000
9145	19493191	kwegaana	lug-000	deny	eng-000
9146	19493192	kwegaaya	lug-000	snack	eng-000
9147	19493193	kwegandanga	lug-000	fornicate	eng-000
9148	19493194	kwegatta mu mukwano	lug-000	sex	eng-000
9149	19493195	kwegayirira	lug-000	plead	eng-000
9150	19493196	kwegayirira	lug-000	pray	eng-000
9151	19493197	kwegema okuzaala	lug-000	birth control	eng-000
9152	19493198	kwegendereza	lug-000	careful	eng-000
9153	19493199	kwegeza	lug-000	practice	eng-000
9154	19493200	kweggatta	lug-000	cooperate	eng-000
9155	19493201	kwegomba	lug-000	desire	eng-000
9156	19493202	kwegomba	lug-000	lust	eng-000
9157	19493203	kwegomba	lug-000	covet	eng-000
9158	19493204	kwegula	lug-000	pander	eng-000
9159	19493205	kwegwera	lug-000	binge	eng-000
9160	19493206	kwejalabya	lug-000	extravagant	eng-000
9161	19493207	kwejeerera	lug-000	acquitted	eng-000
9162	19493208	kwejjawo	lug-000	depart	eng-000
9163	19493209	kwejjusa	lug-000	regret	eng-000
9164	19493210	kwekakasa	lug-000	confident	eng-000
9165	19493211	kwekalakaasa	lug-000	protest	eng-000
9166	19493212	kwekaliriza	lug-000	focus	eng-000
9167	19493213	kwekamirira	lug-000	binge	eng-000
9168	19493214	kwekanasa	lug-000	choosy	eng-000
9169	19493215	kwekanasa	lug-000	picky	eng-000
9171	19493217	kwekebejja	lug-000	scrutinize	eng-000
9172	19493218	kwekengera	lug-000	hesitate	eng-000
9173	19493219	kwekoba	lug-000	conspire	eng-000
9174	19493220	kwekoona	lug-000	bump	eng-000
9175	19493221	kwekuduka ennyo	lug-000	gallop	eng-000
9177	10167249	kwela	lug-000	sweep	eng-000
9178	19493222	kwelabira	lug-000	forget	eng-000
9179	19493223	kwelabirako	lug-000	witness	eng-000
9180	19493224	kwelarikirira	lug-000	worry	eng-000
9181	19493225	kwelimba	lug-000	denial	eng-000
9182	19493226	kwelinda	lug-000	emergency	eng-000
9185	19493229	kwemakula	lug-000	fidget	eng-000
9186	19493230	kwemala egoga	lug-000	binge	eng-000
9187	19493231	kwemalirira	lug-000	independent	eng-000
9188	19493232	kwempanka	lug-000	insolence	eng-000
9189	19493233	kwenda	lug-000	fornicate	eng-000
9190	19493234	kwenenya	lug-000	apologize	eng-000
9191	19493235	kwenenya	lug-000	repent	eng-000
9192	10166723	kwengela	lug-000	ripen	eng-000
9193	19493236	kwengera	lug-000	ripe	eng-000
9194	19493237	kwenkana	lug-000	equal	eng-000
9195	19493238	kwenkanakana	lug-000	balance	eng-000
9196	19493239	kwenkanaya	lug-000	equalize	eng-000
9197	19493240	kwenyamira	lug-000	depressed	eng-000
9199	19493242	kwenyonyolako	lug-000	plead	eng-000
9200	19493243	kwereega	lug-000	erection	eng-000
9201	19493244	kwerimba	lug-000	illusion	eng-000
9202	19493245	kwesasuza	lug-000	revenge	eng-000
9203	19493246	kwesiga	lug-000	trust	eng-000
9204	19493247	kwesigama	lug-000	lean	eng-000
9205	19493248	kwesiim	lug-000	happy	eng-000
9206	19493249	kwesimba mu	lug-000	challenge	eng-000
9207	19493250	kwesimuula	lug-000	wipe	eng-000
9208	19493251	kwesooka	lug-000	book	eng-000
9209	19493252	kwesooka	lug-000	reserve	eng-000
9210	10166729	kwessa	lug-000	arrive	eng-000
9211	19493253	kwetaaya	lug-000	freedom	eng-000
9212	19493254	kwetaba mu kintu	lug-000	indulge	eng-000
9213	19493255	kwetakula	lug-000	scratch	eng-000
9214	19493256	kwetamwa	lug-000	fed up	eng-000
9215	19493257	kwetegekera okufumba	lug-000	recipe	eng-000
9216	19493258	kwetegereza	lug-000	examine	eng-000
9218	19493260	kwetema	lug-000	pledge	eng-000
9219	19493261	kwetikka	lug-000	carry	eng-000
9220	19493262	kwetonda	lug-000	apologize	eng-000
9221	19493263	kwetta	lug-000	suicide	eng-000
9222	19493264	kwetuga	lug-000	suicide	eng-000
9223	19493265	kwevulungula	lug-000	somersault	eng-000
9225	19493266	kwewaayo	lug-000	sacrifice	eng-000
9226	19493267	kwewala	lug-000	avoid	eng-000
9228	19493269	kwewojjoola	lug-000	bashful	eng-000
9229	19493270	kwewola	lug-000	borrow	eng-000
9230	19493271	kwewuba	lug-000	hang	eng-000
9231	19493272	kwewugguusa	lug-000	feign	eng-000
9232	19493273	kwewungula	lug-000	excuse	eng-000
9233	19493274	kwewunzika	lug-000	tilt	eng-000
9234	19493275	kwewuunya	lug-000	wonder	eng-000
9235	19493276	kweyaanza	lug-000	thank	eng-000
9236	19493277	kweyagaliza	lug-000	wish	eng-000
9237	19493278	kweyambisa	lug-000	use	eng-000
9238	19493279	kweyambula	lug-000	undress	eng-000
9239	19493280	kweyazika	lug-000	borrow	eng-000
9240	19493281	kweyibaala	lug-000	delude	eng-000
9241	19493282	kweyimirira	lug-000	bail	eng-000
9242	19493283	kweyongerayo	lug-000	continue	eng-000
9243	19493284	kweyunira	lug-000	pre-empt	eng-000
9244	19493285	kweyunira	lug-000	prefer	eng-000
9245	10166341	kwibaka	lug-000	sleep	eng-000
9246	10166472	kwogela	lug-000	speak	eng-000
9248	19493286	kwogera	lug-000	speak	eng-000
9249	19493287	kwogera	lug-000	talk	eng-000
9250	19493288	kwogera mukaama	lug-000	whisper	eng-000
9251	19493289	kwogereza	lug-000	court	eng-000
9252	19493290	kwoka	lug-000	only	eng-000
9254	10166916	kwokya	lug-000	roast	eng-000
9255	19493291	kwokya	lug-000	burn	eng-000
9256	19493292	kwokya	lug-000	melt	eng-000
9257	10167182	kwola	lug-000	bring up	eng-000
9258	10166362	kwongela	lug-000	increase	eng-000
9259	19493293	kwongeza	lug-000	increase	eng-000
9260	19493294	kwongezaamu	lug-000	exaggerate	eng-000
9263	10166920	kwonoona	lug-000	spoil	eng-000
9264	19493296	kwonoona	lug-000	corrupt	eng-000
9265	19493297	kwonoona erinnya lya	lug-000	defame	eng-000
9266	19493298	kwookya	lug-000	grill	eng-000
9267	10166923	kwota	lug-000	bask	eng-000
9268	10166923	kwota	lug-000	warm oneself	eng-000
9270	19493299	kwutolola	lug-000	spin	eng-000
9272	19493127	kwʼoza	lug-000	wash	eng-000
9273	10167118	kya	lug-000	dawn	eng-000
9274	19493304	kya	lug-000	of	eng-000
9276	19493305	kya bulijjo	lug-000	common	eng-000
9277	19493306	kya bulijjo	lug-000	ordinary	eng-000
9278	19493307	kya busa	lug-000	free	eng-000
9280	19493308	kya bwerere	lug-000	free	eng-000
9282	19493309	kya ddala	lug-000	actual	eng-000
9283	19493310	kya matankane	lug-000	ambiguous	eng-000
9286	19493311	kya munda	lug-000	internal	eng-000
9288	19493312	kyaagi	lug-000	silo	eng-000
9290	19493314	kyaagi	lug-000	warehouse	eng-000
9291	19493315	kyaalo	lug-000	village	eng-000
9292	19493316	kyaama	lug-000	secret	eng-000
9293	19493317	kyaasa	lug-000	century	eng-000
9294	19493318	kyaasi	lug-000	bullet	eng-000
9295	19493319	kyabulijjo	lug-000	normal	eng-000
9296	19493320	kyabulijjo	lug-000	useful	eng-000
9297	19493321	kyabulilunaku	lug-000	often	eng-000
9299	19493322	kyabulyomu	lug-000	public	eng-000
9301	19493323	kyabuseere	lug-000	expensive	eng-000
9303	19493324	kyabuwangwa	lug-000	tradition	eng-000
9306	19493325	kyaffe	lug-000	our	eng-000
9307	19493326	kyakyama	lug-000	crooked	eng-000
9308	19493327	kyalaani	lug-000	sewing machine	eng-000
9309	19493328	kyalakimpadde	lug-000	thug	eng-000
9311	19493329	kyamaguzi	lug-000	good	eng-000
9312	19493331	kyamazzi	lug-000	liquid	eng-000
9314	19493333	kyambalo	lug-000	crown	eng-000
9316	19493334	kyange	lug-000	mine	eng-000
9317	19493335	kyange	lug-000	my	eng-000
9318	19493336	kyangu	lug-000	easy	eng-000
9319	19493337	kyangu	lug-000	quick	eng-000
9320	19493338	kyangu	lug-000	simple	eng-000
9322	19493339	kyangwe	lug-000	sponge	eng-000
9323	19493340	kyanjawulo	lug-000	special	eng-000
9326	19493341	kyasimulo	lug-000	sneeze	eng-000
9327	10167085	kyawa	lug-000	detest	eng-000
9328	10167085	kyawa	lug-000	hate	eng-000
9329	19493342	kyayuuyo	lug-000	yawn	eng-000
9330	19493343	kyebikibwa	lug-000	quilt	eng-000
9332	19493344	kyeenyi	lug-000	forehead	eng-000
9333	19493345	kyeeru	lug-000	white	eng-000
9334	19493347	kyeeya	lug-000	drought	eng-000
9335	19493348	kyefananiriza	lug-000	model	eng-000
9336	19493350	kyekaango	lug-000	shock	eng-000
9337	19493351	kyekulungirivu	lug-000	oval	eng-000
9339	19493353	kyekute	lug-000	solid	eng-000
9340	19493354	kyekute	lug-000	tight	eng-000
9343	19493358	kyenda	lug-000	ninety	eng-000
9345	19493361	kyenvu	lug-000	yellow	eng-000
9350	19493362	kyenyanja	lug-000	dolphin	eng-000
9351	19493364	kyenyanja	lug-000	goldfish	eng-000
9354	19493365	kyenyanja ekinene	lug-000	shark	eng-000
9355	19493366	kyenyanja ekisinga obunene	lug-000	whale	eng-000
9356	19493367	kyenyini	lug-000	itself	eng-000
9358	19493368	kyerere	lug-000	plane	eng-000
9359	19493371	kyetaagisa	lug-000	essential	eng-000
9360	19493372	kyetolovu	lug-000	round	eng-000
9362	19493373	kyewalika	lug-000	avoidable	eng-000
9364	19493375	kyikyamu	lug-000	false	eng-000
9365	19493376	kyo	lug-000	that	eng-000
9366	19493382	kyombo	lug-000	vessel	eng-000
9367	19493383	kyombo lubbira	lug-000	submarine	eng-000
9368	19493385	kyomuliro	lug-000	motor	eng-000
9369	19493387	kyomunsiko	lug-000	wild	eng-000
9370	19493388	kyonna	lug-000	whole	eng-000
9372	19493389	kyookya	lug-000	hot	eng-000
9373	19493390	kyooto	lug-000	fireplace	eng-000
9374	19493391	kyoovu	lug-000	bubble	eng-000
9375	19493392	kyosindisa ekigere	lug-000	pedal	eng-000
9377	19493393	kyosinga okunyumirwa	lug-000	hobby	eng-000
9379	10166465	kyuka	lug-000	change	eng-000
9380	10166465	kyuka	lug-000	turn round	eng-000
9381	43840	kyuma	lug-000	iron	eng-000
9382	19493394	kyuma	lug-000	metal	eng-000
9383	19493395	kyuma	lug-000	tool	eng-000
9387	19493396	kyuma kikola bugumu	lug-000	furnace	eng-000
9388	19493397	kyuma kyassente	lug-000	cash machine	eng-000
9389	10166384	kyusa	lug-000	turn round	eng-000
9390	19493398	kyuuma	lug-000	machine	eng-000
9391	19493399	kyuuma kikuba mu bituli	lug-000	drill	eng-000
9392	19493330	kyʼamazima	lug-000	real	eng-000
9394	19493349	kyʼeggulo	lug-000	dinner	eng-000
9395	19493352	kyʼekumi nʼebibiri	lug-000	twelve	eng-000
9398	19493356	kyʼemisana	lug-000	lunch	eng-000
9399	19493300	kyʼenkomeredde	lug-000	final	eng-000
9400	19493301	kyʼenkya	lug-000	breakfast	eng-000
9401	19493359	kyʼensi emu	lug-000	national	eng-000
9402	19493360	kyʼensi ezenjawulo	lug-000	international	eng-000
9403	19493363	kyʼenyanja	lug-000	fish	eng-000
9404	19493369	kyʼesanyu	lug-000	joyful	eng-000
9405	19493370	kyʼesanyu	lug-000	pleasant	eng-000
9406	19493377	kyʼobugagga	lug-000	property	eng-000
9407	19493378	kyʼobutonde	lug-000	natural	eng-000
9408	19493379	kyʼokozesa	lug-000	resource	eng-000
9409	19493380	kyʼokubiri	lug-000	second	eng-000
9410	19493302	kyʼokuddamu	lug-000	answer	eng-000
9411	19493303	kyʼokunywa	lug-000	drink	eng-000
9412	19493381	kyʼokusatu	lug-000	third	eng-000
9413	19493384	kyʼomugaso	lug-000	useful	eng-000
9414	19493386	kyʼomumaaso	lug-000	future	eng-000
9415	19493400	l	lug-000	drool	eng-000
9416	19491752	kʼebidduka	lug-000	traffic jam	eng-000
9417	19491756	kʼenkya	lug-000	break	eng-000
9418	10167057	laba	lug-000	see	eng-000
9421	19493401	labika bulungi	lug-000	handsome	eng-000
9422	19493402	ladiyeeta	lug-000	radiator	eng-000
9424	19493403	ladiyo ya kompakiti	lug-000	cassette	eng-000
9425	10166620	lamu	lug-000	brother-in-law	eng-000
9427	19493404	langi	lug-000	colour	eng-000
9429	19493405	layini etali nterevu	lug-000	zigzag	eng-000
9430	19493406	layisinsi yʼokuvuga	lug-000	driver’s licence	eng-000
9432	10166534	le	lug-000	cloud	eng-000
9433	20033961	leNera	lug-000	see	eng-000
9434	10166275	lebevu	lug-000	weak	eng-000
9435	19493407	lediyo	lug-000	radio	eng-000
9438	19493408	leero	lug-000	today	eng-000
9441	10167185	leeta	lug-000	bring	eng-000
9442	10167185	leeta	lug-000	fetch	eng-000
9443	10166499	libuga	lug-000	town	eng-000
9444	19493409	lejja lejja	lug-000	partime	eng-000
9446	10166358	lemala	lug-000	be lame	eng-000
9447	10167200	lenga	lug-000	examine	eng-000
9448	10167200	lenga	lug-000	measure	eng-000
9449	10167200	lenga	lug-000	test	eng-000
9450	10167141	lerwa	lug-000	midwife	eng-000
9451	10166353	levu	lug-000	beard	eng-000
9452	10167186	levu	lug-000	chin	eng-000
9453	19493410	li otya?	lug-000	hello	eng-000
9454	19493411	li otya?	lug-000	hi	eng-000
9455	10167024	liggwa	lug-000	thorn	eng-000
9456	20272516	liiso	lug-000	eye	eng-000
9458	10166725	lilo	lug-000	fire	eng-000
9459	10166374	lima	lug-000	cultivate	eng-000
9460	19493412	limansi	lug-000	diamond	eng-000
9461	10166375	limi	lug-000	tongue	eng-000
9462	10166376	limu	lug-000	work	eng-000
9463	10166505	linnya	lug-000	name	eng-000
9465	99811	linnyo	lug-000	cog	eng-000
9466	99811	linnyo	lug-000	prong	eng-000
9467	99811	linnyo	lug-000	tooth	eng-000
9470	28138217	linnyo	lug-000	teeth	eng-000
9472	19493413	lipoota	lug-000	report	eng-000
9473	10166405	loga	lug-000	bewitch	eng-000
9474	19493424	lubalama lwenyanja	lug-000	coast	eng-000
9475	19493425	lubalama lwenyanja	lug-000	shore	eng-000
9476	19493423	lubalama lwʼenyanja	lug-000	beach	eng-000
9477	19493426	lubalaza	lug-000	pavement	eng-000
9479	10167124	londa	lug-000	choose	eng-000
9480	10166701	longo	lug-000	twin	eng-000
9481	10166417	longoosa	lug-000	arrange	eng-000
9482	10166417	longoosa	lug-000	put in order	eng-000
9483	19493414	longosa amazzi	lug-000	plumber	eng-000
9484	19493415	loole	lug-000	lorry	eng-000
9485	19493416	loole	lug-000	truck	eng-000
9488	19493417	looya	lug-000	lawyer	eng-000
9490	10167299	lowooza	lug-000	imagine	eng-000
9491	10167299	lowooza	lug-000	think	eng-000
9492	19493419	lu lwa	lug-000	behalf	eng-000
9493	19493418	lu-	lug-000	German	eng-000
9494	19493420	luba	lug-000	jaw	eng-000
9495	19493421	lubaawo	lug-000	timber	eng-000
9496	19493422	lubaawo	lug-000	wood	eng-000
9497	10166312	lubambo	lug-000	tent pegs	eng-000
9498	19493427	lubawo	lug-000	board	eng-000
9499	19493428	lubbira	lug-000	submarine	eng-000
9502	10167300	lubiliizi	lug-000	rib	eng-000
9503	19493430	lubilio	lug-000	palace	eng-000
9504	19493431	lubirizi	lug-000	rib	eng-000
9505	19493432	lubuga	lug-000	co-heir	eng-000
9506	32690863	lubuga	lug-000	coheir	eng-000
9507	19493433	lubugo	lug-000	bark-cloth	eng-000
9508	19493434	lubuto	lug-000	belly	eng-000
9509	19493435	lubuto	lug-000	pregnancy	eng-000
9514	19493438	lubuuka	lug-000	jump	eng-000
9515	19493439	lufu	lug-000	mist	eng-000
9516	19493440	lugalo	lug-000	finger	eng-000
9517	19493441	luganda	lug-000	brotherhood	eng-000
9518	19493442	luganda	lug-000	kinship	eng-000
9519	19493443	lugave	lug-000	pangolin	eng-000
9520	10166493	lugendo	lug-000	journey	eng-000
9523	19493446	lugendo	lug-000	tale	eng-000
9524	19493447	lugendo	lug-000	trip	eng-000
9525	19493448	lugendo kugayanja	lug-000	voyage	eng-000
9526	19493449	lugendo oluwanvu	lug-000	hike	eng-000
9527	19493450	lugero	lug-000	proverb	eng-000
9529	10166961	luggi	lug-000	door	eng-000
9531	10166345	luggya	lug-000	courtyard	eng-000
9533	10166526	lugoyi	lug-000	cloth	eng-000
9534	19493453	lugudo	lug-000	path	eng-000
9535	19493454	lugudo lwa train	lug-000	railroad	eng-000
9536	10166557	luguudo	lug-000	highway	eng-000
9537	19493455	luguudo	lug-000	road	eng-000
9539	19493457	lujegere	lug-000	chain	eng-000
9541	19493459	lujja	lug-000	yard	eng-000
9542	19493460	lujji	lug-000	door	eng-000
9543	19493461	lukalala	lug-000	list	eng-000
9544	19493462	lukalala	lug-000	menu	eng-000
9545	19493463	lukalu	lug-000	land	eng-000
9547	10167201	lukindu	lug-000	date palm	eng-000
9548	19493465	lukoba	lug-000	belt	eng-000
9549	10166985	lukokola	lug-000	elbow	eng-000
9551	19493467	lukoloboze	lug-000	cracker	eng-000
9552	10167144	lukomela	lug-000	enclosure	eng-000
9553	10167144	lukomela	lug-000	fence	eng-000
9554	19493468	lukomera	lug-000	barrier	eng-000
9555	19493469	lukomera	lug-000	fence	eng-000
9556	19493470	lukonko	lug-000	canyon	eng-000
9557	19493471	lukonko	lug-000	gap	eng-000
9558	19493472	lukonko	lug-000	ravine	eng-000
9559	19493473	lukonko	lug-000	tunnel	eng-000
9560	19493474	lukoola	lug-000	plain	eng-000
9561	10166656	luku	lug-000	firewood	eng-000
9562	19493475	lukulwe	lug-000	key	eng-000
9565	19493476	lukumi	lug-000	thousand	eng-000
9568	19493477	lukungaana	lug-000	meeting	eng-000
9569	19493478	lukusa	lug-000	authorization	eng-000
9570	19493479	lukusa	lug-000	permission	eng-000
9571	19493480	lukusense	lug-000	measles	eng-000
9572	19493481	lukuta	lug-000	layer	eng-000
9573	19493482	lukuubo	lug-000	aisle	eng-000
9574	19493483	lukwe	lug-000	conspiracy	eng-000
9575	19493484	lukwe	lug-000	plot	eng-000
9576	10166375	lulimi	lug-000	tongue	eng-000
9577	19493485	lulimi	lug-000	language	eng-000
9579	19493487	lulimi lwekimera	lug-000	pod	eng-000
9580	19493488	lulimi lwomuti	lug-000	bud	eng-000
9581	19493489	lulira	lug-000	umbilical cord	eng-000
9582	10166438	lulwe	lug-000	bile	eng-000
9583	10166439	lulwe	lug-000	bladder	eng-000
9584	10166329	luma	lug-000	bite	eng-000
9585	10167164	luma	lug-000	spy out	eng-000
9586	10167033	lumonde	lug-000	potato	eng-000
9589	10166797	lumuli	lug-000	reed	eng-000
9590	10166335	lunaku	lug-000	day	eng-000
9593	19493492	lunaku lwʼomweezi	lug-000	date	eng-000
9594	19493493	lungereza	lug-000	English	eng-000
9596	10167043	lungi	lug-000	good	eng-000
9597	10167044	lungi	lug-000	beautiful	eng-000
9598	27834891	lungi	lug-000	I’m fine	eng-000
9599	10166427	lunnya	lug-000	furrow	eng-000
9600	10166427	lunnya	lug-000	groove	eng-000
9601	10166695	lunwe	lug-000	finger	eng-000
9602	19493495	lunyaafa	lug-000	crack	eng-000
9603	10166428	lunyilili	lug-000	line	eng-000
9604	10166428	lunyilili	lug-000	row	eng-000
9605	19493496	lunyiriri	lug-000	line	eng-000
9606	19493497	lunyiriri	lug-000	queue	eng-000
9607	19493498	lunyiriri	lug-000	verse	eng-000
9608	19493499	lupanka	lug-000	rim	eng-000
9609	19493500	lupapula	lug-000	paper	eng-000
9610	19493501	lupapula lwʼamawulire	lug-000	newspaper	eng-000
9611	19493502	lupapura	lug-000	page	eng-000
9612	19493503	lupiira	lug-000	hose	eng-000
9613	19493504	lupiira	lug-000	tube	eng-000
9614	19493505	luppira	lug-000	pipe	eng-000
9615	19493506	lusaago	lug-000	joke	eng-000
9616	19493507	lusamba	lug-000	kick	eng-000
9617	19493508	lusamba ggere	lug-000	kick	eng-000
9618	19493509	lusaniya	lug-000	platter	eng-000
9619	19493510	lusegere	lug-000	vicinity	eng-000
9620	19493511	lusejjera	lug-000	shoe	eng-000
9622	19493512	luseke	lug-000	ovarian tube	eng-000
9623	19493513	luseregende lwabantu	lug-000	row	eng-000
9624	19493514	lusipanishi	lug-000	Spanish	eng-000
9625	19493515	lusiringanyi	lug-000	worm	eng-000
9626	10166890	luso	lug-000	eye	eng-000
9627	19493516	lusoma	lug-000	term	eng-000
9628	10166538	lusozi	lug-000	hill	eng-000
9629	10166998	lusozi	lug-000	mountain	eng-000
9631	19493518	lusozi gambalagala	lug-000	mountain	eng-000
9632	19493519	lusozi oluwanda omuliro	lug-000	volcano	eng-000
9633	10166793	lusu	lug-000	spittle	eng-000
9634	19493520	lusu	lug-000	scent	eng-000
9635	19493521	lusu	lug-000	smell	eng-000
9636	19493522	lususu	lug-000	skin	eng-000
9638	19493524	lusuubo	lug-000	swing	eng-000
9639	19493525	luswayiri	lug-000	Swahili	eng-000
9640	19493526	luswiidi	lug-000	Swedish	eng-000
9641	19493527	lutabaalo	lug-000	battle	eng-000
9642	10166762	lutalo	lug-000	war	eng-000
9644	19493529	lutambi	lug-000	video	eng-000
9645	19493530	lutiindo	lug-000	dam	eng-000
9646	19493531	lutimbe	lug-000	curtain	eng-000
9647	19493532	lutimbe	lug-000	screen	eng-000
9648	19493533	lutindo	lug-000	bridge	eng-000
9649	19493534	lutobazzi	lug-000	swamp	eng-000
9650	30815	lutono	lug-000	little	eng-000
9651	30815	lutono	lug-000	small	eng-000
9652	30815	lutono	lug-000	tiny	eng-000
9653	19493535	luuyi	lug-000	side	eng-000
9654	19493536	luvannyuma	lug-000	after	eng-000
9655	19493537	luvannyuma	lug-000	later	eng-000
9656	10166981	luvule	lug-000	hair	eng-000
9657	19493538	luvuvuumo	lug-000	buzz	eng-000
9658	19493539	luvuvuumo	lug-000	chit-chat	eng-000
9659	19493540	luvuvuumo	lug-000	rumor	eng-000
9660	19493541	luwawu	lug-000	sanding paper	eng-000
9661	19493542	luwenda	lug-000	solution	eng-000
9662	19493543	luwummula	lug-000	vacation	eng-000
9663	19493544	luwummula	lug-000	holiday	eng-000
9664	10166982	luyi	lug-000	flat of hand	eng-000
9665	19493545	luyi	lug-000	slap	eng-000
9666	19493546	luyiira	lug-000	bushfire	eng-000
9667	10166885	luyimba	lug-000	song	eng-000
9669	19493547	luyimba	lug-000	hymn	eng-000
9671	19493549	luyombo	lug-000	quarrel	eng-000
9672	10166425	luzzi	lug-000	well	eng-000
9674	19493551	lwaaki	lug-000	why	eng-000
9676	19493552	lwaala	lug-000	nail	eng-000
9677	19493553	lwaasa	lug-000	millenium	eng-000
9678	19493554	lwaatika	lug-000	crack	eng-000
9679	19493555	lwaazi	lug-000	rock	eng-000
9680	19493556	lwatika	lug-000	cracker	eng-000
9681	19493557	lweeyo	lug-000	broom	eng-000
9682	10166364	lya	lug-000	eat	eng-000
9683	19493558	lyato	lug-000	sailboat	eng-000
9684	19493559	maama	lug-000	mom	eng-000
9685	19493560	maama	lug-000	mother	eng-000
9686	19493561	maama	lug-000	mummy	eng-000
9691	31702046	maama	lug-000	mater	eng-000
9693	31702046	maama	lug-000	mum	eng-000
9694	31702046	maama	lug-000	old lady	eng-000
9695	31702046	maama	lug-000	parent	eng-000
9701	19493562	maama omuto	lug-000	aunt	eng-000
9702	30771953	maama omuto	lug-000	paternal aunt	eng-000
9703	30771954	maama omuto	lug-000	maternal aunt	eng-000
9705	10167088	maanyi	lug-000	power	eng-000
9711	19493565	mabbali wolugudo	lug-000	sidewalk	eng-000
9712	19493566	mabega	lug-000	back	eng-000
9713	19493567	mabega	lug-000	behind	eng-000
9714	19493568	mabega	lug-000	rear	eng-000
9716	19493569	madinda	lug-000	xylophone	eng-000
9717	10166681	mafuta	lug-000	oil	eng-000
9718	19493570	mafuta gʼemmotoka	lug-000	petroleum	eng-000
9719	19493571	magalo	lug-000	wrench	eng-000
9720	30773455	magalo	lug-000	spanner	eng-000
9724	19493572	maganda	lug-000	dance	eng-000
9725	19493573	magezi	lug-000	advice	eng-000
9726	19493574	magezi	lug-000	smarts	eng-000
9727	19493575	magezi	lug-000	wisdom	eng-000
9728	19493576	maginenti	lug-000	magnet	eng-000
9730	19493577	magoba	lug-000	profit	eng-000
9731	19493578	magombe	lug-000	death	eng-000
9732	19493579	magye	lug-000	army	eng-000
9733	19493580	maka	lug-000	family	eng-000
9734	19493581	maka	lug-000	home	eng-000
9735	19493582	makanika	lug-000	mechanic	eng-000
9737	19493583	makansi	lug-000	scissors	eng-000
9744	19493585	makoloni	lug-000	noodle	eng-000
9745	19493586	makoloni	lug-000	spaghetti	eng-000
9747	19493588	makula	lug-000	present	eng-000
9748	19493589	makumi abiri	lug-000	twenty	eng-000
9751	19493590	makumi asatu	lug-000	thirty	eng-000
9752	19493591	makumi ataano	lug-000	fifty	eng-000
9754	10166604	mala	lug-000	complete	eng-000
9755	10166604	mala	lug-000	do	eng-000
9756	10166604	mala	lug-000	finish	eng-000
9757	19493592	malaalo	lug-000	grave	eng-000
9760	19493594	malalaokwemanya	lug-000	pride	eng-000
9761	19493595	malaya	lug-000	whore	eng-000
9762	30775935	malaya	lug-000	harlot	eng-000
9763	30775935	malaya	lug-000	hooker	eng-000
9766	30775935	malaya	lug-000	trollop	eng-000
9769	19493596	malayika	lug-000	angel	eng-000
9773	10166793	malusu	lug-000	spittle	eng-000
9774	19493597	malusu	lug-000	saliva	eng-000
9776	10166595	mambya	lug-000	dawn	eng-000
9777	10166595	mambya	lug-000	daybreak	eng-000
9778	19493598	mambya okusala	lug-000	sunrise	eng-000
9779	19493599	mampaati	lug-000	arrogance	eng-000
9782	10166566	manda	lug-000	charcoal	eng-000
9783	19493600	manduso	lug-000	trigger	eng-000
9784	10166682	mange	lug-000	mother	eng-000
9786	19493601	mangu	lug-000	quick	eng-000
9787	19493602	mankwekweetu	lug-000	dubious	eng-000
9788	19493603	mannyo	lug-000	teeth	eng-000
9789	28138217	mannyo	lug-000	cog	eng-000
9790	28138217	mannyo	lug-000	prong	eng-000
9792	28138217	mannyo	lug-000	tooth	eng-000
9795	10166857	mansa	lug-000	scatter	eng-000
9796	10166857	mansa	lug-000	spread	eng-000
9797	19493604	manvuli	lug-000	umbrella	eng-000
9800	10166896	manya	lug-000	know	eng-000
9801	19493605	manyi	lug-000	energy	eng-000
9803	19493607	manyi genjuba	lug-000	solar	eng-000
9804	19493608	masanda	lug-000	rubber	eng-000
9805	19493609	masangaanzira	lug-000	intersection	eng-000
9807	19493610	masanganzira	lug-000	junction	eng-000
9808	19493611	masanyalaze	lug-000	electricity	eng-000
9809	19493612	masanyalaze, endasi	lug-000	power	eng-000
9810	19493613	masavu	lug-000	fat	eng-000
9811	10167235	masazzanzita	lug-000	bifurcation	eng-000
9812	10167235	masazzanzita	lug-000	cross-roads	eng-000
9813	19493614	maserengeta	lug-000	South	eng-000
9814	19493615	masira	lug-000	pus	eng-000
9815	10166297	mata	lug-000	milk	eng-000
9818	19493617	mataba	lug-000	flood	eng-000
9819	19493618	matala agokukubo	lug-000	traffic light	eng-000
9820	19493619	matalisi	lug-000	messenger	eng-000
9822	19493620	matatu	lug-000	card	eng-000
9824	19493621	matongo	lug-000	desolate	eng-000
9825	19493622	mawulire	lug-000	information	eng-000
9826	19493623	mawulire	lug-000	news	eng-000
9827	19493624	mawuulire	lug-000	magazine	eng-000
9828	19493626	mayuni	lug-000	coco yams	eng-000
9829	19493627	mazaribwa	lug-000	birthday	eng-000
9830	10166891	maziga	lug-000	tears	eng-000
9831	19493628	mazima	lug-000	honest	eng-000
9832	19493629	mazima	lug-000	truth	eng-000
9833	19493630	mazina	lug-000	ballet	eng-000
9834	19493631	mazina	lug-000	dance	eng-000
9835	10166553	mazzi	lug-000	water	eng-000
9836	19493632	mazzi	lug-000	urine	eng-000
9839	19493634	mazzi agasiba ebintu	lug-000	glue	eng-000
9840	19493635	mazzi gʼobusajja	lug-000	sperm	eng-000
9841	10166513	mbaata	lug-000	duck	eng-000
9843	19493637	mbaga	lug-000	feast	eng-000
9844	19493638	mbaga	lug-000	wedding	eng-000
9845	19493639	mbalaasi	lug-000	horse	eng-000
9846	19493640	mbalabe	lug-000	pimple	eng-000
9847	19493641	mbalirira	lug-000	budget	eng-000
9848	19493642	mbaliso	lug-000	calculator	eng-000
9849	19493643	mbata yʼokumazzi	lug-000	swan	eng-000
9850	19493644	mbatta	lug-000	goose	eng-000
9851	10166941	mbazzi	lug-000	axe	eng-000
9853	10166644	mbe	lug-000	knife	eng-000
9854	19493646	mbeera	lug-000	mood	eng-000
9856	19493648	mbeera	lug-000	temperature	eng-000
9857	19493649	mbeera yʼobudde	lug-000	climate	eng-000
9858	19493650	mbega	lug-000	detective	eng-000
9859	19493651	mbega	lug-000	spy	eng-000
9862	19493652	mberera	lug-000	virgin	eng-000
9863	10167233	mbibi	lug-000	boundary	eng-000
9864	19493653	mbira	lug-000	bead	eng-000
9865	19493654	mbiro	lug-000	diarrhea	eng-000
9866	19493655	mbizzi	lug-000	pig	eng-000
9867	19493656	mbizzi	lug-000	pork	eng-000
9868	19493657	mboga	lug-000	cabbage	eng-000
9869	10166990	mbogo	lug-000	buffalo	eng-000
9871	10167003	mbolo	lug-000	penis	eng-000
9872	19493659	mboozi	lug-000	sentence	eng-000
9873	19493660	mbuga	lug-000	court	eng-000
9874	19493661	mbuyaga	lug-000	wind	eng-000
9875	19493662	mbuzi	lug-000	goat	eng-000
9876	19493663	mbuzi ekogga	lug-000	jail	eng-000
9878	19493664	mbwa	lug-000	dog	eng-000
9879	19493665	mbwa	lug-000	pet	eng-000
9883	28119250	mbwa	lug-000	doggy	eng-000
9884	28119250	mbwa	lug-000	hound	eng-000
9885	19493667	mbwa enkazi	lug-000	bitch	eng-000
9886	10167042	mbwe	lug-000	fierce	eng-000
9887	10167042	mbwe	lug-000	sharp	eng-000
9888	19493668	meeri	lug-000	ship	eng-000
9889	19493669	meeri wezitikulirwa	lug-000	harbor	eng-000
9890	19493670	meeya	lug-000	mayor	eng-000
9893	19493671	meeza	lug-000	table	eng-000
9894	10166483	meka	lug-000	how many	eng-000
9895	10167056	menya	lug-000	break	eng-000
9896	10167056	menya	lug-000	snap	eng-000
9897	10167217	mera	lug-000	grow	eng-000
9898	19493672	merika	lug-000	America	eng-000
9899	19493673	merika	lug-000	usa	eng-000
9900	10166457	mese	lug-000	rat	eng-000
9901	19493674	mfufu	lug-000	dust	eng-000
9903	10166523	mgongo	lug-000	back	eng-000
9904	19493675	midumu gya kazambi	lug-000	sewerage	eng-000
9905	10167218	miima	lug-000	squeeze out	eng-000
9906	10166593	mindi	lug-000	tobacco pipe	eng-000
9907	19493676	minzaani	lug-000	scale	eng-000
9910	10166684	mira	lug-000	swallow	eng-000
9911	19493677	mirembe	lug-000	peace	eng-000
9912	19493678	mirembe	lug-000	quiet	eng-000
9913	19493679	mirerembe	lug-000	conflict	eng-000
9914	19493680	misa	lug-000	mass	eng-000
9915	19493681	misana	lug-000	day	eng-000
9916	19493682	misiri	lug-000	Egypt	eng-000
9917	19493683	mita	lug-000	meter	eng-000
9919	19493684	mitala wa mayanja	lug-000	abroad	eng-000
9922	10166698	mizi	lug-000	dung	eng-000
9923	10166698	mizi	lug-000	excrement	eng-000
9925	19493685	mmamba	lug-000	lung fish	eng-000
9926	10166595	mmambya	lug-000	dawn	eng-000
9927	10166595	mmambya	lug-000	daybreak	eng-000
9928	19493686	mmanduso	lug-000	switch	eng-000
9929	10166682	mmange	lug-000	mother	eng-000
9930	19493687	mmeeme	lug-000	soul	eng-000
9931	19493688	mmere	lug-000	food	eng-000
9932	10166457	mmese	lug-000	rat	eng-000
9933	19493689	mmese	lug-000	mouse	eng-000
9935	10166593	mmindi	lug-000	tobacco pipe	eng-000
9936	19493691	mmotoka	lug-000	automobile	eng-000
9937	19493692	mmotoka	lug-000	car	eng-000
9938	19493693	mmotoka kamunye	lug-000	van	eng-000
9939	19493694	mmotoka ya kabangali	lug-000	truck	eng-000
9940	10166980	mmundu	lug-000	gun	eng-000
9943	19493696	mmunyu	lug-000	salt	eng-000
9944	10166283	mmwe	lug-000	you	eng-000
9945	10167033	monde	lug-000	potato	eng-000
9946	19493697	motoka kabangali	lug-000	pick-up	eng-000
9947	19493698	mpagi	lug-000	pillar	eng-000
9948	19493699	mpaka	lug-000	competition	eng-000
9949	19493700	mpale	lug-000	pants	eng-000
9950	19493701	mpale	lug-000	trouser	eng-000
9951	19493702	mpale ya basajja	lug-000	trouser	eng-000
9952	19493703	mpaleeʼnyimpi	lug-000	shorts	eng-000
9953	10166516	mpanga	lug-000	cock	eng-000
9955	19493704	mpeewo	lug-000	oribi antelope	eng-000
9956	19493705	mpeke	lug-000	cereal	eng-000
9957	19493706	mpeke	lug-000	grain	eng-000
9958	19493707	mpeta	lug-000	nut	eng-000
9959	19493708	mpeta	lug-000	ring	eng-000
9960	10167030	mpewo	lug-000	wind	eng-000
9962	10166680	mpi	lug-000	short	eng-000
9963	10167051	mpi	lug-000	near	eng-000
9964	10167127	mpiiyi	lug-000	flatulence	eng-000
9965	19493710	mpisa	lug-000	manners	eng-000
9966	10166989	mpisi	lug-000	hyena	eng-000
9968	19493712	mpiso	lug-000	injection	eng-000
9969	19493713	mpiso	lug-000	needle	eng-000
9970	19493714	mpiso yʼeddagala	lug-000	syringe	eng-000
9971	10166754	mpitambi	lug-000	filth	eng-000
9972	19493715	mpitambi	lug-000	feaces	eng-000
9973	10166296	mpologoma	lug-000	lion	eng-000
9975	19493717	mpologoma ento	lug-000	cub	eng-000
9976	19493718	mpozi nga	lug-000	except	eng-000
9978	19493719	mpuku	lug-000	cave	eng-000
9979	19493720	mpuku	lug-000	cellar	eng-000
9980	19493721	mpulidde kamenya	lug-000	gossip	eng-000
9982	10166744	mpungu	lug-000	bird of prey	eng-000
9983	10166744	mpungu	lug-000	eagle	eng-000
9985	10166687	mu	lug-000	one	eng-000
9986	19493723	mu	lug-000	in	eng-000
9987	19493724	mu	lug-000	inside	eng-000
9991	19493725	mu butuufu	lug-000	actually	eng-000
9993	19493726	mu gulu	lug-000	bliss	eng-000
9996	19493727	mu maaso	lug-000	front	eng-000
9998	19493728	mu maaso ga	lug-000	in front of	eng-000
9999	19493729	mu mbugo	lug-000	private parts	eng-000
10001	19493730	mubaka	lug-000	messenger	eng-000
10002	19493731	mubala	lug-000	motto	eng-000
10003	19493732	mubanga	lug-000	sky	eng-000
10004	19493733	mubazi wʼebitabo	lug-000	accountant	eng-000
10005	65275	mubazzi	lug-000	carpenter	eng-000
10008	10166888	mubbi	lug-000	thief	eng-000
10009	19493735	mubbi	lug-000	robber	eng-000
10011	19493737	mubeezi	lug-000	aide	eng-000
10013	19493739	mubi	lug-000	ugly	eng-000
10014	19493740	mubi wokumeeri	lug-000	pirate	eng-000
10015	19493741	mubikira	lug-000	nun	eng-000
10016	10166945	mubili	lug-000	body	eng-000
10017	19493742	mubiri	lug-000	body	eng-000
10018	19493743	mubirigi	lug-000	Belgian	eng-000
10019	19493744	mubisi	lug-000	backward	eng-000
10020	19493745	mubisi	lug-000	syrup	eng-000
10023	19493746	mubisi gwʼenjuki	lug-000	honey	eng-000
10024	19493747	mubissi	lug-000	juice	eng-000
10025	19493748	mucaina	lug-000	Chinese	eng-000
10026	19493749	muceere	lug-000	rice	eng-000
10027	19493750	mudaaki	lug-000	Dutch	eng-000
10029	19493752	mudaala gwe birime	lug-000	grocery	eng-000
10030	10166975	muddo	lug-000	grass	eng-000
10031	10166975	muddo	lug-000	reeds	eng-000
10033	19493754	muddo gwe bisolenya ogukaze	lug-000	hay	eng-000
10034	10167011	muddu	lug-000	male slave	eng-000
10035	19493755	muddu	lug-000	slave	eng-000
10036	19493756	muddugavu	lug-000	dark	eng-000
10037	19493757	mudongo	lug-000	musician	eng-000
10038	19493758	mudumu	lug-000	chimney	eng-000
10039	19493759	mufalansa	lug-000	french	eng-000
10040	19493760	mufaliso	lug-000	mattress	eng-000
10041	10166667	mufu	lug-000	dead person	eng-000
10042	19493761	mufulejje	lug-000	tap	eng-000
10043	19493762	mufumbi	lug-000	cook	eng-000
10044	10166613	mugaati	lug-000	bread	eng-000
10046	19493764	mugabo	lug-000	equity	eng-000
10047	19493765	mugabo	lug-000	share	eng-000
10048	19493766	mugagga	lug-000	rich	eng-000
10049	10166948	muganda	lug-000	brother	eng-000
10050	10166948	muganda	lug-000	fellow-tribesman	eng-000
10051	10166948	muganda	lug-000	relative	eng-000
10052	19493767	muganda wange	lug-000	brother	eng-000
10055	19493768	muganzi wa	lug-000	girlfriend	eng-000
10057	19493769	muganzi wange	lug-000	boyfriend	eng-000
10058	30771967	muganzi wange	lug-000	BF	eng-000
10061	19493770	mugaso	lug-000	benefit	eng-000
10062	19493771	mugaso	lug-000	function	eng-000
10063	19493772	mugaso	lug-000	importance	eng-000
10064	19493773	mugaso	lug-000	use	eng-000
10065	19493774	mugati	lug-000	bread	eng-000
10066	19493775	mugati	lug-000	loaf	eng-000
10067	19493776	mugatte	lug-000	sum	eng-000
10069	19493777	mugayaavu	lug-000	lazy	eng-000
10070	10166488	mugenyi	lug-000	guest	eng-000
10072	19493778	mugenyi	lug-000	visitor	eng-000
10073	10166423	mugga	lug-000	river	eng-000
10076	19493780	muggo gwabalema	lug-000	crutch	eng-000
10077	19493781	muggulu	lug-000	uncivilized	eng-000
10078	10167271	muggya	lug-000	new	eng-000
10079	19493782	mugirimani	lug-000	German	eng-000
10080	19493783	mugo bwojji	lug-000	edge	eng-000
10081	19493784	mugoberezi	lug-000	follower	eng-000
10082	19493785	mugole	lug-000	bride	eng-000
10083	19493786	mugole omukazi	lug-000	bride	eng-000
10084	19493787	mugole omusajja	lug-000	bridegroom	eng-000
10085	19493788	mugoma	lug-000	drummer	eng-000
10086	20272512	mugoongo	lug-000	back	eng-000
10087	10167191	mugugu	lug-000	burden	eng-000
10088	10167191	mugugu	lug-000	load	eng-000
10090	19493790	mugugu	lug-000	pack	eng-000
10091	19493791	mugugu	lug-000	suitcase	eng-000
10092	19493792	mugugu	lug-000	luggage	eng-000
10093	19493793	mugugu	lug-000	obligation	eng-000
10097	19493797	mugula nsigo	lug-000	March	eng-000
10098	19493799	mugumba	lug-000	barren	eng-000
10099	19493800	mugumikiriza	lug-000	tolerant	eng-000
10100	19493801	mugunjufu	lug-000	civilized	eng-000
10101	19493802	muguwa	lug-000	rope	eng-000
10102	19493803	muguzi	lug-000	buyer	eng-000
10103	19493804	muguzi	lug-000	client	eng-000
10105	19493806	mugwaagwa	lug-000	fool	eng-000
10107	19493808	mugwiira	lug-000	foreigner	eng-000
10108	19493809	mujapaani	lug-000	Japanese	eng-000
10109	19493810	mujiji	lug-000	generation	eng-000
10112	30774930	mujjajja	lug-000	forefather	eng-000
10113	30774930	mujjajja	lug-000	progenitor	eng-000
10115	19493812	mujjanjabi	lug-000	nurse	eng-000
10116	19493813	mujulizi	lug-000	martyr	eng-000
10117	19493814	mujulizi	lug-000	witness	eng-000
10119	10167038	mukaaga	lug-000	six	eng-000
10121	10166654	mukadde	lug-000	old person	eng-000
10122	19493815	mukadde	lug-000	parent	eng-000
10123	19493816	mukago	lug-000	alliance	eng-000
10124	19493817	mukakkamu	lug-000	gentle	eng-000
10126	19493818	mukama	lug-000	lord	eng-000
10128	19493819	mukama wange	lug-000	manager	eng-000
10130	19493820	mukama wo	lug-000	boss	eng-000
10132	30766369	mukama wo	lug-000	line manager	eng-000
10133	30766369	mukama wo	lug-000	manager	eng-000
10134	30766369	mukama wo	lug-000	supervisor	eng-000
10136	19493821	mukambwe	lug-000	rude	eng-000
10138	19493822	mukanada	lug-000	Canadian	eng-000
10139	19493823	mukapa	lug-000	lean	eng-000
10140	19493824	mukatuliki	lug-000	catholic	eng-000
10141	10166571	mukazi	lug-000	wife	eng-000
10142	19493825	mukazi	lug-000	woman	eng-000
10144	19493826	mukazi awereza mu woteri	lug-000	waitress	eng-000
10145	19493827	mukebe	lug-000	gallon	eng-000
10146	19493828	mukebezi wʼebitabo	lug-000	auditor	eng-000
10147	19493829	mukeeka	lug-000	mat	eng-000
10148	19493830	mukenenya	lug-000	aids	eng-000
10150	19493831	mukessi	lug-000	spy	eng-000
10151	19493832	mukibuga	lug-000	urban	eng-000
10152	30783503	mukibuga	lug-000	metropolitan	eng-000
10155	19493833	mukiise	lug-000	delegate	eng-000
10156	19493834	mukiise	lug-000	representative	eng-000
10157	19493835	mukinjaaji	lug-000	butcher	eng-000
10158	10166597	mukira	lug-000	tail	eng-000
10160	19493837	mukisa	lug-000	chance	eng-000
10161	19493838	mukisa	lug-000	fortune	eng-000
10162	19493839	mukisa	lug-000	luck	eng-000
10163	19493840	mukisa	lug-000	opportunity	eng-000
10164	19493841	mukisa omubi	lug-000	bad luck	eng-000
10165	19493842	mukisa omulungi	lug-000	good luck	eng-000
10166	19493843	mukisenge	lug-000	attic	eng-000
10169	10166899	mukka	lug-000	smoke	eng-000
10170	19493844	mukka	lug-000	gas	eng-000
10172	19493846	mukkiriza	lug-000	believer	eng-000
10173	19493847	muko	lug-000	brother-in-law	eng-000
10174	19493848	mukoddomi	lug-000	brother-in-law	eng-000
10175	19493849	mukolo	lug-000	ceremony	eng-000
10176	19493850	mukolo	lug-000	function	eng-000
10177	19493851	mukongo	lug-000	Congolese	eng-000
10178	10166811	mukono	lug-000	arm	eng-000
10179	10166811	mukono	lug-000	hand	eng-000
10182	19493854	mukozi	lug-000	plumber	eng-000
10183	19493855	mukozi wa gavumenti	lug-000	civil servant	eng-000
10184	19493856	mukubi wa pulaani	lug-000	architect	eng-000
10185	19493857	mukugu	lug-000	expert	eng-000
10186	19493858	mukugu	lug-000	professional	eng-000
10187	19493859	mukulembeze	lug-000	leader	eng-000
10188	19493860	mukulembeze	lug-000	president	eng-000
10189	19493861	mukulembeze	lug-000	ruler	eng-000
10191	19493863	mukulu	lug-000	adult	eng-000
10192	19493864	mukulu	lug-000	elder	eng-000
10193	19493865	mukulu wʼekibuga	lug-000	mayor	eng-000
10194	32919	mukulukusa	lug-000	October	eng-000
10197	19493867	mukulukusa bitungotungo	lug-000	October	eng-000
10198	19493868	mukululo	lug-000	trail	eng-000
10199	19493869	mukumi	lug-000	guard	eng-000
10200	10166953	mukungu	lug-000	chief person	eng-000
10201	10166953	mukungu	lug-000	head	eng-000
10202	19493870	mukutu	lug-000	channel	eng-000
10204	19493872	mukutula sanjja	lug-000	February	eng-000
10205	19493874	mukuumi	lug-000	security guard	eng-000
10206	19493875	mukuzi wamannyo	lug-000	dentist	eng-000
10207	19493876	mukwaano	lug-000	dear	eng-000
10208	19493877	mukwaano	lug-000	love	eng-000
10209	19493878	mukwaano	lug-000	romance	eng-000
10212	19493879	mukwano	lug-000	affection	eng-000
10213	19493880	mukwano	lug-000	friendship	eng-000
10214	20272525	mukwano	lug-000	love	eng-000
10215	19493881	mukyaala	lug-000	lady	eng-000
10216	19493882	mukyaala	lug-000	wife	eng-000
10217	19493883	mukyaala	lug-000	miss	eng-000
10218	19493884	mukyungwa	lug-000	orange	eng-000
10219	19493885	mukyuuzi	lug-000	gravy	eng-000
10220	19493886	mukyuuzi	lug-000	sauce	eng-000
10221	19493887	mulaalo	lug-000	herdsman	eng-000
10222	19493888	mulabe	lug-000	enemy	eng-000
10223	19493889	mulabirizi	lug-000	bishop	eng-000
10224	19493890	mulaguzi	lug-000	psychic	eng-000
10225	19493891	mulaguzi	lug-000	seer	eng-000
10226	19493892	mulalu	lug-000	mad	eng-000
10227	19493893	mulamazi	lug-000	pilgrim	eng-000
10228	19493894	mulambo	lug-000	corpse	eng-000
10229	10166620	mulamu	lug-000	brother-in-law	eng-000
10231	19493895	mulamuzi	lug-000	judge	eng-000
10232	19493896	mulandira	lug-000	root	eng-000
10233	19493897	mulanga	lug-000	cry	eng-000
10234	19493898	mulangira	lug-000	prince	eng-000
10235	19493899	muleebeesi	lug-000	groupie	eng-000
10236	19493900	mulekwa	lug-000	orphan	eng-000
10238	19493901	mulema	lug-000	lame	eng-000
10239	19493902	mulembe	lug-000	era	eng-000
10240	19493903	mulenga	lug-000	meter	eng-000
10241	19493904	mulenga nnaku	lug-000	calendar	eng-000
10242	19493905	mulenganjuba	lug-000	clock	eng-000
10243	19493906	mulenganjuba	lug-000	watch	eng-000
10244	10166996	mulenge	lug-000	young man	eng-000
10245	19493907	mulenzi	lug-000	boy	eng-000
10246	19493908	mulere	lug-000	flute	eng-000
10247	19493909	mulere	lug-000	horn	eng-000
10248	10167141	mulerwa	lug-000	midwife	eng-000
10249	10166797	muli	lug-000	reed	eng-000
10250	10167210	muli	lug-000	flower	eng-000
10251	19493910	muli wʼebisiyaga	lug-000	gay	eng-000
10252	10166725	mulilo	lug-000	fire	eng-000
10253	19493911	mulilwaana	lug-000	neighbor	eng-000
10254	19493912	mulilwaano	lug-000	neighborhood	eng-000
10255	19493913	mulimba	lug-000	liar	eng-000
10256	19493914	mulimo	lug-000	exercise	eng-000
10257	10166376	mulimu	lug-000	work	eng-000
10258	19493915	mulimu	lug-000	activity	eng-000
10259	19493916	mulimu	lug-000	job	eng-000
10260	19493917	mulimu	lug-000	occupation	eng-000
10261	19493918	mulimu	lug-000	project	eng-000
10263	19493919	muliro	lug-000	fire	eng-000
10265	10167220	mulisa	lug-000	give light to	eng-000
10266	19493920	mulogo	lug-000	witch	eng-000
10267	10166701	mulongo	lug-000	twin	eng-000
10269	19493922	mulongoti	lug-000	tower	eng-000
10271	19493923	muluka	lug-000	parish	eng-000
10272	19493924	mululu	lug-000	greed	eng-000
10273	19493925	mululu	lug-000	lust	eng-000
10274	19493926	mulunyanja	lug-000	sailor	eng-000
10275	19493927	mulunzi	lug-000	herdsman	eng-000
10276	19493928	mulwadde	lug-000	patient	eng-000
10277	19493929	mulwanyi wokumbalasi	lug-000	knight	eng-000
10278	19493930	mulyango	lug-000	entrance	eng-000
10279	19493931	mulyango	lug-000	exit	eng-000
10280	19493932	mumaaso	lug-000	face	eng-000
10282	19493933	mumakati	lug-000	center	eng-000
10284	19493934	mumambuka	lug-000	North	eng-000
10286	19493935	mumanyi	lug-000	contact	eng-000
10287	19493936	mumaso	lug-000	forward	eng-000
10289	19493937	mumbejja	lug-000	princess	eng-000
10290	19493938	mumerika	lug-000	American	eng-000
10291	19493939	mumiro	lug-000	throat	eng-000
10292	19493940	mumisiri	lug-000	Egyptian	eng-000
10293	19493941	mumuli	lug-000	flame	eng-000
10294	19493942	mumuli	lug-000	flashlight	eng-000
10295	19493943	mumuli	lug-000	torch	eng-000
10296	10166410	mumwa	lug-000	lip	eng-000
10298	19493945	mumwa gwekinyonyi	lug-000	beak	eng-000
10300	10166690	munaana	lug-000	eight	eng-000
10302	19493946	munabulaaya	lug-000	European	eng-000
10303	19493947	munakibuga	lug-000	urban	eng-000
10304	30783503	munakibuga	lug-000	metropolitan	eng-000
10307	19493948	munakuwavu	lug-000	sad	eng-000
10308	19493949	munakyaalo	lug-000	peasant	eng-000
10310	19493950	munamagye	lug-000	soldier	eng-000
10312	10166587	munda	lug-000	inside	eng-000
10314	20272540	munda	lug-000	in	eng-000
10316	19493952	munda ngatemuli	lug-000	hollow	eng-000
10318	10166980	mundu	lug-000	gun	eng-000
10319	19493953	mungereza	lug-000	British	eng-000
10320	19493954	munna byʼabufuzi	lug-000	politician	eng-000
10322	19493955	munnakatemba omukazi	lug-000	actress	eng-000
10325	19493956	munnakatemba omusajja	lug-000	actor	eng-000
10328	19493957	munnakenya	lug-000	Kenyan	eng-000
10330	19493958	munnakyemalira	lug-000	dictator	eng-000
10332	19493959	munnakyewa	lug-000	volunteer	eng-000
10334	19493960	munnamateeka	lug-000	lawyer	eng-000
10336	19493961	munnamawanga	lug-000	foreigner	eng-000
10338	19493962	munnamawulire	lug-000	journalist	eng-000
10340	19493963	munnansi	lug-000	citizen	eng-000
10343	19493964	munnasaayansi	lug-000	scientist	eng-000
10345	19493965	munnya	lug-000	wizard	eng-000
10346	10167005	munnyo	lug-000	salt	eng-000
10348	19493967	munoonyi wʼobubudamo	lug-000	refugee	eng-000
10349	19493970	munwe gwa sigala	lug-000	cigarette	eng-000
10350	19493971	munya	lug-000	lizard	eng-000
10351	19493972	munyago	lug-000	loot	eng-000
10352	19493973	munyazi	lug-000	robber	eng-000
10354	19493974	munyeenye	lug-000	planet	eng-000
10356	19493976	mupakasi	lug-000	laborer	eng-000
10357	19493977	mupangisa	lug-000	tenant	eng-000
10358	19493978	mupiira	lug-000	ball	eng-000
10359	19493979	mupiira	lug-000	football	eng-000
10360	19493980	mupiira	lug-000	soccer	eng-000
10361	19493981	mupiira	lug-000	tyre	eng-000
10362	19493982	mupiira gwʼebigere	lug-000	soccer	eng-000
10363	19493983	mupolotesitante	lug-000	Anglican	eng-000
10365	19493985	mupunta	lug-000	surveyor	eng-000
10366	19493986	musaala	lug-000	salary	eng-000
10367	10166946	musaale	lug-000	bending	eng-000
10368	10166946	musaale	lug-000	bow	eng-000
10369	10166943	musaayi	lug-000	blood	eng-000
10371	19493988	musabazze	lug-000	passenger	eng-000
10372	10166442	musajja	lug-000	male	eng-000
10373	19493989	musajja	lug-000	man	eng-000
10375	10166533	musana	lug-000	light	eng-000
10376	10166533	musana	lug-000	sky	eng-000
10377	19493990	musana	lug-000	sun	eng-000
10378	19493991	musana pereketya	lug-000	drought	eng-000
10379	19493992	musango	lug-000	case	eng-000
10381	10167039	musanvu	lug-000	seven	eng-000
10382	19493993	musanvu	lug-000	barrier	eng-000
10383	19493994	musanvu	lug-000	hurdle	eng-000
10386	19493996	musava	lug-000	fat	eng-000
10387	19493997	musawo	lug-000	doctor	eng-000
10388	19493998	musawo wʼebisolo	lug-000	veterinarian	eng-000
10389	19493999	musazi wʼensawo	lug-000	pickpocket	eng-000
10390	19494000	museegu	lug-000	obscene	eng-000
10392	19494002	musenennene	lug-000	November	eng-000
10393	19494003	musenge	lug-000	wolf	eng-000
10394	10167256	musenyu	lug-000	sand	eng-000
10396	19494006	musibe	lug-000	inmate	eng-000
10397	19494007	musibe	lug-000	prisoner	eng-000
10398	19494008	musigire	lug-000	deputy	eng-000
10399	19494009	musika	lug-000	heir	eng-000
10400	10166616	musindi	lug-000	tramp of feet	eng-000
10401	19494011	musingi	lug-000	basement	eng-000
10402	19494012	musingo	lug-000	bail	eng-000
10403	19494013	musingo	lug-000	bond	eng-000
10404	19494014	musino	lug-000	clitoris	eng-000
10405	19494015	musipi	lug-000	belt	eng-000
10407	19494017	musiraamu	lug-000	moslem	eng-000
10408	10166546	musiri	lug-000	garden	eng-000
10409	19494018	musiri	lug-000	farm	eng-000
10411	19494020	musirikale	lug-000	police	eng-000
10412	19494021	musirikale	lug-000	soldier	eng-000
10413	19494022	musiru	lug-000	fool	eng-000
10415	19494024	musiru	lug-000	silly	eng-000
10417	19494025	musirusiru	lug-000	clown	eng-000
10418	19494026	musisi	lug-000	earthquake	eng-000
10419	19494027	musisi	lug-000	quake	eng-000
10423	19494028	musiyazi	lug-000	gay	eng-000
10424	19494029	musodookisi	lug-000	orthodox	eng-000
10425	19494030	musoke	lug-000	rainbow	eng-000
10428	19494031	musolo	lug-000	tax	eng-000
10429	19494032	musomali	lug-000	Somali	eng-000
10431	19494034	musomo	lug-000	course	eng-000
10432	19494035	musono	lug-000	fashion	eng-000
10434	10166351	musota	lug-000	serpent	eng-000
10435	10166351	musota	lug-000	snake	eng-000
10437	19494038	musowole	lug-000	premature	eng-000
10438	19494039	musubaawa	lug-000	candle	eng-000
10440	19494041	musujja	lug-000	malaria	eng-000
10441	19494042	musujja	lug-000	fever	eng-000
10442	19494045	musumaali	lug-000	bolt	eng-000
10443	19494046	musumaali	lug-000	nail	eng-000
10444	19494047	musumaami	lug-000	waiter	eng-000
10445	19494048	musumba	lug-000	herdsman	eng-000
10447	19494050	musumba	lug-000	shepherd	eng-000
10448	19494051	musumeeno	lug-000	saw	eng-000
10449	19494052	musuubuzi	lug-000	trader	eng-000
10450	10166619	musuwa	lug-000	vein	eng-000
10451	19494053	musuwa	lug-000	muscle	eng-000
10452	30793002	musuwa	lug-000	vessel	eng-000
10453	19494054	muswaaki	lug-000	toothbrush	eng-000
10454	19494055	mutabani	lug-000	son	eng-000
10457	10167274	mutambo	lug-000	machine	eng-000
10458	10167274	mutambo	lug-000	spring	eng-000
10459	19494056	mutamiivu	lug-000	alcoholic	eng-000
10460	19494057	mutango	lug-000	fine	eng-000
10461	19494058	mutanzaniya	lug-000	Tanzanian	eng-000
10462	19494059	mutawaana	lug-000	problem	eng-000
10463	10166406	muteego	lug-000	witchcraft	eng-000
10464	19494060	mutego	lug-000	trap	eng-000
10465	19494061	mutembeeyi	lug-000	hawker	eng-000
10467	19494064	mutendesi	lug-000	coach	eng-000
10468	10166267	muti	lug-000	coward	eng-000
10469	10166801	muti	lug-000	tree	eng-000
10470	19494065	muti	lug-000	pole	eng-000
10475	10166804	mutima	lug-000	heart	eng-000
10477	19494068	mutitiizi	lug-000	coward	eng-000
10478	19494069	mutongole	lug-000	official	eng-000
10479	19494070	mutonzi	lug-000	creator	eng-000
10480	19494071	mutto	lug-000	pillow	eng-000
10481	19494072	mutujju	lug-000	assassin	eng-000
10482	19494073	mutuluki	lug-000	turk	eng-000
10483	10166777	mutulumbi	lug-000	corpse	eng-000
10484	19494074	mutume	lug-000	prophet	eng-000
10485	19494076	mutunda	lug-000	September	eng-000
10486	19494077	mutunzi	lug-000	salesman	eng-000
10487	19494078	mutunzi	lug-000	seller	eng-000
10488	19494079	mutunzi	lug-000	tailor	eng-000
10489	19494080	mutuukirivu	lug-000	holy	eng-000
10490	19494081	mutuuze	lug-000	citizen	eng-000
10491	10166592	mutwe	lug-000	head	eng-000
10494	10166970	muvubuka	lug-000	youth	eng-000
10495	19494083	muvuyo	lug-000	chaos	eng-000
10496	19494084	muvuyo	lug-000	mess	eng-000
10497	19494085	muvuzzi we nyonyi	lug-000	pilot	eng-000
10498	19494086	muwaabi	lug-000	prosecutor	eng-000
10499	19494087	muwaatwa	lug-000	way	eng-000
10500	19494088	muwagizi	lug-000	fan	eng-000
10501	19494089	muwakanya	lug-000	August	eng-000
10502	10166969	muwala	lug-000	girl	eng-000
10503	10166969	muwala	lug-000	virgin	eng-000
10504	19494090	muwala	lug-000	daughter	eng-000
10506	19494092	muwalabu	lug-000	Arab	eng-000
10507	19494093	muwamadi	lug-000	Mohammed	eng-000
10509	19494094	muwambe	lug-000	captive	eng-000
10510	19494095	muwambi	lug-000	captor	eng-000
10511	19494096	muwandiisi	lug-000	secretary	eng-000
10512	19494097	muwanguzi	lug-000	winner	eng-000
10513	19494098	muwanvu	lug-000	tall	eng-000
10514	19494099	muweereza	lug-000	servant	eng-000
10515	10166426	muwendo	lug-000	number	eng-000
10516	19494100	muwendo	lug-000	amount	eng-000
10518	19494102	muwendo	lug-000	price	eng-000
10519	19494103	muwendo	lug-000	total	eng-000
10520	19494104	muwendo	lug-000	value	eng-000
10521	19494105	muwereeza	lug-000	waiter	eng-000
10522	19494106	muwogo	lug-000	cassava	eng-000
10525	30780450	muwogo	lug-000	manioc	eng-000
10527	19494107	muwolereza	lug-000	advocate	eng-000
10528	19494108	muwuulu	lug-000	bachelor	eng-000
10529	19494109	muwuwo	lug-000	inflation	eng-000
10531	19494110	muyaaye	lug-000	bum	eng-000
10532	10166307	muyaayu	lug-000	tomcat	eng-000
10533	19494111	muyaga ogwamanyi	lug-000	tornado	eng-000
10534	19494112	muyambi	lug-000	aide	eng-000
10535	19494113	muyembe	lug-000	mango	eng-000
10536	19494114	muyiggo	lug-000	hunt	eng-000
10537	19494115	muyiggo	lug-000	manhunt	eng-000
10538	19494116	muyiizi	lug-000	pupil	eng-000
10539	19494117	muyima	lug-000	guardian	eng-000
10540	19494118	muyimbi	lug-000	musician	eng-000
10541	19494119	muyimbi	lug-000	singer	eng-000
10542	19494121	muyisiraamu	lug-000	moslem	eng-000
10543	19494122	muyivu	lug-000	educated	eng-000
10545	10166572	muyizzi	lug-000	hunter	eng-000
10547	19494125	muyonaani	lug-000	greek	eng-000
10548	19494126	muyudaaya	lug-000	Jew	eng-000
10549	19494128	muzaalisa	lug-000	midwife	eng-000
10550	10167010	muzaana	lug-000	female slave	eng-000
10551	19494129	muzabbibu	lug-000	grapes	eng-000
10552	10166720	muzadde	lug-000	parent	eng-000
10554	19494131	muzannyo	lug-000	baseball	eng-000
10556	19494132	muzanyo	lug-000	game	eng-000
10557	19494133	muze	lug-000	habit	eng-000
10558	19494134	muzibe	lug-000	blind	eng-000
10561	19494136	muzigiti	lug-000	mosque	eng-000
10562	19494138	muzigo omuganda	lug-000	ghee	eng-000
10563	19494139	muzigu	lug-000	terrorist	eng-000
10564	19494140	muziira	lug-000	frost	eng-000
10565	10166393	muzimu	lug-000	spirit	eng-000
10566	19494141	muzimu	lug-000	ghost	eng-000
10567	19494142	muzimu omubi	lug-000	satan	eng-000
10568	19494143	muzimya mwoto	lug-000	firefighter	eng-000
10569	19494144	muzinga	lug-000	cannon	eng-000
10570	19494145	muzira	lug-000	ice	eng-000
10571	19494146	muzira	lug-000	snow	eng-000
10572	19494147	muziziko	lug-000	barrier	eng-000
10573	19494148	muzizo	lug-000	taboo	eng-000
10574	19494149	muzukulu	lug-000	grandchild	eng-000
10575	19494150	muzukulu	lug-000	grandson	eng-000
10576	10166385	muzungu	lug-000	white man	eng-000
10577	19494151	muzzira	lug-000	brave	eng-000
10578	19494152	muzzira	lug-000	hail	eng-000
10579	19494153	muzzira	lug-000	hero	eng-000
10580	19494154	muzzukulu	lug-000	descendant	eng-000
10581	10166292	mwa	lug-000	mouth	eng-000
10582	10166410	mwa	lug-000	lip	eng-000
10583	10167219	mwa	lug-000	shave	eng-000
10584	19494155	mwaaka	lug-000	year	eng-000
10585	19494156	mwaala	lug-000	channel	eng-000
10586	19494157	mwaami	lug-000	chief	eng-000
10587	19494158	mwaami	lug-000	gentleman	eng-000
10588	19494159	mwaami	lug-000	husband	eng-000
10589	19494160	mwaanyi	lug-000	coffee	eng-000
10590	19494161	mwaavu	lug-000	poor	eng-000
10591	19494162	mwagalwa	lug-000	beloved	eng-000
10592	19494163	mwagalwa	lug-000	dear	eng-000
10593	10166859	mwaka	lug-000	year	eng-000
10595	19494164	mwaliiro	lug-000	floor	eng-000
10596	19494165	mwalo	lug-000	port	eng-000
10597	10166677	mwami	lug-000	chief	eng-000
10598	10166677	mwami	lug-000	headman	eng-000
10599	10166863	mwana	lug-000	child	eng-000
10601	19494167	mwana	lug-000	baby	eng-000
10603	19494169	mwana	lug-000	kid	eng-000
10604	19494170	mwana owʼobuwala	lug-000	daughter	eng-000
10605	19494173	mwangirikaano	lug-000	Anglican	eng-000
10606	19494174	mwango	lug-000	frame	eng-000
10607	19494175	mwangu	lug-000	easy	eng-000
10608	19494176	mwangu	lug-000	fast	eng-000
10609	19494177	mwanjuzi	lug-000	presenter	eng-000
10610	10167008	mwannyina	lug-000	brother	eng-000
10612	10167183	mwano	lug-000	razor	eng-000
10613	19494178	mwanyina	lug-000	brother	eng-000
10618	19494180	mwattu	lug-000	dear	eng-000
10619	19494181	mwattu	lug-000	please	eng-000
10622	10166283	mwe	lug-000	you	eng-000
10624	19494182	mweezi	lug-000	moon	eng-000
10626	10167040	mwenda	lug-000	nine	eng-000
10628	10167062	mwenge	lug-000	beer	eng-000
10629	19494183	mwenge	lug-000	alcohol	eng-000
10631	19494185	mwenge	lug-000	wine	eng-000
10632	19494186	mwenkano	lug-000	equality	eng-000
10633	19494187	mwenzi	lug-000	promiscuous	eng-000
10634	19494188	mwepansi	lug-000	arrogant	eng-000
10636	19494190	mwesimbu	lug-000	frank	eng-000
10637	19494191	mweso	lug-000	checkers	eng-000
10638	19494192	mwetowaze	lug-000	humble	eng-000
10639	10166997	mwezi	lug-000	moon	eng-000
10640	19494193	mwoleso gwabayimbi	lug-000	concert	eng-000
10641	19494194	mwoleso gwobukodyo	lug-000	circus	eng-000
10642	19494195	mwooleso	lug-000	show	eng-000
10643	19494196	mwooyo	lug-000	soul	eng-000
10644	10167017	mwoyo	lug-000	soul	eng-000
10645	10167017	mwoyo	lug-000	spirit	eng-000
10646	19494197	mye	lug-000	zero	eng-000
10649	19494198	myufu	lug-000	red	eng-000
10652	10166689	na	lug-000	four	eng-000
10653	19494199	na	lug-000	forty	eng-000
10654	27849769	na	lug-000	and	eng-000
10655	10166690	naana	lug-000	eight	eng-000
10656	19494200	naasi	lug-000	nurse	eng-000
10659	10166889	nabbubi	lug-000	spider	eng-000
10663	19494202	nagalaale	lug-000	liberal	eng-000
10665	19494203	nakalyaakʼani	lug-000	communist	eng-000
10667	10166335	naku	lug-000	day	eng-000
10668	19494204	nalugooti	lug-000	height	eng-000
10670	19494205	naluwali	lug-000	bitch	eng-000
10672	19494206	namatimbo	lug-000	coccon	eng-000
10673	32690871	namatimbo	lug-000	cocoon	eng-000
10674	19494207	namungi	lug-000	multitude	eng-000
10676	10167142	namungʼngʼoona	lug-000	crow	eng-000
10677	19494208	namunkanga	lug-000	dragon	eng-000
10678	19494209	namunkanga	lug-000	mantis	eng-000
10681	10167228	namunnungu	lug-000	porcupine	eng-000
10682	19494210	namuziga	lug-000	wheel	eng-000
10686	19494211	nanaansi	lug-000	pineapple	eng-000
10687	19494212	nannyini	lug-000	owner	eng-000
10689	19494213	nantawunyikamu	lug-000	champion	eng-000
10692	19494214	nasswi	lug-000	finger	eng-000
10694	19494215	naye	lug-000	but	eng-000
10697	30772751	naye	lug-000	however	eng-000
10698	30772751	naye	lug-000	on the contrary	eng-000
10699	30772751	naye	lug-000	yet	eng-000
10701	19494217	nbawo	lug-000	furniture	eng-000
10702	10166566	nda	lug-000	charcoal	eng-000
10703	10166587	nda	lug-000	inside	eng-000
10704	19494218	ndabirwaamu	lug-000	mirror	eng-000
10705	19494219	ndagaano	lug-000	agreement	eng-000
10706	19494220	ndagiriro	lug-000	address	eng-000
10707	19494221	ndagiriro	lug-000	directions	eng-000
10708	19494222	ndassi	lug-000	fine	eng-000
10709	19494223	ndeku	lug-000	gourd	eng-000
10710	10166511	ndiga	lug-000	sheep	eng-000
10711	19494224	ndiga	lug-000	sheependiima	eng-000
10712	10166517	ndogoyi	lug-000	donkey	eng-000
10713	19494225	ndogoyi	lug-000	ass	eng-000
10715	19494227	ndokwa	lug-000	sprout	eng-000
10716	19494228	ndongo	lug-000	guitar	eng-000
10717	19494229	ndowooza	lug-000	theory	eng-000
10719	19494231	ndwadde yʼolususu	lug-000	rash	eng-000
10720	19494232	ndya	lug-000	diet	eng-000
10721	20272502	ne	lug-000	and	eng-000
10722	20272544	ne	lug-000	with	eng-000
10725	10167047	nene	lug-000	great	eng-000
10726	10167047	nene	lug-000	large	eng-000
10727	19494235	nfaana	lug-000	tapeworm	eng-000
10728	19494236	nfuddu	lug-000	turtle	eng-000
10731	10166519	nfudu	lug-000	tortoise	eng-000
10732	19494237	nfuli	lug-000	labium minora	eng-000
10733	19494238	nfuli	lug-000	vagina lips	eng-000
10734	10166461	nfuufu	lug-000	cloud of dust	eng-000
10735	10166461	nfuufu	lug-000	dust	eng-000
10736	19494239	nga	lug-000	like	eng-000
10737	19494240	nga	lug-000	when	eng-000
10740	19494241	nga busasaana	lug-000	dawn	eng-000
10742	19494242	nga buwungeera	lug-000	dusk	eng-000
10744	19494243	ngaali	lug-000	crane	eng-000
10748	19494245	ngaano	lug-000	wheat	eng-000
10749	19494246	ngabi	lug-000	bushbuck	eng-000
10750	10167007	ngabo	lug-000	shield	eng-000
10752	19494248	ngajaba	lug-000	lazy	eng-000
10753	19494249	ngajaba	lug-000	underachiever	eng-000
10754	19494250	ngalo ensajja	lug-000	thumb	eng-000
10755	19494251	ngamiya	lug-000	camel	eng-000
10756	20272504	ngate-	lug-000	before	eng-000
10757	19494252	ngatonaba kukola kintu	lug-000	before	eng-000
10759	19494253	ngatto	lug-000	shoe	eng-000
10760	19494254	ngatto empanvu	lug-000	boot	eng-000
10761	10167083	ngi	lug-000	many	eng-000
10762	10166309	ngo	lug-000	leopard	eng-000
10764	19494256	ngo	lug-000	tiger	eng-000
10765	19494257	ngoma	lug-000	drum	eng-000
10766	19494258	ngombe	lug-000	horn	eng-000
10767	19494259	ngonge	lug-000	otter	eng-000
10768	19494260	ngooye ezʼomunda	lug-000	underwear	eng-000
10769	19494261	ngoye	lug-000	clothes	eng-000
10770	10166508	ngʼngʼoma	lug-000	drum	eng-000
10771	10166987	ngʼngʼombi	lug-000	horn	eng-000
10772	10166987	ngʼngʼombi	lug-000	ivory	eng-000
10773	19494262	ni	lug-000	who	eng-000
10774	19494263	niimu	lug-000	lemon	eng-000
10775	10167093	nimilo	lug-000	cultivated ground	eng-000
10776	19494264	njaba	lug-000	crab	eng-000
10777	19494265	njaga	lug-000	marijuana	eng-000
10778	19494266	njaga yʼebiragala	lug-000	cocaine	eng-000
10779	10166446	njagali	lug-000	thigh	eng-000
10780	10166551	njala	lug-000	hunger	eng-000
10782	19494268	njala zʼebisolo	lug-000	claw	eng-000
10783	19494269	njawulo	lug-000	difference	eng-000
10784	19494270	njaza	lug-000	reedbuck	eng-000
10785	19494271	njiibwa	lug-000	pigeon	eng-000
10786	19494272	njiri	lug-000	gospel	eng-000
10787	19494273	njogera	lug-000	saying	eng-000
10788	19494274	njoka enfaana	lug-000	tapeworm	eng-000
10790	19494275	njovu	lug-000	elephant	eng-000
10791	10166988	nju	lug-000	house	eng-000
10792	10166565	njuba	lug-000	sun	eng-000
10794	19494277	njuba	lug-000	yolk	eng-000
10798	10166926	njuki	lug-000	bee	eng-000
10800	19494279	nkaaga	lug-000	sixty	eng-000
10802	19494280	nkaayana	lug-000	argument	eng-000
10803	19494281	nkalamata	lug-000	thirst	eng-000
10804	19494282	nkali	lug-000	piss	eng-000
10805	19494283	nkali	lug-000	urine	eng-000
10806	19494284	nkampa	lug-000	sock	eng-000
10807	19494285	nkanga	lug-000	aquarium	eng-000
10808	19494286	nkanyanya	lug-000	wrinkle	eng-000
10809	10166586	nkata	lug-000	head-pad	eng-000
10810	19494287	nkayaana	lug-000	dispute	eng-000
10811	19494288	nkejje	lug-000	haplochromis	eng-000
10814	19494290	nkerebwe	lug-000	squirrel	eng-000
10815	51455	nkima	lug-000	monkey	eng-000
10819	19494292	nkiso	lug-000	secret	eng-000
10820	19494293	nkizi	lug-000	backbone	eng-000
10821	19494294	nkizi	lug-000	spine	eng-000
10822	19494295	nkizo	lug-000	advantage	eng-000
10823	19494296	nkofiira	lug-000	hat	eng-000
10824	19494297	nkoko	lug-000	chicken	eng-000
10825	19494298	nkoko enkazi	lug-000	hen	eng-000
10826	19494299	nkoko ensajja	lug-000	cock	eng-000
10827	19494300	nkola	lug-000	process	eng-000
10828	19494301	nkomerero	lug-000	end	eng-000
10829	19494302	nkomo	lug-000	ending	eng-000
10830	19494303	nkondere	lug-000	saxophone	eng-000
10831	19494304	nkondere	lug-000	trumpet	eng-000
10833	19494306	nkovu	lug-000	scar	eng-000
10834	10167045	nkuba	lug-000	rain	eng-000
10838	19494309	nkukunyi	lug-000	louse	eng-000
10839	10166548	nkula	lug-000	rhinoceros	eng-000
10840	19494310	nkula	lug-000	hippopotamus	eng-000
10841	19494311	nkulungo	lug-000	circle	eng-000
10842	19494312	nkulungo	lug-000	orbit	eng-000
10843	19494313	nkulungo	lug-000	roundabout	eng-000
10844	19494314	nkuluze	lug-000	treasury	eng-000
10845	19494315	nkuluze yʼebigambo	lug-000	dictionary	eng-000
10847	19494316	nkuluze yʼebitabo	lug-000	library	eng-000
10849	19494317	nkumbi	lug-000	hoe	eng-000
10850	19494318	nkumbi ya turakita	lug-000	plow	eng-000
10851	19494319	nkunamyo	lug-000	topless	eng-000
10852	19494320	nkusu	lug-000	parrot	eng-000
10853	10166327	nkuta	lug-000	skin	eng-000
10854	10166664	nkwa	lug-000	tick	eng-000
10856	10167058	nkwawa	lug-000	armpit	eng-000
10857	19494322	nkwawa	lug-000	arm pit	eng-000
10858	19494323	nkya	lug-000	tomorrow	eng-000
10859	19494324	nkyuukakyuuka	lug-000	revolution	eng-000
10860	10167231	nna	lug-000	all	eng-000
10861	19494325	nnabakyala	lug-000	queen	eng-000
10863	19494326	nnabbi	lug-000	prophet	eng-000
10865	10166889	nnabbubi	lug-000	spider	eng-000
10867	19494327	nnakamwa ntette	lug-000	gossip	eng-000
10871	19494329	nnaku	lug-000	grief	eng-000
10873	30780911	nnakyeyombekedde	lug-000	old maid	eng-000
10876	19494331	nnamagoye	lug-000	albino	eng-000
10879	19494332	nnamungi wʼabantu	lug-000	crowd	eng-000
10880	19494333	nnamungoona	lug-000	crow	eng-000
10882	10167142	nnamungʼngʼoona	lug-000	crow	eng-000
10883	19494334	nnamunigina	lug-000	solitary	eng-000
10885	10167228	nnamunnungu	lug-000	porcupine	eng-000
10887	19494335	nnamusuna	lug-000	chickenpox	eng-000
10890	19494336	nnamwandu	lug-000	widow	eng-000
10892	30787957	nnamwandu	lug-000	widow woman	eng-000
10894	19494337	nnantalabika	lug-000	rare	eng-000
10896	19494338	nnawolovu	lug-000	chameleon	eng-000
10899	10167093	nnimilo	lug-000	cultivated ground	eng-000
10900	19494339	nnimiro	lug-000	farm	eng-000
10901	19494340	nnimiro	lug-000	garden	eng-000
10902	19494341	nnono	lug-000	culture	eng-000
10903	19494342	nnono	lug-000	origins	eng-000
10904	19494343	nnugu	lug-000	jealousy	eng-000
10906	10166427	nnya	lug-000	furrow	eng-000
10907	10166427	nnya	lug-000	groove	eng-000
10908	10166505	nnya	lug-000	name	eng-000
10909	10166814	nnya	lug-000	hole	eng-000
10910	10166814	nnya	lug-000	pit	eng-000
10912	37566318	nnya	lug-000	four	eng-000
10913	19494344	nnyaanya	lug-000	tomato	eng-000
10914	19494345	nnyabo	lug-000	madam	eng-000
10915	19494346	nnyabo	lug-000	miss	eng-000
10916	19494347	nnyabo	lug-000	mrs	eng-000
10920	19494348	nnyama	lug-000	meat	eng-000
10921	19494349	nnyama enkapa	lug-000	lean	eng-000
10922	19494350	nnyama yʼente	lug-000	beef	eng-000
10923	10167176	nnyana	lug-000	calf	eng-000
10925	10166388	nnyanja	lug-000	lake	eng-000
10926	19494352	nnyazaala	lug-000	mother-in-law	eng-000
10928	10166736	nnyindo	lug-000	nose	eng-000
10929	19494354	nnyindo ye njovu	lug-000	trunk	eng-000
10930	10167005	nnyo	lug-000	salt	eng-000
10931	19494355	nnyo	lug-000	a lot	eng-000
10932	19494356	nnyo	lug-000	much	eng-000
10934	30775908	nnyo	lug-000	loads	eng-000
10935	30775908	nnyo	lug-000	profusely	eng-000
10938	10166715	nnyogovu	lug-000	cold	eng-000
10939	19494357	nnyondo	lug-000	hammer	eng-000
10940	10167072	nnyonnyola	lug-000	explain	eng-000
10941	10166924	nnyonta	lug-000	thirst	eng-000
10943	19494359	nnyonyi	lug-000	aeroplane	eng-000
10944	19494360	nnyonyi	lug-000	airplane	eng-000
10945	19494361	nnyonyi enyange	lug-000	egret	eng-000
10946	19494362	nnyuma	lug-000	back	eng-000
10947	19494363	nnyumba	lug-000	house	eng-000
10948	10166623	noga	lug-000	be flavoured	eng-000
10949	19494364	noni	lug-000	chalk	eng-000
10950	10166414	noonya	lug-000	hand around	eng-000
10951	10166414	noonya	lug-000	look for	eng-000
10952	19494366	nsa	lug-000	sense	eng-000
10953	19494367	nsaalwa	lug-000	envy	eng-000
10954	19494368	nsaanvu	lug-000	seventy	eng-000
10956	19494369	nsaasi	lug-000	maraca	eng-000
10957	19494370	nsajja	lug-000	male	eng-000
10958	19494371	nsalo	lug-000	border	eng-000
10959	19494372	nsalo	lug-000	boundary	eng-000
10960	10166938	nsanafu	lug-000	ant	eng-000
10961	10167113	nsasi	lug-000	spark	eng-000
10962	19494373	nsawo	lug-000	bag	eng-000
10963	19494374	nsawo	lug-000	pocket	eng-000
10964	19494375	nsawo yʼomukono	lug-000	handbag	eng-000
10965	19494376	nseenene	lug-000	grasshopper	eng-000
10966	19494377	nseera	lug-000	hen	eng-000
10967	19494378	nsega	lug-000	vulture	eng-000
10968	19494379	nseko	lug-000	laughter	eng-000
10969	10166263	nsi	lug-000	country	eng-000
10970	10166978	nsi	lug-000	earth	eng-000
10971	10166978	nsi	lug-000	land	eng-000
10975	19494382	nsi	lug-000	globe	eng-000
10976	19494383	nsi	lug-000	planet	eng-000
10977	19494384	nsi	lug-000	world	eng-000
10978	19494385	nsibuko	lug-000	origin	eng-000
10979	19494386	nsibuko	lug-000	source	eng-000
10980	10166728	nsigo	lug-000	kidney	eng-000
10981	10166944	nsigo	lug-000	seed	eng-000
10983	19494388	nsigo	lug-000	ovary	eng-000
10985	19494390	nsiko	lug-000	bush	eng-000
10986	19494391	nsikya	lug-000	neck	eng-000
10987	10166855	nsili	lug-000	mosquito	eng-000
10988	10166273	nsimbi	lug-000	cowrie shell	eng-000
10989	19494392	nsimbi	lug-000	money	eng-000
10990	19494393	nsimbuko	lug-000	departure	eng-000
10991	19494394	nsingo	lug-000	neck	eng-000
10992	19494395	nsiri	lug-000	mosquito	eng-000
10993	19494396	nsiringanyi	lug-000	snail	eng-000
10995	19494398	nsobi	lug-000	error	eng-000
10997	19494400	nsolo	lug-000	animal	eng-000
10998	19494401	nsolo enkambwe	lug-000	tame	eng-000
10999	19494402	nsonda	lug-000	corner	eng-000
11000	19494403	nsonga	lug-000	issue	eng-000
11001	19494404	nsonga	lug-000	purpose	eng-000
11002	19494405	nsonga	lug-000	reason	eng-000
11003	10166319	nsonyi	lug-000	shame	eng-000
11006	10167165	nsonyi	lug-000	disgrace	eng-000
11009	19494407	nsonyiwa	lug-000	sorry	eng-000
11011	10166500	nsorela	lug-000	fly	eng-000
11012	19494408	nsowera	lug-000	fly	eng-000
11013	19494409	nssujju	lug-000	pumpkin	eng-000
11014	19494410	nsuma	lug-000	snout fish	eng-000
11015	10166325	nswa	lug-000	termite	eng-000
11016	19494411	nswa	lug-000	ant	eng-000
11017	19494412	nswaswa	lug-000	alligator	eng-000
11018	19494413	ntambuza yʼebintu	lug-000	process	eng-000
11019	10166652	ntamu	lug-000	pot	eng-000
11020	10166652	ntamu	lug-000	vessel	eng-000
11021	19494414	ntamu	lug-000	sauce pan	eng-000
11022	19494415	ntandikwa	lug-000	capital	eng-000
11023	19494416	ntandikwa	lug-000	origin	eng-000
11024	19494417	ntangawuuzi	lug-000	ginger	eng-000
11025	19494418	ntasiima	lug-000	ungrateful	eng-000
11026	10166509	nte	lug-000	cow	eng-000
11027	19494419	nte	lug-000	cattle	eng-000
11029	19494421	nte enkazi	lug-000	cow	eng-000
11030	19494422	nte ensajja	lug-000	bull	eng-000
11031	19494423	ntebe	lug-000	bench	eng-000
11032	19494424	ntebe	lug-000	chair	eng-000
11034	19494426	ntebe mu kibiina	lug-000	desk	eng-000
11035	10167021	ntebi	lug-000	chair	eng-000
11038	19494427	nteekateeka	lug-000	plan	eng-000
11039	19494428	ntegeka	lug-000	order	eng-000
11040	19494429	ntegeka	lug-000	programme	eng-000
11041	19494431	ntenvu	lug-000	December	eng-000
11042	19494432	nti	lug-000	that	eng-000
11044	19494433	ntikko	lug-000	peak	eng-000
11045	19494434	ntobo	lug-000	bottom	eng-000
11046	19494435	ntongooli	lug-000	harp	eng-000
11047	10166820	ntu	lug-000	person	eng-000
11048	10166821	ntu	lug-000	thing	eng-000
11049	19494436	ntugga	lug-000	giraffe	eng-000
11050	10166518	ntulege	lug-000	zebra	eng-000
11052	10167154	ntumbwe	lug-000	calf of the leg	eng-000
11053	19494438	ntungo	lug-000	sesame	eng-000
11054	19494439	ntuntu	lug-000	noon	eng-000
11055	10167208	ntuuyo	lug-000	sweat	eng-000
11057	19494441	nva endirwa	lug-000	lettuce	eng-000
11058	10167034	nvi	lug-000	white hair	eng-000
11059	19494442	nviiri	lug-000	hair	eng-000
11060	10166547	nvubu	lug-000	hippopotamus	eng-000
11061	19494443	nvumuulo	lug-000	fast	eng-000
11062	10166695	nwe	lug-000	finger	eng-000
11063	10166694	nya	lug-000	defecate	eng-000
11064	10166637	nyala	lug-000	banana	eng-000
11065	10166862	nyama	lug-000	meat	eng-000
11066	10167176	nyana	lug-000	calf	eng-000
11067	10166388	nyanja	lug-000	lake	eng-000
11071	10166428	nyilili	lug-000	line	eng-000
11072	10166428	nyilili	lug-000	row	eng-000
11073	10166736	nyindo	lug-000	nose	eng-000
11075	10166715	nyogovu	lug-000	cold	eng-000
11076	19494448	nyongeza	lug-000	bonus	eng-000
11077	10166924	nyonta	lug-000	thirst	eng-000
11078	10167104	nyonyi	lug-000	bird	eng-000
11079	10166696	nyra	lug-000	drink	eng-000
11080	19494449	nyukuta	lug-000	letter	eng-000
11081	19494450	nyukuta ensirifu	lug-000	consonant	eng-000
11082	19494451	nyukuta mpeereza	lug-000	vowel	eng-000
11083	44621	nyumba	lug-000	house	eng-000
11086	19494452	nyumba yabirime	lug-000	greenhouse	eng-000
11088	19494453	nyumba yanababubi	lug-000	web	eng-000
11089	19494454	nywanto	lug-000	nipple	eng-000
11090	19494455	nzaalwa	lug-000	native	eng-000
11091	19494456	nze	lug-000	I	eng-000
11092	19494457	nze	lug-000	me	eng-000
11097	10167084	nzige	lug-000	locust	eng-000
11098	19494458	nzikiriza	lug-000	belief	eng-000
11099	19494459	nzikiriza	lug-000	faith	eng-000
11100	19494460	nzikiriziganya	lug-000	agreement	eng-000
11102	10166596	nziro	lug-000	soot	eng-000
11103	19494462	nzirugavu	lug-000	black	eng-000
11106	19494463	nzivuunula	lug-000	interpretation	eng-000
11110	32691542	obulamu	lug-000	health	eng-000
11111	32691808	obulamu	lug-000	life	eng-000
11113	10166472	ogela	lug-000	speak	eng-000
11117	32691793	okugulu	lug-000	leg	eng-000
11121	20033943	okutu	lug-000	ear	eng-000
11127	30775458	okwagala	lug-000	want	eng-000
11128	32690400	okwagala	lug-000	affection	eng-000
11130	10166916	okya	lug-000	roast	eng-000
11131	10167182	ola	lug-000	bring up	eng-000
11133	10166961	oluggi	lug-000	door	eng-000
11135	20033932	olukuta	lug-000	skin	eng-000
11137	32691781	olukuta	lug-000	layer	eng-000
11138	20033948	olulimi	lug-000	tongue	eng-000
11143	32691769	olulimi	lug-000	language	eng-000
11148	32691007	olunaku	lug-000	date	eng-000
11149	32691011	olunaku	lug-000	day	eng-000
11150	20033990	olusozi	lug-000	mountain	eng-000
11154	32691564	olusozi	lug-000	hill	eng-000
11155	20033932	olususu	lug-000	skin	eng-000
11161	30770646	olutalo	lug-000	armed conflict	eng-000
11162	30770646	olutalo	lug-000	war	eng-000
11164	20033989	oluwenda	lug-000	path	eng-000
11165	32692695	oluwenda	lug-000	solution	eng-000
11168	30769212	omubiri	lug-000	body	eng-000
11174	32692647	omubiri	lug-000	skin	eng-000
11176	30772678	omugaati	lug-000	bread	eng-000
11180	10166570	omukazi	lug-000	woman	eng-000
11182	30770744	omukazi	lug-000	female	eng-000
11188	20033952	omukono	lug-000	hand	eng-000
11189	30774990	omukono	lug-000	arm	eng-000
11196	32690400	omukwano	lug-000	affection	eng-000
11197	32691370	omukwano	lug-000	friendship	eng-000
11199	32691943	omukyala	lug-000	miss	eng-000
11200	10166996	omulenge	lug-000	young man	eng-000
11205	20033986	omuliro	lug-000	fire	eng-000
11214	32692513	omunnyo	lug-000	salt	eng-000
11216	10166820	omuntu	lug-000	person	eng-000
11218	27909737	omuntu	lug-000	man	eng-000
11221	32691600	omuntu	lug-000	human	eng-000
11223	19494464	omusaalaba	lug-000	cross	eng-000
11227	20033934	omusai	lug-000	blood	eng-000
11228	10166481	omusawo	lug-000	medicine man	eng-000
11229	32691101	omusawo	lug-000	doctor	eng-000
11230	99806	omusenyu	lug-000	sand	eng-000
11235	20033927	omuti	lug-000	tree	eng-000
11242	32692266	omuti	lug-000	pole	eng-000
11247	32691539	omutwe	lug-000	head	eng-000
11248	37023	omuwala	lug-000	girl	eng-000
11254	32691008	omuwala	lug-000	daughter	eng-000
11259	30766740	omwana	lug-000	child	eng-000
11260	30766746	omwana	lug-000	babe	eng-000
11261	30766746	omwana	lug-000	baby	eng-000
11265	32691732	omwana	lug-000	kid	eng-000
11267	30766108	omwenge	lug-000	alcohol	eng-000
11268	30766108	omwenge	lug-000	ethanol	eng-000
11269	30766108	omwenge	lug-000	ethyl alcohol	eng-000
11270	30766108	omwenge	lug-000	grain alcohol	eng-000
11271	30768648	omwenge	lug-000	wine	eng-000
11272	30774717	omwenge	lug-000	ale	eng-000
11273	30774717	omwenge	lug-000	beer	eng-000
11281	10166362	ongela	lug-000	increase	eng-000
11283	10166920	onoona	lug-000	spoil	eng-000
11284	10166923	ota	lug-000	bask	eng-000
11285	10166923	ota	lug-000	warm oneself	eng-000
11286	10167014	otulo	lug-000	sleep	eng-000
11287	10167017	oyo	lug-000	soul	eng-000
11288	10167017	oyo	lug-000	spirit	eng-000
11289	32692914	oyo	lug-000	that	eng-000
11290	10166332	oza	lug-000	wash	eng-000
11291	19494465	paaka	lug-000	park	eng-000
11293	19494466	paaka ya takisi	lug-000	taxi park	eng-000
11294	19494467	paasi	lug-000	iron	eng-000
11296	10166721	pacca	lug-000	slap	eng-000
11297	19494468	pamba	lug-000	cotton	eng-000
11298	19494469	pamba	lug-000	pad	eng-000
11299	19494470	pamba	lug-000	wool	eng-000
11304	10166516	panga	lug-000	cock	eng-000
11306	19494471	parakyuti	lug-000	parachute	eng-000
11308	19494472	pasipoota	lug-000	passport	eng-000
11310	19494473	pata	lug-000	hinge	eng-000
11312	19494474	peeera	lug-000	guava	eng-000
11313	19494475	petulooli	lug-000	petroleum	eng-000
11315	10167030	pewo	lug-000	wind	eng-000
11316	10167127	piiyi	lug-000	flatulence	eng-000
11317	19494476	pikipiki	lug-000	motorcycle	eng-000
11318	19494477	pini	lug-000	pin	eng-000
11319	19494478	pinka	lug-000	pink	eng-000
11321	10166989	pisi	lug-000	hyena	eng-000
11322	10166754	pitambi	lug-000	filth	eng-000
11323	19494479	poketi mane	lug-000	wallet	eng-000
11324	30776453	poketi mane	lug-000	billfold	eng-000
11325	30776453	poketi mane	lug-000	notecase	eng-000
11326	30776453	poketi mane	lug-000	pocketbook	eng-000
11329	10166296	pologoma	lug-000	lion	eng-000
11333	19494481	ppeesa	lug-000	button	eng-000
11334	19494482	puli	lug-000	April	eng-000
11335	19494483	puliida	lug-000	lawyer	eng-000
11337	19494484	pulojekiti	lug-000	project	eng-000
11339	10166744	pungu	lug-000	bird of prey	eng-000
11340	10166744	pungu	lug-000	eagle	eng-000
11341	97793	pusi	lug-000	cat	eng-000
11343	19494485	ra	lug-000	moreover	eng-000
11345	19494487	riiso	lug-000	eye	eng-000
11346	19494488	rinnya	lug-000	name	eng-000
11347	19494489	rinnya ettongole	lug-000	title	eng-000
11348	19494490	rinnyo	lug-000	tooth	eng-000
11349	19494491	rinnyo eggego	lug-000	wisdom tooth	eng-000
11351	10166999	ro	lug-000	night	eng-000
11352	10166559	rooto	lug-000	dream	eng-000
11353	19494492	ryaanyi	lug-000	might	eng-000
11354	19494493	ryaato	lug-000	boat	eng-000
11355	19494494	ryanda	lug-000	battery	eng-000
11356	19494495	ryenvu	lug-000	banana	eng-000
11357	10166609	sa	lug-000	grind	eng-000
11358	10166706	saaganda	lug-000	bale	eng-000
11359	10166706	saaganda	lug-000	bundle	eng-000
11360	10166706	saaganda	lug-000	pack	eng-000
11361	10166419	saala	lug-000	guide aright	eng-000
11362	10166939	saale	lug-000	arrow	eng-000
11363	10166946	saale	lug-000	bending	eng-000
11364	10166946	saale	lug-000	bow	eng-000
11365	19494496	saati	lug-000	shirt	eng-000
11366	19494497	saawa	lug-000	clock	eng-000
11367	19494498	saawa	lug-000	hour	eng-000
11368	19494499	saawa	lug-000	watch	eng-000
11370	19494500	saawa yʼokumukono	lug-000	watch	eng-000
11371	10166943	saayi	lug-000	blood	eng-000
11372	19494501	sabiiti	lug-000	week	eng-000
11375	19494502	sabuuni	lug-000	soap	eng-000
11377	19494503	sadaaka	lug-000	sacrifice	eng-000
11379	10166442	sajja	lug-000	male	eng-000
11380	10167151	saka	lug-000	thicket	eng-000
11382	10166436	sala	lug-000	slaughter	eng-000
11383	10167102	salika	lug-000	wrap up	eng-000
11384	10166435	sambi	lug-000	thigh	eng-000
11385	10166533	sana	lug-000	light	eng-000
11386	10166533	sana	lug-000	sky	eng-000
11387	10166938	sanafu	lug-000	ant	eng-000
11388	19494504	sanduke	lug-000	closet	eng-000
11391	10167202	sanga	lug-000	meet	eng-000
11392	10167039	sanvu	lug-000	seven	eng-000
11393	10167234	sanyuka	lug-000	be pleased	eng-000
11394	10167129	sanyusa	lug-000	please	eng-000
11395	10167129	sanyusa	lug-000	satisfy	eng-000
11396	10167113	sasi	lug-000	spark	eng-000
11397	10166765	sasilo	lug-000	garbage	eng-000
11398	10166765	sasilo	lug-000	rubbish	eng-000
11399	10166367	sasula	lug-000	pay	eng-000
11400	19494505	sasura	lug-000	pay	eng-000
11402	19494506	sati	lug-000	T-shirt	eng-000
11405	19494507	satifikeeti	lug-000	certificate	eng-000
11407	10166792	satu	lug-000	three	eng-000
11408	19494508	satu	lug-000	thirty	eng-000
11409	19494509	sawa	lug-000	o’clock	eng-000
11411	10166481	sawo	lug-000	medicine man	eng-000
11412	19494510	sayansi	lug-000	science	eng-000
11414	10167291	saza	lug-000	cut	eng-000
11415	10167291	saza	lug-000	lop	eng-000
11416	10167235	sazzanzita	lug-000	bifurcation	eng-000
11417	10167235	sazzanzita	lug-000	cross-roads	eng-000
11418	19494512	seeta	lug-000	theater	eng-000
11422	10166347	seeteera	lug-000	be spread out	eng-000
11423	10167108	seeyeeya	lug-000	glide	eng-000
11424	10167108	seeyeeya	lug-000	trickle	eng-000
11425	19494513	sefuliya	lug-000	sauce pan	eng-000
11426	10167245	seka	lug-000	laugh	eng-000
11427	10166440	sesema	lug-000	vomit	eng-000
11431	19494515	sekulitale	lug-000	secretary	eng-000
11434	19494516	seminti	lug-000	cement	eng-000
11437	10166787	sena	lug-000	draw	eng-000
11438	10167143	senge	lug-000	wall	eng-000
11439	10166848	sengejja	lug-000	filter	eng-000
11441	19494517	sente	lug-000	money	eng-000
11444	10167256	senyu	lug-000	sand	eng-000
11445	19494518	seti yamapeesa	lug-000	keyboard	eng-000
11447	10166263	si	lug-000	country	eng-000
11448	10166978	si	lug-000	earth	eng-000
11449	10166978	si	lug-000	land	eng-000
11451	19494519	si mulabufu	lug-000	backward	eng-000
11454	30783192	si mulabufu	lug-000	backwards	eng-000
11456	10166477	siba	lug-000	tie up	eng-000
11457	19494520	siddi za kompyuta	lug-000	CD-ROM	eng-000
11459	10167237	siga	lug-000	plant	eng-000
11460	10167237	siga	lug-000	sow	eng-000
11461	10166302	sigala	lug-000	remain	eng-000
11463	10167122	sige	lug-000	eyebrow	eng-000
11464	10166795	sigika	lug-000	be leaning	eng-000
11465	10166728	sigo	lug-000	kidney	eng-000
11466	10166944	sigo	lug-000	seed	eng-000
11467	10167174	siibuka	lug-000	take leave of	eng-000
11468	10166858	siiga	lug-000	smear on	eng-000
11469	10166858	siiga	lug-000	spread	eng-000
11470	19494521	siima	lug-000	grateful	eng-000
11471	10166315	siimuula	lug-000	wipe	eng-000
11472	10166412	siiwa	lug-000	itch	eng-000
11473	10166462	sika	lug-000	pull	eng-000
11474	19494522	sikaala	lug-000	scholarship	eng-000
11476	19494523	sikaati	lug-000	skirt	eng-000
11479	10166855	sili	lug-000	mosquito	eng-000
11480	10166737	silika	lug-000	be quiet	eng-000
11481	19494524	silingi	lug-000	ceiling	eng-000
11484	10166758	sima	lug-000	dig	eng-000
11485	10166310	simba	lug-000	genet	eng-000
11486	10166273	simbi	lug-000	cowrie shell	eng-000
11487	10166616	sindi	lug-000	tramp of feet	eng-000
11488	10166809	sindika	lug-000	push	eng-000
11489	20272506	singa	lug-000	if	eng-000
11490	10166984	sinz	lug-000	heel	eng-000
11491	10166546	siri	lug-000	garden	eng-000
11494	10166441	sita	lug-000	plait	eng-000
11495	19494526	sita kange	lug-000	conservative	eng-000
11497	19494527	sitaani	lug-000	devil	eng-000
11498	19494528	sitaani	lug-000	satan	eng-000
11507	30770395	siteringi	lug-000	wheel	eng-000
11509	19494532	sitoowa	lug-000	warehouse	eng-000
11510	19494533	situka	lug-000	dandruff	eng-000
11512	19494534	situkeesi	lug-000	suitcase	eng-000
11513	30775630	situkeesi	lug-000	case	eng-000
11516	10167001	siwa	lug-000	mix	eng-000
11517	10167001	siwa	lug-000	put together	eng-000
11518	19494535	siyaagi	lug-000	butter	eng-000
11521	10166875	so	lug-000	knife	eng-000
11522	10166890	so	lug-000	eye	eng-000
11523	10167238	so	lug-000	sword	eng-000
11524	10166759	soggola	lug-000	dig up	eng-000
11525	10166759	soggola	lug-000	dig out	eng-000
11526	19494536	sokisi	lug-000	sock	eng-000
11528	10167190	solooza	lug-000	assemble	eng-000
11529	10167190	solooza	lug-000	collect	eng-000
11530	10166704	solya	lug-000	thatched roof	eng-000
11531	10167255	soma	lug-000	read	eng-000
11532	10166549	somoka	lug-000	cross	eng-000
11533	10166317	songa	lug-000	poke	eng-000
11534	10166320	songola	lug-000	cut to shape	eng-000
11535	10166320	songola	lug-000	sharpen	eng-000
11536	10166319	sonyi	lug-000	shame	eng-000
11539	10167165	sonyi	lug-000	disgrace	eng-000
11541	19494537	sooda	lug-000	soda	eng-000
11543	10166995	sooli	lug-000	maize	eng-000
11544	10166500	sorela	lug-000	fly	eng-000
11545	10166351	sota	lug-000	serpent	eng-000
11546	10166351	sota	lug-000	snake	eng-000
11547	19494538	sowaani	lug-000	plate	eng-000
11548	10166538	sozi	lug-000	hill	eng-000
11549	10166998	sozi	lug-000	mountain	eng-000
11550	19494566	ssomero	lug-000	school	eng-000
11551	19494567	ssomo	lug-000	lesson	eng-000
11552	19494539	ssaala	lug-000	prayer	eng-000
11553	19494540	ssabalabirizi	lug-000	archbishop	eng-000
11556	19494541	ssabasajja	lug-000	king	eng-000
11558	19494542	ssanyu	lug-000	joy	eng-000
11560	37566317	ssatu	lug-000	three	eng-000
11561	19494543	ssaza	lug-000	county	eng-000
11563	19494545	ssebaseka	lug-000	June	eng-000
11565	19494547	ssebo	lug-000	boss	eng-000
11567	19494549	ssebo	lug-000	sir	eng-000
11569	30766369	ssebo	lug-000	line manager	eng-000
11570	30766369	ssebo	lug-000	manager	eng-000
11571	30766369	ssebo	lug-000	supervisor	eng-000
11575	19494550	ssedume	lug-000	bull	eng-000
11578	19494551	ssegwanga	lug-000	cock	eng-000
11582	19494553	ssekokko	lug-000	turkey	eng-000
11588	19494556	ssemwandu	lug-000	widower	eng-000
11590	30790918	ssemwandu	lug-000	widowman	eng-000
11592	19494557	ssenga	lug-000	aunt	eng-000
11593	19494558	ssenga	lug-000	if	eng-000
11594	30771953	ssenga	lug-000	paternal aunt	eng-000
11595	30771954	ssenga	lug-000	maternal aunt	eng-000
11598	19494559	ssentebe	lug-000	chairperson	eng-000
11600	19494560	ssenyiga	lug-000	cold	eng-000
11602	19494561	ssepuringi	lug-000	spring	eng-000
11604	19494562	ssezaala	lug-000	father-in-law	eng-000
11606	10167168	ssi	lug-000	bait	eng-000
11607	19494563	ssimu	lug-000	call	eng-000
11608	19494564	ssimu	lug-000	phone	eng-000
11609	19494565	ssimu	lug-000	telephone	eng-000
11610	10167259	ssuuka	lug-000	escape	eng-000
11611	10167259	ssuuka	lug-000	recover	eng-000
11612	19494568	sudaani	lug-000	Sudan	eng-000
11615	19494569	sukaali	lug-000	diabetes	eng-000
11617	19494570	sukali	lug-000	sugar	eng-000
11620	10166968	sukilize	lug-000	shade	eng-000
11621	10166968	sukilize	lug-000	shadow	eng-000
11622	10166898	sula	lug-000	dwell	eng-000
11623	10166683	sulo	lug-000	dew	eng-000
11624	10167013	sulo	lug-000	accommodation	eng-000
11625	10167013	sulo	lug-000	sleeping-place	eng-000
11626	19494571	supu	lug-000	gravy	eng-000
11627	19494572	supu	lug-000	sauce	eng-000
11628	19494573	supu	lug-000	soup	eng-000
11633	10167114	susa	lug-000	peel	eng-000
11634	10167114	susa	lug-000	shell	eng-000
11635	19494574	suuka	lug-000	bed sheet	eng-000
11636	19494575	suula	lug-000	chapter	eng-000
11637	19494576	suuti	lug-000	suit	eng-000
11638	10166619	suwa	lug-000	vein	eng-000
11639	10166325	swa	lug-000	termite	eng-000
11640	19494577	sweeta	lug-000	sweater	eng-000
11641	19494578	swiiti	lug-000	candy	eng-000
11647	19494579	swiki	lug-000	switch	eng-000
11649	10166297	ta	lug-000	milk	eng-000
11651	10167172	ta	lug-000	calabash	eng-000
11652	19494580	taala	lug-000	lamp	eng-000
11653	20272524	taala	lug-000	light	eng-000
11654	19494581	taala eyʼamasanyalaze	lug-000	electric lamp	eng-000
11655	10166783	taano	lug-000	five	eng-000
11656	19494582	taano	lug-000	fifty	eng-000
11657	19494583	taata	lug-000	dad	eng-000
11658	19494584	taata	lug-000	daddy	eng-000
11659	19494585	taata	lug-000	father	eng-000
11665	19494586	taata omuto	lug-000	uncle	eng-000
11668	19494587	taayi	lug-000	tie	eng-000
11670	19494589	takoleera	lug-000	impotent	eng-000
11671	19494590	tala yamafuta	lug-000	lap	eng-000
11672	19494591	talanta	lug-000	talent	eng-000
11673	30772003	talanta	lug-000	endowment	eng-000
11674	30772003	talanta	lug-000	gift	eng-000
11676	10166762	talo	lug-000	war	eng-000
11677	10166779	tamba	lug-000	make offerings	eng-000
11678	10166780	tambiro	lug-000	sacrifice	eng-000
11679	10167274	tambo	lug-000	machine	eng-000
11680	10167274	tambo	lug-000	spring	eng-000
11681	10166490	tambula	lug-000	walk	eng-000
11682	10166782	tambula	lug-000	take a walk	eng-000
11683	19494592	tambuuza	lug-000	plumber	eng-000
11684	10166652	tamu	lug-000	pot	eng-000
11685	10166652	tamu	lug-000	vessel	eng-000
11686	10166628	tamula	lug-000	get intoxicated	eng-000
11687	10166371	tanda	lug-000	bed	eng-000
11688	10166791	tange	lug-000	my father	eng-000
11689	19494593	tanzaniya	lug-000	Tanzania	eng-000
11692	19494594	tategeera omusiru	lug-000	ass	eng-000
11693	19494595	tawulo	lug-000	towel	eng-000
11694	10166509	te	lug-000	cow	eng-000
11695	10166406	teego	lug-000	witchcraft	eng-000
11696	10167305	teeka	lug-000	place	eng-000
11697	10167305	teeka	lug-000	put	eng-000
11698	10167305	teeka	lug-000	set	eng-000
11700	10166631	teekera	lug-000	heap up	eng-000
11701	10166631	teekera	lug-000	ready	eng-000
11702	10166631	teekera	lug-000	set on fire	eng-000
11703	10166794	tega	lug-000	set a trap	eng-000
11704	19494596	tekawo	lug-000	put	eng-000
11706	19494597	tekifanana	lug-000	opposite	eng-000
11708	19494598	tekinologia	lug-000	technology	eng-000
11711	19494599	tekyeebereka	lug-000	unavoidable	eng-000
11712	30781967	tekyeebereka	lug-000	ineluctable	eng-000
11713	30781967	tekyeebereka	lug-000	inescapable	eng-000
11714	30781967	tekyeebereka	lug-000	inevitable	eng-000
11715	30781967	tekyeebereka	lug-000	inexorable	eng-000
11716	30781967	tekyeebereka	lug-000	necessary	eng-000
11717	30781967	tekyeebereka	lug-000	predetermined	eng-000
11720	19494600	telekero lyʼebitabo	lug-000	library	eng-000
11721	19494601	telesikopu	lug-000	telescope	eng-000
11724	19494602	televison	lug-000	television	eng-000
11726	30770412	televison	lug-000	TV set	eng-000
11727	30770412	televison	lug-000	boob tube	eng-000
11728	30770412	televison	lug-000	idiot box	eng-000
11730	30770412	televison	lug-000	television receiver	eng-000
11731	30770412	televison	lug-000	television set	eng-000
11732	30770412	televison	lug-000	tv	eng-000
11734	10167137	temba	lug-000	ascend	eng-000
11735	10167137	temba	lug-000	climb	eng-000
11736	19494603	temulimagezi	lug-000	nonsense	eng-000
11738	19494604	tepu	lug-000	tape	eng-000
11740	20272567	tereka	lug-000	keep	eng-000
11741	19494605	tewali	lug-000	nothing	eng-000
11743	19494606	tewali muntu	lug-000	nobody	eng-000
11745	19494607	tidde	lug-000	afraid	eng-000
11746	19494608	tiimu	lug-000	team	eng-000
11749	19494609	tiketi	lug-000	ticket	eng-000
11752	19494610	tiketi yʼennyonyi	lug-000	air ticket	eng-000
11753	10166914	tiko	lug-000	mushroom	eng-000
11754	10166804	tima	lug-000	heart	eng-000
11755	10166812	tole	lug-000	clod	eng-000
11756	10166812	tole	lug-000	lump	eng-000
11757	10166972	tonda	lug-000	god	eng-000
11758	20033965	tondoka	lug-000	die	eng-000
11759	10167221	tonnya	lug-000	rain	eng-000
11760	10166287	tono	lug-000	small	eng-000
11762	10166638	tooke	lug-000	banana	eng-000
11763	19494611	tooki	lug-000	flashlight	eng-000
11765	19494612	toyi	lug-000	toy	eng-000
11768	10166433	tta	lug-000	kill	eng-000
11769	19494613	ttaala	lug-000	ramp	eng-000
11771	37566319	ttaano	lug-000	five	eng-000
11772	19494614	ttaawo	lug-000	overpass	eng-000
11773	19494615	ttabi	lug-000	branch	eng-000
11774	19494616	ttaka	lug-000	dirt	eng-000
11775	19494617	ttaka	lug-000	land	eng-000
11776	19494618	ttaka	lug-000	soil	eng-000
11778	10166772	ttama	lug-000	cheek	eng-000
11779	19494620	tteeka	lug-000	law	eng-000
11780	19494621	tteeka	lug-000	principle	eng-000
11781	19494622	tteeka	lug-000	rule	eng-000
11783	19494624	ttelekero lyʼensimbi	lug-000	bank	eng-000
11784	19494625	ttemu	lug-000	murder	eng-000
11785	19494626	ttendekero	lug-000	college	eng-000
11786	19494627	ttendo	lug-000	glory	eng-000
11787	19494629	tterekero lyebyobuwangwa	lug-000	museum	eng-000
11788	19494628	tterekero lyʼamata	lug-000	dairy	eng-000
11789	19494630	ttima	lug-000	cruelty	eng-000
11790	19494631	ttimba	lug-000	python	eng-000
11792	19494632	ttingatinga	lug-000	bulldozer	eng-000
11795	19494633	ttofali	lug-000	brick	eng-000
11796	19494634	ttondo	lug-000	drop	eng-000
11797	19494635	ttooke	lug-000	banana	eng-000
11800	19494636	ttosi	lug-000	mud	eng-000
11801	19494637	ttu	lug-000	fetus	eng-000
11802	19494638	ttu	lug-000	package	eng-000
11803	19494639	ttumbi	lug-000	night	eng-000
11804	19494640	ttuntu	lug-000	afternoon	eng-000
11805	10166826	tu	lug-000	ear	eng-000
11806	20033907	tu	lug-000	we	eng-000
11807	10166831	tugga	lug-000	giraffe	eng-000
11808	19494641	tukululana	lug-000	trailer	eng-000
11810	19494642	tukusanyukidde	lug-000	welcome	eng-000
11812	10166625	tula	lug-000	be sharp	eng-000
11813	19494643	tulakita	lug-000	tractor	eng-000
11815	10166518	tulege	lug-000	zebra	eng-000
11816	19494645	tulera	lug-000	trailer	eng-000
11818	10166839	tuli	lug-000	hole	eng-000
11819	10166839	tuli	lug-000	nest	eng-000
11820	10167014	tulo	lug-000	sleep	eng-000
11821	10166777	tulumbi	lug-000	corpse	eng-000
11822	10167154	tumbwe	lug-000	calf of the leg	eng-000
11823	10166531	tunda	lug-000	sell	eng-000
11824	10166300	tunga	lug-000	sew	eng-000
11826	20033961	tunula	lug-000	see	eng-000
11827	20033944	tunulira	lug-000	eye	eng-000
11828	10166897	tuula	lug-000	sit	eng-000
11829	10167208	tuuyo	lug-000	sweat	eng-000
11830	10166592	twe	lug-000	head	eng-000
11831	10166266	tya	lug-000	be afraid	eng-000
11832	19494646	ugusto	lug-000	August	eng-000
11833	19494647	univasite	lug-000	university	eng-000
11835	30769959	univasite	lug-000	academy	eng-000
11838	19494648	vakeddo	lug-000	pear	eng-000
11840	19494649	vanila	lug-000	vanilla	eng-000
11843	10167034	vi	lug-000	white hair	eng-000
11844	19494650	vidiyo	lug-000	video	eng-000
11847	10166607	vinda	lug-000	become bad	eng-000
11848	10166607	vinda	lug-000	become rotten	eng-000
11849	10166607	vinda	lug-000	rot	eng-000
11850	19494652	vinnyo	lug-000	wine	eng-000
11851	19494653	vitamini	lug-000	vitamin	eng-000
11854	10166402	vuba	lug-000	fish	eng-000
11855	10166547	vubu	lug-000	hippopotamus	eng-000
11856	10166970	vubuka	lug-000	youth	eng-000
11857	19494654	vugga galli	lug-000	ride	eng-000
11859	10166981	vule	lug-000	hair	eng-000
11860	10166471	vuma	lug-000	abuse	eng-000
11862	10166514	vundu	lug-000	rotten	eng-000
11863	19494655	vvuvumira	lug-000	beetle	eng-000
11864	10166697	wa	lug-000	give	eng-000
11865	19494660	wa	lug-000	of	eng-000
11866	19494661	wa	lug-000	where	eng-000
11871	19494662	wa bulijjo	lug-000	plain	eng-000
11872	19494663	wa ggonjebwa	lug-000	polite	eng-000
11874	19494664	wa kalebule	lug-000	crazy	eng-000
11875	19494665	wa mpisa	lug-000	polite	eng-000
11878	10166535	waala	lug-000	peak	eng-000
11879	10166535	waala	lug-000	top	eng-000
11880	10166564	waali	lug-000	smallpox	eng-000
11881	19494667	wabula	lug-000	by the way	eng-000
11882	19494668	wabula	lug-000	however	eng-000
11883	30772751	wabula	lug-000	but	eng-000
11885	30772751	wabula	lug-000	on the contrary	eng-000
11886	30772751	wabula	lug-000	yet	eng-000
11891	19494669	wabwelu	lug-000	outside	eng-000
11893	10166942	wabyo	lug-000	scythe	eng-000
11894	10166942	wabyo	lug-000	sickle	eng-000
11895	19494670	wafulumirwa	lug-000	exit	eng-000
11896	19494671	waggulu	lug-000	over	eng-000
11897	19494672	waggulu	lug-000	top	eng-000
11898	19494673	waggulu	lug-000	up	eng-000
11899	19494674	waggulu	lug-000	high	eng-000
11900	30774336	waggulu	lug-000	ascending	eng-000
11902	30774336	waggulu	lug-000	upward	eng-000
11903	30774336	waggulu	lug-000	upwards	eng-000
11907	19494676	wakati	lug-000	between	eng-000
11908	19494677	wakati	lug-000	middle	eng-000
11915	19494678	wakati muttumbi	lug-000	midnight	eng-000
11918	19494679	wakyaamirwa	lug-000	toilet	eng-000
11920	10166969	wala	lug-000	girl	eng-000
11921	10166969	wala	lug-000	virgin	eng-000
11922	19494680	wala	lug-000	away	eng-000
11924	19494682	wala	lug-000	far	eng-000
11926	19494683	waleti	lug-000	wallet	eng-000
11927	30776453	waleti	lug-000	billfold	eng-000
11928	30776453	waleti	lug-000	notecase	eng-000
11929	30776453	waleti	lug-000	pocketbook	eng-000
11932	20272500	wali	lug-000	there	eng-000
11933	10166368	wambeli	lug-000	in front of	eng-000
11934	19494686	wamu	lug-000	together	eng-000
11935	19494687	wange	lug-000	excuse me	eng-000
11936	19494688	wankaaki	lug-000	gate	eng-000
11939	19494689	wano	lug-000	here	eng-000
11942	19494690	wansi	lug-000	below	eng-000
11943	19494691	wansi	lug-000	down	eng-000
11944	19494692	wansi	lug-000	ground	eng-000
11945	19494693	wansi	lug-000	low	eng-000
11946	19494694	wansi	lug-000	under	eng-000
11950	30773575	wansi	lug-000	underneath	eng-000
11956	19494695	wansi muttaka	lug-000	underground	eng-000
11957	30787689	wansi muttaka	lug-000	subterranean	eng-000
11960	10166350	wanvu	lug-000	long	eng-000
11961	19494696	wassi mu mazzi	lug-000	underwater	eng-000
11962	30770338	wassi mu mazzi	lug-000	submarine	eng-000
11965	19494697	wattu	lug-000	dear	eng-000
11967	19494698	watundirwa tikiti	lug-000	ticket window	eng-000
11969	19494700	waya	lug-000	wire	eng-000
11972	19494701	webale	lug-000	thank you	eng-000
11973	27950593	webale	lug-000	thanks	eng-000
11974	30771938	webale	lug-000	cheers	eng-000
11978	10166743	weela	lug-000	breathe	eng-000
11979	10166743	weela	lug-000	rest	eng-000
11980	10166834	weeliza	lug-000	send	eng-000
11981	19494703	weema	lug-000	tent	eng-000
11982	30770047	weema	lug-000	marquee	eng-000
11986	19494705	wegendereze	lug-000	watch out	eng-000
11988	10166903	wela	lug-000	refuse	eng-000
11989	10166903	wela	lug-000	say no	eng-000
11991	10166904	wela	lug-000	reject	eng-000
11992	10166426	wendo	lug-000	number	eng-000
11993	20033999	wera	lug-000	full	eng-000
11994	19494711	weraba	lug-000	goodbye	eng-000
11996	10166718	weta	lug-000	bend	eng-000
11997	19494713	wiigi	lug-000	wig	eng-000
11999	19494714	wiiki	lug-000	week	eng-000
12002	19494715	wo	lug-000	there	eng-000
12004	10166624	wola	lug-000	become cool	eng-000
12005	10166624	wola	lug-000	get well	eng-000
12006	19494717	wolole	lug-000	aide-de-camp	eng-000
12008	19494719	woluganda	lug-000	kin	eng-000
12009	19494721	wolutaali	lug-000	altar	eng-000
12012	10166372	woobe	lug-000	mourning	eng-000
12013	10167131	woola	lug-000	hollow out	eng-000
12014	19494723	wotameroni	lug-000	watermelon	eng-000
12015	19494724	woteeli	lug-000	hotel	eng-000
12017	19494726	woteeli	lug-000	cafeteria	eng-000
12021	20033962	wulira	lug-000	hear	eng-000
12022	10167264	wummula	lug-000	rest	eng-000
12023	10167264	wummula	lug-000	take a holiday	eng-000
12024	10166458	wunya	lug-000	smell	eng-000
12025	19494727	wuuma	lug-000	fork	eng-000
12027	10166594	wuuna	lug-000	grumble	eng-000
12028	10166594	wuuna	lug-000	grunt	eng-000
12029	19494728	wuzi	lug-000	thread	eng-000
12031	19494675	wʼakajanja	lug-000	nosy	eng-000
12032	19494684	wʼamaalo	lug-000	backward	eng-000
12033	19494656	wʼamalala	lug-000	proud	eng-000
12034	19494685	wʼamazima	lug-000	truthful	eng-000
12035	19494702	wʼebitege	lug-000	bow-legged	eng-000
12036	19494706	wʼeggonjebwa	lug-000	gracious	eng-000
12037	19494707	wʼejoogo	lug-000	insolent	eng-000
12038	19494708	wʼekisa	lug-000	gracious	eng-000
12039	19494709	wʼekisa	lug-000	kind	eng-000
12041	19494657	wʼenkwe	lug-000	traitor	eng-000
12042	19494712	wʼettima	lug-000	cruel	eng-000
12043	19494718	wʼolugambo	lug-000	gossip	eng-000
12044	19494658	wʼoluganda	lug-000	relative	eng-000
12045	19494720	wʼolunwe	lug-000	jinx	eng-000
12046	19494659	wʼomukwano	lug-000	friend	eng-000
12048	10166307	yaayu	lug-000	tomcat	eng-000
12049	19494729	yafa	lug-000	impotent	eng-000
12050	19494730	yaffesi	lug-000	office	eng-000
12052	19494731	yatomerwa endiga	lug-000	impotent	eng-000
12053	19494732	ye	lug-000	yes	eng-000
12054	30771895	ye	lug-000	ay	eng-000
12055	30771895	ye	lug-000	aye	eng-000
12056	30771895	ye	lug-000	yeah	eng-000
12057	30771895	ye	lug-000	yep	eng-000
12061	27962219	yee	lug-000	yes	eng-000
12062	19494733	yefaako yekka	lug-000	selfish	eng-000
12063	19494734	yeggulo	lug-000	supper	eng-000
12064	19494735	yekalina eyina emyaliro emingi	lug-000	skyscraper	eng-000
12065	19494736	yekanasa	lug-000	choosy	eng-000
12066	19494737	yemanyi	lug-000	proud	eng-000
12067	19494738	yemanyi ennyo	lug-000	pompous	eng-000
12068	19494739	yennyini	lug-000	herself	eng-000
12070	19494740	yesu	lug-000	Jesus	eng-000
12072	10166982	yi	lug-000	flat of hand	eng-000
12073	10166882	yiga	lug-000	learn	eng-000
12074	10166561	yigga	lug-000	hunt	eng-000
12076	10167297	yigiliza	lug-000	teach	eng-000
12077	10166884	yimba	lug-000	sing	eng-000
12078	10166885	yimba	lug-000	song	eng-000
12083	10166910	yingila	lug-000	come in	eng-000
12084	10166910	yingila	lug-000	go in	eng-000
12085	19494742	yingini	lug-000	engine	eng-000
12087	19494743	yinginiya	lug-000	engineer	eng-000
12089	10166449	yita	lug-000	pass	eng-000
12090	10166449	yita	lug-000	surpass	eng-000
12091	10166539	yita	lug-000	call	eng-000
12092	10166572	yizzi	lug-000	hunter	eng-000
12093	19494746	yo	lug-000	that	eng-000
12094	19494747	yo	lug-000	there	eng-000
12095	19494748	yonkayonka	lug-000	desperate	eng-000
12096	19494749	zaabu	lug-000	gold	eng-000
12099	10166709	zaala	lug-000	give birth	eng-000
12100	10167010	zaana	lug-000	female slave	eng-000
12101	10166720	zadde	lug-000	parent	eng-000
12102	19494750	zadde	lug-000	offspring	eng-000
12103	19494751	zeero	lug-000	zero	eng-000
12107	10166891	ziga	lug-000	tears	eng-000
12108	10167084	zige	lug-000	locust	eng-000
12109	10166389	ziika	lug-000	bury	eng-000
12110	19494752	ziipu	lug-000	zipper	eng-000
12112	10166733	zikiza	lug-000	darkness	eng-000
12113	10166766	zimba	lug-000	swell	eng-000
12114	10167099	zimba	lug-000	build	eng-000
12115	10166393	zimu	lug-000	spirit	eng-000
12116	10166788	zina	lug-000	dance	eng-000
12117	10166991	zinga	lug-000	island	eng-000
12118	10166596	ziro	lug-000	soot	eng-000
12119	10167194	zito	lug-000	dull	eng-000
12120	10167194	zito	lug-000	heavy	eng-000
12121	10167194	zito	lug-000	serious	eng-000
12122	10166391	ziziza	lug-000	extinguish	eng-000
12123	10166391	ziziza	lug-000	quench	eng-000
12124	10166385	zungu	lug-000	white man	eng-000
12125	10166425	zzi	lug-000	well	eng-000
12126	10166553	zzi	lug-000	water	eng-000
12127	19494753	zziga	lug-000	tear	eng-000
12128	19494754	zzike	lug-000	ape	eng-000
12129	19494755	zzirakumwa	lug-000	death	eng-000
12130	32090039	Yuro	lug-000	Euro	eng-000
12131	32090091	Faranga ey’eGini	lug-000	Guinean Syli	eng-000
12132	27856969	ekibbo	lug-000	basket	eng-000
12134	30774066	ekibbo	lug-000	handbasket	eng-000
12136	27832162	Denimaaka	lug-000	Denmark	eng-000
12140	27833087	Finilandi	lug-000	Finland	eng-000
12145	27833310	Lwakutaano	lug-000	Friday	eng-000
12147	27833454	Omuganda	lug-000	Ganda	eng-000
12148	27833455	Abaganda	lug-000	Ganda	eng-000
12149	27834891	tetugalaba	lug-000	I’m fine	eng-000
12150	27837940	Kazooba	lug-000	Monday	eng-000
12152	27837940	Bbalaza	lug-000	Monday	eng-000
12155	27840864	Lwamukaaga	lug-000	Saturday	eng-000
12158	27841792	sande	lug-000	Sunday	eng-000
12159	27841878	Swiiden	lug-000	Sweden	eng-000
12161	27842289	Lwakuna	lug-000	Thursday	eng-000
12163	27842597	Lwakubiri	lug-000	Tuesday	eng-000
12165	27843406	Lwakusatu	lug-000	Wednesday	eng-000
12167	27849769	ate	lug-000	and	eng-000
12168	27856969	ekisero	lug-000	basket	eng-000
12170	30774066	ekisero	lug-000	handbasket	eng-000
12172	27857578	enjuki	lug-000	bee	eng-000
12177	27859074	ekinyonyi	lug-000	bird	eng-000
12180	27859121	amazalibwa	lug-000	birthday	eng-000
12181	27860683	ekitabo	lug-000	book	eng-000
12184	27861868	olutindo	lug-000	bridge	eng-000
12188	27864683	kalati	lug-000	carrot	eng-000
12190	27868027	esaawa	lug-000	clock	eng-000
12193	32693137	esaawa	lug-000	watch	eng-000
12194	27868027	omulenganjuba	lug-000	clock	eng-000
12197	32693137	omulenganjuba	lug-000	watch	eng-000
12198	27868709	emwaanyi	lug-000	coffee	eng-000
12200	27871985	omulambo	lug-000	corpse	eng-000
12203	27879403	olujji	lug-000	door	eng-000
12205	27879995	okuloota	lug-000	dream	eng-000
12207	27880001	ekilooto	lug-000	dream	eng-000
12210	27881513	miga	lug-000	egg	eng-000
12211	27885530	amaka	lug-000	family	eng-000
12215	32691577	amaka	lug-000	home	eng-000
12216	27886872	olugalo	lug-000	finger	eng-000
12219	27893036	osiibe otyanno	lug-000	good day	eng-000
12220	27893060	weeraba	lug-000	goodbye	eng-000
12221	27894970	okukomerera	lug-000	hammer	eng-000
12223	27894970	ennyondo	lug-000	hammer	eng-000
12226	27897741	ntaulira	lug-000	honey badger	eng-000
12227	27898423	eh eh	lug-000	huh	eng-000
12228	27898478	obuyambi	lug-000	humanitarian	eng-000
12231	27902979	ekyuma	lug-000	ironware	eng-000
12232	30772633	ekyuma	lug-000	tool	eng-000
12234	32691922	ekyuma	lug-000	metal	eng-000
12236	27903109	ekizinga	lug-000	island	eng-000
12240	27904374	ekisumuluzo	lug-000	key	eng-000
12242	27906179	ekikoola	lug-000	leaf	eng-000
12245	27908602	omukwaano	lug-000	love	eng-000
12247	32692477	omukwaano	lug-000	romance	eng-000
12248	27909736	omusajja	lug-000	man	eng-000
12253	27912488	talatala	lug-000	mirror	eng-000
12254	28340520	talatala	lug-000	looking-glass	eng-000
12255	27913822	gambalagala	lug-000	mountain	eng-000
12256	27913862	emmese	lug-000	mouse	eng-000
12260	32692388	emmese	lug-000	rat	eng-000
12263	27924052	embizzi	lug-000	pig	eng-000
12264	28599971	embizzi	lug-000	hog	eng-000
12266	28599971	embizzi	lug-000	swine	eng-000
12270	32692278	embizzi	lug-000	pork	eng-000
12271	27924739	ekimera	lug-000	plant	eng-000
12272	28595896	ekimera	lug-000	herb	eng-000
12277	32690973	ekimera	lug-000	crop	eng-000
12278	27930595	okutonnya	lug-000	rain	eng-000
12280	27934324	omugga	lug-000	river	eng-000
12285	27939288	endiga	lug-000	sheep	eng-000
12291	27942479	nsugga	lug-000	solanum	eng-000
12292	27944036	lokelé	lug-000	spoon	eng-000
12293	27944036	lútu	lug-000	spoon	eng-000
12294	27950979	ekisambi	lug-000	thigh	eng-000
12300	27952271	erinnyo	lug-000	tooth	eng-000
12307	27959793	sabbiiti	lug-000	week	eng-000
12308	27959920	eee	lug-000	well	eng-000
12309	27959920	mmm	lug-000	well	eng-000
12312	27960728	obugazi	lug-000	width	eng-000
12313	27960735	mukyala wange	lug-000	wife	eng-000
12314	27960878	embuyaga	lug-000	wind	eng-000
12318	27960921	eddirisa	lug-000	window	eng-000
12321	28058551	Helsinki	lug-000	Helsinki	eng-000
12322	28063226	Nepal	lug-000	Nepal	eng-000
12326	32088452	Gwatemala	lug-000	Guatemala	eng-000
12329	28265080	sabbuuni	lug-000	soap	eng-000
12330	28280466	omutunzi	lug-000	tailor	eng-000
12332	32692511	omutunzi	lug-000	salesman	eng-000
12333	32692570	omutunzi	lug-000	seller	eng-000
12335	28369880	Eezia	lug-000	Asia	eng-000
12336	28369984	Bubirigi	lug-000	Belgium	eng-000
12340	28372552	Bupoolo	lug-000	Poland	eng-000
12341	32088453	Gwamu	lug-000	Guam	eng-000
12344	32088358	Emireeti	lug-000	United Arab Emirates	eng-000
12347	28414632	Bulaaya	lug-000	Europe	eng-000
12349	28416072	Jesu	lug-000	Jesus	eng-000
12355	32088454	Gini-Bisawu	lug-000	Guinea-Bissau	eng-000
12358	28510156	Berlin	lug-000	Berlin	eng-000
12359	28534168	kkumi na munaana	lug-000	eighteen	eng-000
12360	28534182	lunaana	lug-000	eight hundred	eng-000
12361	28541856	amakumi abiri	lug-000	score	eng-000
12362	28541856	amakumi abiri	lug-000	twenty	eng-000
12363	28541902	kkumi na bbiri	lug-000	twelve	eng-000
12365	28542381	kkumi na mwenda	lug-000	nineteen	eng-000
12366	28542803	lwenda	lug-000	nine hundred	eng-000
12367	28558153	omulogo	lug-000	magician	eng-000
12368	28558153	omulogo	lug-000	powwow	eng-000
12369	28558153	omulogo	lug-000	sorcerer	eng-000
12370	28558153	omulogo	lug-000	warlock	eng-000
12371	28558153	omulogo	lug-000	witch	eng-000
12372	28558153	omulogo	lug-000	wizard	eng-000
12375	32088455	Gayana	lug-000	Guyana	eng-000
12378	28594255	bikumi bitaano	lug-000	five hundred	eng-000
12379	28595896	ebimera	lug-000	herb	eng-000
12380	28595896	ebimera	lug-000	plant	eng-000
12382	28612345	amakumi asatu	lug-000	thirty	eng-000
12385	28612341	amakumi asatu mu nnya	lug-000	thirty-four	eng-000
12386	28621485	bikumi bina	lug-000	four hundred	eng-000
12387	28622076	omulubaale	lug-000	shaman	eng-000
12388	28622076	omulaguzi	lug-000	shaman	eng-000
12389	32692337	omulaguzi	lug-000	psychic	eng-000
12390	32692566	omulaguzi	lug-000	seer	eng-000
12391	28622795	kkumi na mukaaga	lug-000	sixteen	eng-000
12392	28626887	gatonnya	lug-000	January	eng-000
12393	32087716	Lu-akaani	lug-000	Akan	eng-000
12394	32087720	Lu-amhariki	lug-000	Amharic	eng-000
12395	32087724	Luwarabu	lug-000	Arabic	eng-000
12396	32087743	Lubelarusi	lug-000	Belarusian	eng-000
12397	32087747	Lubulugariya	lug-000	Bulgarian	eng-000
12398	32087755	Lubengali	lug-000	Bengali	eng-000
12399	32087786	Luceeke	lug-000	Czech	eng-000
12400	32087795	Ludaaki	lug-000	German	eng-000
12401	32087816	Lugereeki/Luyonaani	lug-000	Greek	eng-000
12402	32087818	Lungereza	lug-000	English	eng-000
12403	32087827	Lusipanya	lug-000	Spanish	eng-000
12404	32087834	Luperusi	lug-000	Persian	eng-000
12405	32087843	Lufalansa	lug-000	French	eng-000
12406	32087873	Luhawuza	lug-000	Hausa	eng-000
12407	32087877	Luhindu	lug-000	Hindi	eng-000
12408	32087885	Luhangare	lug-000	Hungarian	eng-000
12409	32087891	Luyindonezya	lug-000	Indonesian	eng-000
12410	32087893	Luyibo	lug-000	Igbo	eng-000
12411	32087900	Luyitale	lug-000	Italian	eng-000
12412	32087902	Lujapani	lug-000	Japanese	eng-000
12413	32087908	Lunnajjava	lug-000	Javanese	eng-000
12414	32087930	Lukme	lug-000	Khmer	eng-000
12415	32087933	Lukoreya	lug-000	Korean	eng-000
12416	36873994	Luganda	lug-000	Luganda	eng-000
12418	32087958	Luganda	lug-000	Ganda	eng-000
12419	32088002	Lumalayi	lug-000	Malay	eng-000
12420	32088009	Lubbama	lug-000	Burmese	eng-000
12421	32088009	Lubbama	lug-000	Myanmar Language	eng-000
12422	32088019	Lunepali	lug-000	Nepali	eng-000
12423	32088024	Luholandi	lug-000	Dutch	eng-000
12424	32088048	Lupunjabi	lug-000	Punjabi	eng-000
12425	32088057	Lupolandi	lug-000	Polish	eng-000
12426	32088061	Lupotugiizi	lug-000	Portuguese	eng-000
12427	32088071	Lulomaniya	lug-000	Romanian	eng-000
12428	32088076	Lulasa	lug-000	Russian	eng-000
12429	32088078	Lunarwanda	lug-000	Kinyarwanda	eng-000
12430	32088113	Lusomaliya	lug-000	Somali	eng-000
12431	32088124	Luswideni	lug-000	Swedish	eng-000
12432	32088128	Lutamiiru	lug-000	Tamil	eng-000
12433	32088135	Luttaayi	lug-000	Thai	eng-000
12434	32088149	Lutake	lug-000	Turkish	eng-000
12435	32088163	Luyukurayine	lug-000	Ukrainian	eng-000
12436	32088166	Lu-urudu	lug-000	Urdu	eng-000
12437	32088170	Luvyetinaamu	lug-000	Vietnamese	eng-000
12438	32088186	Luyoruba	lug-000	Yoruba	eng-000
12439	32088192	Lucayina	lug-000	Chinese	eng-000
12440	32088195	Luzzulu	lug-000	Zulu	eng-000
12441	32088357	Andora	lug-000	Andorra	eng-000
12447	32088360	Antigwa ne Barabuda	lug-000	Antigua & Barbuda	eng-000
12450	32088361	Angwila	lug-000	Anguilla	eng-000
12453	32088362	Alibaniya	lug-000	Albania	eng-000
12456	32088363	Arameniya	lug-000	Armenia	eng-000
12459	32088364	Angola	lug-000	Angola	eng-000
12462	32088366	Arigentina	lug-000	Argentina	eng-000
12465	32088367	Samowa omumerika	lug-000	American Samoa	eng-000
12474	32088370	Aruba	lug-000	Aruba	eng-000
12477	32088372	Azerebayijaani	lug-000	Azerbaijan	eng-000
12480	32088373	Boziniya Hezegovina	lug-000	Bosnia & Herzegovina	eng-000
12482	37261395	Boziniya Hezegovina	lug-000	Bosnia	eng-000
12484	32088374	Barabadosi	lug-000	Barbados	eng-000
12487	32088375	Bangaladesi	lug-000	Bangladesh	eng-000
12490	32088377	Burukina Faso	lug-000	Burkina Faso	eng-000
12493	32088378	Bulugariya	lug-000	Bulgaria	eng-000
12496	32088379	Baareeni	lug-000	Bahrain	eng-000
12499	32088380	Burundi	lug-000	Burundi	eng-000
12502	32088381	Benini	lug-000	Benin	eng-000
12505	32088383	Beremuda	lug-000	Bermuda	eng-000
12508	32088384	Burunayi	lug-000	Brunei	eng-000
12511	32088385	Boliviya	lug-000	Bolivia	eng-000
12514	32088387	Buraziiri	lug-000	Brazil	eng-000
12517	32088388	Bahamasi	lug-000	Bahamas	eng-000
12520	32088389	Butaani	lug-000	Bhutan	eng-000
12523	32088391	Botiswana	lug-000	Botswana	eng-000
12526	32088392	Belarusi	lug-000	Belarus	eng-000
12529	32088393	Belize	lug-000	Belize	eng-000
12532	32088394	Kanada	lug-000	Canada	eng-000
12535	32088396	Kongo - Zayire	lug-000	Congo (DRC)	eng-000
12536	32088396	Kongo - Zayire	lug-000	Congo - Kinshasa	eng-000
12543	32088398	Kongo	lug-000	Congo - Brazzaville	eng-000
12548	32088399	Switizirandi	lug-000	Switzerland	eng-000
12551	32088400	Kote Divwa	lug-000	Côte d’Ivoire	eng-000
12552	32088400	Kote Divwa	lug-000	Ivory Coast	eng-000
12556	32088401	Bizinga bya Kkuki	lug-000	Cook Islands	eng-000
12559	32088402	Cile	lug-000	Chile	eng-000
12562	32088403	Kameruuni	lug-000	Cameroon	eng-000
12565	32088404	Cayina	lug-000	China	eng-000
12568	32088405	Kolombya	lug-000	Colombia	eng-000
12574	32088408	Cuba	lug-000	Cuba	eng-000
12577	32088409	Bizinga by’e Kepu Veredi	lug-000	Cape Verde	eng-000
12580	32088412	Sipuriya	lug-000	Cyprus	eng-000
12586	37263158	Lipubulika ya Ceeka	lug-000	Czechia	eng-000
12587	32088416	Jjibuti	lug-000	Djibouti	eng-000
12590	32088418	Dominika	lug-000	Dominica	eng-000
12596	32088420	Aligerya	lug-000	Algeria	eng-000
12599	32088422	Ekwado	lug-000	Ecuador	eng-000
12605	32088424	Misiri	lug-000	Egypt	eng-000
12609	32088426	Eritureya	lug-000	Eritrea	eng-000
12612	32088427	Sipeyini	lug-000	Spain	eng-000
12615	32088428	Esyopya	lug-000	Ethiopia	eng-000
12618	32088431	Fiji	lug-000	Fiji	eng-000
12621	32088432	Bizinga by’eFalikalandi	lug-000	Falkland Islands	eng-000
12622	32088432	Bizinga by’eFalikalandi	lug-000	Falkland Islands (Islas Malvinas)	eng-000
12626	32088433	Mikuronezya	lug-000	Micronesia	eng-000
12629	32088435	Bufalansa	lug-000	France	eng-000
12632	32088436	Gaboni	lug-000	Gabon	eng-000
12635	32088437	Bungereza	lug-000	United Kingdom	eng-000
12636	37260946	Bungereza	lug-000	UK	eng-000
12639	32088439	Gurenada	lug-000	Grenada	eng-000
12642	32088440	Gyogya	lug-000	Georgia	eng-000
12645	32088441	Guyana enfalansa	lug-000	French Guiana	eng-000
12648	32088443	Gana	lug-000	Ghana	eng-000
12651	32088444	Giburalita	lug-000	Gibraltar	eng-000
12654	32088445	Gurenelandi	lug-000	Greenland	eng-000
12657	32088446	Gambya	lug-000	Gambia	eng-000
12660	32088447	Gini	lug-000	Guinea	eng-000
12663	32088448	Gwadalupe	lug-000	Guadeloupe	eng-000
12666	32088449	Gayana ey’oku ekweta	lug-000	Equatorial Guinea	eng-000
12669	32088450	Bugereeki/Buyonaani	lug-000	Greece	eng-000
12672	32088459	Hundurasi	lug-000	Honduras	eng-000
12675	32088460	Kurowesya	lug-000	Croatia	eng-000
12678	32088461	Hayiti	lug-000	Haiti	eng-000
12681	32088462	Hangare	lug-000	Hungary	eng-000
12684	32088464	Yindonezya	lug-000	Indonesia	eng-000
12687	32088465	Ayalandi	lug-000	Ireland	eng-000
12690	32088466	Yisirayeri	lug-000	Israel	eng-000
12696	32088470	Yiraaka	lug-000	Iraq	eng-000
12699	32088471	Yiraani	lug-000	Iran	eng-000
12702	32088472	Ayisirandi	lug-000	Iceland	eng-000
12705	32088475	Jamayika	lug-000	Jamaica	eng-000
12708	32088476	Yorodani	lug-000	Jordan	eng-000
12711	32088477	Japani	lug-000	Japan	eng-000
12714	32088478	Kenya	lug-000	Kenya	eng-000
12721	32088480	Kambodya	lug-000	Cambodia	eng-000
12724	32088481	Kiribati	lug-000	Kiribati	eng-000
12727	32088482	Bizinga by’eKomoro	lug-000	Comoros	eng-000
12733	32088484	Koreya ey’omumambuka	lug-000	North Korea	eng-000
12736	32088485	Koreya ey’omumaserengeta	lug-000	South Korea	eng-000
12739	32088486	Kuweti	lug-000	Kuwait	eng-000
12742	32088487	Bizinga ebya Kayimaani	lug-000	Cayman Islands	eng-000
12748	32088489	Lawosi	lug-000	Laos	eng-000
12751	32088490	Lebanoni	lug-000	Lebanon	eng-000
12759	32088493	Sirilanka	lug-000	Sri Lanka	eng-000
12762	32088494	Liberya	lug-000	Liberia	eng-000
12765	32088495	Lesoso	lug-000	Lesotho	eng-000
12768	32088496	Lisuwenya	lug-000	Lithuania	eng-000
12771	32088497	Lukisembaaga	lug-000	Luxembourg	eng-000
12774	32088498	Lativya	lug-000	Latvia	eng-000
12777	32088499	Libya	lug-000	Libya	eng-000
12780	32088500	Moroko	lug-000	Morocco	eng-000
12783	32088501	Monako	lug-000	Monaco	eng-000
12786	32088502	Molodova	lug-000	Moldova	eng-000
12789	32088505	Madagasika	lug-000	Madagascar	eng-000
12792	32088506	Bizinga bya Mariso	lug-000	Marshall Islands	eng-000
12795	32088507	Masedoniya	lug-000	Macedonia	eng-000
12796	32088507	Masedoniya	lug-000	Macedonia (FYROM)	eng-000
12800	32088508	Mali	lug-000	Mali	eng-000
12803	32088509	Myanima	lug-000	Myanmar (Burma)	eng-000
12804	37261112	Myanima	lug-000	Myanmar	eng-000
12807	32088510	Mongoliya	lug-000	Mongolia	eng-000
12810	32088513	Bizinga bya Mariyana eby’omumambuka	lug-000	Northern Mariana Islands	eng-000
12813	32088514	Maritiniiki	lug-000	Martinique	eng-000
12816	32088515	Mawulitenya	lug-000	Mauritania	eng-000
12819	32088516	Monteseraati	lug-000	Montserrat	eng-000
12822	32088517	Malita	lug-000	Malta	eng-000
12825	32088518	Mawulisyasi	lug-000	Mauritius	eng-000
12828	32088519	Bizinga by’eMalidive	lug-000	Maldives	eng-000
12831	32088520	Malawi	lug-000	Malawi	eng-000
12834	32088521	Mekisiko	lug-000	Mexico	eng-000
12837	32088522	Malezya	lug-000	Malaysia	eng-000
12840	32088523	Mozambiiki	lug-000	Mozambique	eng-000
12843	32088524	Namibiya	lug-000	Namibia	eng-000
12846	32088525	Kaledonya mupya	lug-000	New Caledonia	eng-000
12849	32088526	Nije	lug-000	Niger	eng-000
12852	32088527	Kizinga ky’eNorofoko	lug-000	Norfolk Island	eng-000
12855	32088528	Nayijerya	lug-000	Nigeria	eng-000
12858	32088529	Nikaraguwa	lug-000	Nicaragua	eng-000
12861	32088530	Holandi	lug-000	Netherlands	eng-000
12864	32088531	Nowe	lug-000	Norway	eng-000
12867	32088532	Nepalo	lug-000	Nepal	eng-000
12870	32088533	Nawuru	lug-000	Nauru	eng-000
12873	32088534	Niyuwe	lug-000	Niue	eng-000
12876	32088535	Niyuziirandi	lug-000	New Zealand	eng-000
12879	32088536	Omaani	lug-000	Oman	eng-000
12882	32088537	Panama	lug-000	Panama	eng-000
12885	32088538	Peru	lug-000	Peru	eng-000
12888	32088539	Polinesiya enfalansa	lug-000	French Polynesia	eng-000
12894	32088541	Bizinga bya Firipino	lug-000	Philippines	eng-000
12900	32088543	Polandi	lug-000	Poland	eng-000
12906	32088545	Pitikeeni	lug-000	Pitcairn Islands	eng-000
12909	32088546	Potoriko	lug-000	Puerto Rico	eng-000
12916	32088549	Potugaali	lug-000	Portugal	eng-000
12919	32088550	Palawu	lug-000	Palau	eng-000
12922	32088551	Paragwayi	lug-000	Paraguay	eng-000
12925	32088552	Kataa	lug-000	Qatar	eng-000
12928	32088554	Leyunyoni	lug-000	Réunion	eng-000
12931	32088555	Lomaniya	lug-000	Romania	eng-000
12934	32088557	Lasa	lug-000	Russia	eng-000
12937	32088558	Rwanda	lug-000	Rwanda	eng-000
12943	32088560	Bizanga by’eSolomooni	lug-000	Solomon Islands	eng-000
12946	32088561	Sesere	lug-000	Seychelles	eng-000
12949	32088562	Sudaani	lug-000	Sudan	eng-000
12952	32088563	Swideni	lug-000	Sweden	eng-000
12955	32088564	Singapowa	lug-000	Singapore	eng-000
12961	32088566	Sirovenya	lug-000	Slovenia	eng-000
12964	32088568	Sirovakya	lug-000	Slovakia	eng-000
12967	32088569	Siyeralewone	lug-000	Sierra Leone	eng-000
12970	32088570	Sanimarino	lug-000	San Marino	eng-000
12973	32088571	Senegaalo	lug-000	Senegal	eng-000
12976	32088572	Somaliya	lug-000	Somalia	eng-000
12979	32088573	Surinaamu	lug-000	Suriname	eng-000
12982	32088575	Sanitome ne Purincipe	lug-000	São Tomé & Príncipe	eng-000
12985	32088576	El salivado	lug-000	El Salvador	eng-000
12988	32088578	Siriya	lug-000	Syria	eng-000
12991	32088579	Swazirandi	lug-000	Swaziland	eng-000
12994	32088581	Bizinga by’eTaaka ne Kayikosi	lug-000	Turks & Caicos Islands	eng-000
12997	32088582	Caadi	lug-000	Chad	eng-000
13000	32088585	Tayirandi	lug-000	Thailand	eng-000
13006	32088587	Tokelawu	lug-000	Tokelau	eng-000
13012	32088590	Tunisya	lug-000	Tunisia	eng-000
13014	32088591	Tonga	lug-000	Tonga	eng-000
13017	32088592	Ttake	lug-000	Turkey	eng-000
13020	32088593	Turindaadi ne Tobago	lug-000	Trinidad & Tobago	eng-000
13023	32088594	Tuvalu	lug-000	Tuvalu	eng-000
13026	32088596	Tanzaniya	lug-000	Tanzania	eng-000
13029	32088597	Yukurayine	lug-000	Ukraine	eng-000
13031	32088598	Yuganda	lug-000	Uganda	eng-000
13034	30766149	Amerika	lug-000	America	eng-000
13035	30766149	Amerika	lug-000	Americas	eng-000
13039	37261494	Amerika	lug-000	US	eng-000
13041	32088602	Wurugwayi	lug-000	Uruguay	eng-000
13047	32088604	Vatikaani	lug-000	Vatican City	eng-000
13053	32088606	Venzwera	lug-000	Venezuela	eng-000
13055	32088607	Bizinga ebya Virigini ebitwalibwa Bungereza	lug-000	British Virgin Islands	eng-000
13058	32088608	Bizinga bya Virigini eby’Amerika	lug-000	U.S. Virgin Islands	eng-000
13061	32088609	Vyetinaamu	lug-000	Vietnam	eng-000
13064	32088610	Vanawuwatu	lug-000	Vanuatu	eng-000
13067	32088611	Walisi ne Futuna	lug-000	Wallis & Futuna	eng-000
13070	32088612	Samowa	lug-000	Samoa	eng-000
13073	32088614	Yemeni	lug-000	Yemen	eng-000
13076	32088615	Mayotte	lug-000	Mayotte	eng-000
13079	32088616	Sawusafirika	lug-000	South Africa	eng-000
13082	32088617	Zambya	lug-000	Zambia	eng-000
13088	32088692	“	lug-000	“	eng-000
13089	32088693	”	lug-000	”	eng-000
13090	32088694	‘	lug-000	‘	eng-000
13091	32088695	’	lug-000	’	eng-000
13092	32088696	Jan	lug-000	Jan	eng-000
13094	32088697	Feb	lug-000	Feb	eng-000
13096	32088698	Mar	lug-000	Mar	eng-000
13098	32088699	Apu	lug-000	Apr	eng-000
13100	32088700	Maa	lug-000	May	eng-000
13102	32088701	Juu	lug-000	Jun	eng-000
13104	32088702	Jul	lug-000	Jul	eng-000
13106	32088703	Agu	lug-000	Aug	eng-000
13108	32088704	Seb	lug-000	Sep	eng-000
13110	32088705	Oki	lug-000	Oct	eng-000
13112	32088706	Nov	lug-000	Nov	eng-000
13114	32088707	Des	lug-000	Dec	eng-000
13116	32088720	Janwaliyo	lug-000	January	eng-000
13117	32088721	Febwaliyo	lug-000	February	eng-000
13118	32088722	Marisi	lug-000	March	eng-000
13119	30775089	Apuli	lug-000	April	eng-000
13122	32088724	Maayi	lug-000	May	eng-000
13123	32088725	Juuni	lug-000	June	eng-000
13124	32088726	Julaayi	lug-000	July	eng-000
13125	32088727	Agusito	lug-000	August	eng-000
13126	32088729	Okitobba	lug-000	October	eng-000
13128	32088728	Sebuttemba	lug-000	September	eng-000
13129	32088731	Desemba	lug-000	December	eng-000
13130	32088744	J	lug-000	J	eng-000
13136	32088745	F	lug-000	F	eng-000
13138	32088746	M	lug-000	M	eng-000
13142	32088747	A	lug-000	A	eng-000
13146	32088752	S	lug-000	S	eng-000
13150	32088753	O	lug-000	O	eng-000
13152	32088754	N	lug-000	N	eng-000
13154	32088755	D	lug-000	D	eng-000
13156	32088768	Sab	lug-000	Sun	eng-000
13158	32088769	Bal	lug-000	Mon	eng-000
13160	32088770	Lw2	lug-000	Tue	eng-000
13162	32088771	Lw3	lug-000	Wed	eng-000
13164	32088772	Lw4	lug-000	Thu	eng-000
13166	32088773	Lw5	lug-000	Fri	eng-000
13168	32088774	Lw6	lug-000	Sat	eng-000
13170	32088789	Sabbiiti	lug-000	Sunday	eng-000
13171	32088918	Sabbiiti	lug-000	week	eng-000
13172	32088790	Balaza	lug-000	Monday	eng-000
13173	32088804	B	lug-000	M	eng-000
13175	32088805	L	lug-000	T	eng-000
13177	32088806	L	lug-000	W	eng-000
13181	32088808	L	lug-000	F	eng-000
13183	32088809	L	lug-000	S	eng-000
13185	32088824	Kya1	lug-000	Q1	eng-000
13186	32088826	Kya3	lug-000	Q3	eng-000
13187	32088825	Kya2	lug-000	Q2	eng-000
13188	32088827	Kya4	lug-000	Q4	eng-000
13190	32088833	Kyakuna 2	lug-000	2nd quarter	eng-000
13191	32088834	Kyakuna 3	lug-000	3rd quarter	eng-000
13192	32088835	Kyakuna 4	lug-000	4th quarter	eng-000
13193	32088898	Kulisito nga tannaza	lug-000	Before Christ	eng-000
13194	32088898	Kulisito nga tannaza	lug-000	Before Common Era	eng-000
13195	32088899	Bukya Kulisito Azaal	lug-000	Anno Domini	eng-000
13196	32088899	Bukya Kulisito Azaal	lug-000	Common Era	eng-000
13197	32088900	BC	lug-000	BC	eng-000
13198	32088900	BC	lug-000	BCE	eng-000
13199	32088901	AD	lug-000	AD	eng-000
13200	32088901	AD	lug-000	CE	eng-000
13201	32088902	Mulembe	lug-000	era	eng-000
13202	32088903	Mwaka	lug-000	year	eng-000
13203	32088912	Mwezi	lug-000	month	eng-000
13204	32088924	Lunaku	lug-000	day	eng-000
13206	32088926	Lwaleero	lug-000	today	eng-000
13207	32088927	Nkya	lug-000	tomorrow	eng-000
13208	32088930	Lunaku lw’omu sabbiiti	lug-000	day of the week	eng-000
13213	32088995	Saawa	lug-000	hour	eng-000
13214	32088998	Dakiika	lug-000	minute	eng-000
13215	32089001	Kasikonda	lug-000	second	eng-000
13216	32089005	Ssaawa za:	lug-000	time zone	eng-000
13217	19491760	ki kati?	lug-000	hi	eng-000
13218	10166369	kukaaba	lug-000	cry	eng-000
13219	10166369	kukaaba	lug-000	wail	eng-000
13221	19492373	kukaaba	lug-000	weep	eng-000
13222	19493355	kyʼembagirawo	lug-000	sudden	eng-000
13224	19494233	nedda	lug-000	no	eng-000
13226	10166411	saba	lug-000	ask for	eng-000
13227	10166267	ti	lug-000	coward	eng-000
13228	10166727	ti	lug-000	haft	eng-000
13229	10166727	ti	lug-000	handle	eng-000
13230	10166801	ti	lug-000	tree	eng-000
13231	32088595	Tayiwani	lug-000	Taiwan	eng-000
13234	32089741	Diraamu eya Emireeti	lug-000	United Arab Emirates Dirham	eng-000
13235	32089767	Kwanza ey’Angola	lug-000	Angolan Kwanza	eng-000
13237	32089844	Dinaali ey’eBaareeni	lug-000	Bahraini Dinar	eng-000
13238	32089848	Faranga ey’eburundi	lug-000	Burundian Franc	eng-000
13239	32089904	Pula ey’eBotiswana	lug-000	Botswanan Pula	eng-000
13241	32089926	Faranga ey’eKongo	lug-000	Congolese Franc	eng-000
13242	32089933	Faranga ey’eSwitizirandi	lug-000	Swiss Franc	eng-000
13243	32089945	Yuwani Reniminibi ey’eCayina	lug-000	Chinese Yuan	eng-000
13244	32089975	Esikudo ey’Keepu Veredi	lug-000	Cape Verdean Escudo	eng-000
13245	32089993	Faranga ey’eJjibuti	lug-000	Djiboutian Franc	eng-000
13246	32090007	Dinaali ey’Aligerya	lug-000	Algerian Dinar	eng-000
13248	32090022	Nakifa ey’Eritureya	lug-000	Eritrean Nakfa	eng-000
13249	32090035	Biiru ey’Esyopya	lug-000	Ethiopian Birr	eng-000
13254	32090071	Sedi ey’eGana	lug-000	Ghanaian Cedi (1979–2007)	eng-000
13255	32090083	Dalasi ey’eGambya	lug-000	Gambian Dalasi	eng-000
13256	32090159	Rupiya ey’eBuyindi	lug-000	Indian Rupee	eng-000
13257	32090191	Yeni ey’eJapani	lug-000	Japanese Yen	eng-000
13259	32090209	Faranga ey’eKomoro	lug-000	Comorian Franc	eng-000
13261	32090255	Loti ey’eLesoso	lug-000	Lesotho Loti	eng-000
13262	32090281	Dinaali ey’eLibya	lug-000	Libyan Dinar	eng-000
13263	32090285	Diraamu ey’eMoroko	lug-000	Moroccan Dirham	eng-000
13264	32090296	Faranga ey’eMalagase	lug-000	Malagasy Ariary	eng-000
13265	32090326	Wugwiya ey’eMawritenya	lug-000	Mauritanian Ouguiya	eng-000
13266	32090333	Rupiya ey’eMawurisyasi	lug-000	Mauritian Rupee	eng-000
13267	32090341	Kwaca ey’eMalawi	lug-000	Malawian Kwacha	eng-000
13268	32090360	Metikaali ey’eMozambiiki	lug-000	Mozambican Metical (1980–2006)	eng-000
13270	32090372	Nayira ey’eNayijerya	lug-000	Nigerian Naira	eng-000
13271	32090473	Faranga ey’eRwanda	lug-000	Rwandan Franc	eng-000
13273	32090486	Rupiya ey’eSesere	lug-000	Seychellois Rupee	eng-000
13276	32090514	Lewone	lug-000	Sierra Leonean Leone	eng-000
13278	32090532	Dobura ey’eSantome ne Purincipe	lug-000	São Tomé & Príncipe Dobra	eng-000
13279	32090547	Lilangeni	lug-000	Swazi Lilangeni	eng-000
13280	32090569	Dinaali ey’eTunizya	lug-000	Tunisian Dinar	eng-000
13285	32090666	Faranga ey’omu Afirika eya wakati	lug-000	Central African CFA Franc	eng-000
13287	32090722	Randi ey’eSawusafirika	lug-000	South African Rand	eng-000
13288	32090726	Kwaca ey’eZambya (1968–2012)	lug-000	Zambian Kwacha (1968–2012)	eng-000
13289	32090729	Kwaca ey’eZambya	lug-000	Zambian Kwacha	eng-000
