language,morpheme_segment,raw_count,relative_frequency_pct,frequency_rank,proposed_leipzig_gloss
chiga,-a,7616,20.517,1,
chiga,-e,2240,6.034,2,
chiga,-i,1984,5.345,3,
chiga,-u,736,1.983,4,
chiga,-we,576,1.552,5,
chiga,omuntu,352,0.948,6,
chiga,nib-,288,0.776,7,
chiga,-o,288,0.776,8,
chiga,omu-,288,0.776,9,
chiga,omw-,224,0.603,10,
chiga,ka-,224,0.603,11,
chiga,ar-,224,0.603,12,
chiga,-ar,224,0.603,13,
chiga,-ya,192,0.517,14,
chiga,enj-,192,0.517,15,
chiga,ni-,192,0.517,16,
chiga,mu-,160,0.431,17,
chiga,naba,160,0.431,18,
chiga,aka-,160,0.431,19,
chiga,wa-,160,0.431,20,
chiga,aha,128,0.345,21,
chiga,ente,128,0.345,22,
chiga,ny-,128,0.345,23,
chiga,-za,128,0.345,24,
chiga,ku-,128,0.345,25,
chiga,an-,128,0.345,26,
chiga,-an,128,0.345,27,
chiga,-ka,128,0.345,28,
chiga,-zi,128,0.345,29,
chiga,ba-,96,0.259,30,
chiga,-iro,96,0.259,31,
chiga,ngu,96,0.259,32,
chiga,hand-,96,0.259,33,
chiga,-hand,96,0.259,34,
chiga,zar-,96,0.259,35,
chiga,-zar,96,0.259,36,
chiga,in-,96,0.259,37,
chiga,-in,96,0.259,38,
chiga,ab-,96,0.259,39,
chiga,-ab,96,0.259,40,
chiga,ir-,96,0.259,41,
chiga,-ir,96,0.259,42,
chiga,muntu,96,0.259,43,
chiga,omuk-,96,0.259,44,
chiga,na-,96,0.259,45,
chiga,tashemereir-,96,0.259,46,
chiga,oku-,96,0.259,47,
chiga,kor-,96,0.259,48,
chiga,-kor,96,0.259,49,
chiga,end-,96,0.259,50,
chiga,-end,96,0.259,51,
chiga,nabanz-,96,0.259,52,
chiga,kur-,96,0.259,53,
chiga,omut-,96,0.259,54,
chiga,wobusingy-,96,0.259,55,
chiga,nibabas-,64,0.172,56,
chiga,omur-,64,0.172,57,
chiga,wekitinis-,64,0.172,58,
chiga,kwakushish-,64,0.172,59,
chiga,omwo-,64,0.172,60,
chiga,agir-,64,0.172,61,
chiga,-agir,64,0.172,62,
chiga,abagubiir-,64,0.172,63,
chiga,bagushish-,64,0.172,64,
chiga,omumwany-,64,0.172,65,
chiga,ebir-,64,0.172,66,
chiga,ekabuzabuz-,64,0.172,67,
chiga,empis-,64,0.172,68,
chiga,omug-,64,0.172,69,
chiga,wayeyerer-,64,0.172,70,
chiga,ya-,64,0.172,71,
chiga,otakagyir-,64,0.172,72,
chiga,kugamb-,64,0.172,73,
chiga,eyaband-,64,0.172,74,
chiga,okweteyerir-,64,0.172,75,
chiga,yin-,64,0.172,76,
chiga,-yin,64,0.172,77,
chiga,aba-,64,0.172,78,
chiga,-ana,64,0.172,79,
chiga,nam-,64,0.172,80,
chiga,ekir-,64,0.172,81,
chiga,ekurebw-,64,0.172,82,
chiga,ne-,64,0.172,83,
chiga,akachwamutw-,64,0.172,84,
chiga,kurebw-,64,0.172,85,
chiga,-kurebw,64,0.172,86,
chiga,-ye,64,0.172,87,
chiga,-wa,64,0.172,88,
chiga,by-,64,0.172,89,
chiga,ing-,64,0.172,90,
chiga,-ing,64,0.172,91,
chiga,bi-,64,0.172,92,
chiga,mun-,64,0.172,93,
chiga,ong-,64,0.172,94,
chiga,-ong,64,0.172,95,
chiga,sh-,64,0.172,96,
chiga,-sh,64,0.172,97,
chiga,um-,64,0.172,98,
chiga,-um,64,0.172,99,
chiga,ekyitinis-,64,0.172,100,
chiga,atakukyih-,64,0.172,101,
chiga,nanyin-,64,0.172,102,
chiga,wondijo,64,0.172,103,
chiga,ahakuz-,64,0.172,104,
chiga,takaruh-,64,0.172,105,
chiga,ogukwer-,64,0.172,106,
chiga,ebijum-,64,0.172,107,
chiga,nigw-,64,0.172,108,
chiga,gukurekyerwaho,64,0.172,109,
chiga,amabar-,64,0.172,110,
chiga,omundijo,64,0.172,111,
chiga,nibamushuk-,64,0.172,112,
chiga,ebyiz-,64,0.172,113,
chiga,bigubir-,64,0.172,114,
chiga,sing-,64,0.172,115,
chiga,-sing,64,0.172,116,
chiga,nak-,64,0.172,117,
chiga,-wo,64,0.172,118,
chiga,okw-,64,0.172,119,
chiga,oruh-,64,0.172,120,
chiga,nabas-,64,0.172,121,
chiga,kw-,64,0.172,122,
chiga,ayin-,64,0.172,123,
chiga,namaririz-,64,0.172,124,
chiga,ari-,64,0.172,125,
chiga,owaman-,64,0.172,126,
chiga,kwat-,64,0.172,127,
chiga,-kwat,64,0.172,128,
chiga,enyung-,64,0.172,129,
chiga,burugo,64,0.172,130,
chiga,arikurug-,64,0.172,131,
chiga,rung-,64,0.172,132,
chiga,-rung,64,0.172,133,
chiga,gumwe,64,0.172,134,
chiga,tigukagw-,64,0.172,135,
chiga,ha-,64,0.172,136,
chiga,nekit-,64,0.172,137,
chiga,kyagw-,64,0.172,138,
chiga,abashum-,32,0.086,139,
chiga,ib-,32,0.086,140,
chiga,-ib,32,0.086,141,
chiga,hik-,32,0.086,142,
chiga,-hik,32,0.086,143,
chiga,nokwib-,32,0.086,144,
chiga,ahubakurir-,32,0.086,145,
chiga,abariho,32,0.086,146,
chiga,babarw-,32,0.086,147,
chiga,abanyabwengy-,32,0.086,148,
chiga,babiri,32,0.086,149,
chiga,kwotsy-,32,0.086,150,
chiga,eshohor-,32,0.086,151,
chiga,ahariho,32,0.086,152,
chiga,-ika,32,0.086,153,
chiga,tihakaburaho,32,0.086,154,
chiga,abaf-,32,0.086,155,
chiga,bonk-,32,0.086,156,
chiga,bakusingw-,32,0.086,157,
chiga,omurinyaruj-,32,0.086,158,
chiga,yamatek-,32,0.086,159,
chiga,akenyanj-,32,0.086,160,
chiga,ch-,32,0.086,161,
chiga,-ch,32,0.086,162,
chiga,tikakahabur-,32,0.086,163,
chiga,ekyenyanj-,32,0.086,164,
chiga,ekyihango,32,0.086,165,
chiga,amunt-,32,0.086,166,
chiga,ashabahebw-,32,0.086,167,
chiga,akukwang-,32,0.086,168,
chiga,nakutek-,32,0.086,169,
chiga,ogurikusingaho,32,0.086,170,
chiga,noguwab-,32,0.086,171,
chiga,oriim-,32,0.086,172,
chiga,amihand-,32,0.086,173,
chiga,burimunt-,32,0.086,174,
chiga,nayegur-,32,0.086,175,
chiga,amb-,32,0.086,176,
chiga,-amb,32,0.086,177,
chiga,gwe,32,0.086,178,
chiga,banza,32,0.086,179,
chiga,emihand-,32,0.086,180,
chiga,enshob-,32,0.086,181,
chiga,yomwan-,32,0.086,182,
chiga,nibagivunan-,32,0.086,183,
chiga,we-,32,0.086,184,
chiga,emb-,32,0.086,185,
chiga,tekumok-,32,0.086,186,
chiga,ekarum-,32,0.086,187,
chiga,eshagam-,32,0.086,188,
chiga,nekir-,32,0.086,189,
chiga,ama-,32,0.086,190,
chiga,iz-,32,0.086,191,
chiga,-iz,32,0.086,192,
chiga,ebisero,32,0.086,193,
chiga,ebikukwat-,32,0.086,194,
chiga,ebyenyanj-,32,0.086,195,
chiga,-ri,32,0.086,196,
chiga,omumiz-,32,0.086,197,
chiga,tibikakuzibir-,32,0.086,198,
chiga,kwibik-,32,0.086,199,
chiga,ekis-,32,0.086,200,
chiga,-ero,32,0.086,201,
chiga,ekyaw-,32,0.086,202,
chiga,ekyibakuguriz-,32,0.086,203,
chiga,kukyikwak-,32,0.086,204,
chiga,kandi,32,0.086,205,
chiga,okyakyend-,32,0.086,206,
chiga,engyesho,32,0.086,207,
chiga,nungy-,32,0.086,208,
chiga,zomutaban-,32,0.086,209,
chiga,nizihis-,32,0.086,210,
chiga,ish-,32,0.086,211,
chiga,ekitinis-,32,0.086,212,
chiga,ebint-,32,0.086,213,
chiga,byokubanz-,32,0.086,214,
chiga,-yo,32,0.086,215,
chiga,byomugasho,32,0.086,216,
chiga,ebifer-,32,0.086,217,
chiga,nibitur-,32,0.086,218,
chiga,okumar-,32,0.086,219,
chiga,obw-,32,0.086,220,
chiga,bw-,32,0.086,221,
chiga,hak-,32,0.086,222,
chiga,arikur-,32,0.086,223,
chiga,kusingaho,32,0.086,224,
chiga,kaku-,32,0.086,225,
chiga,-ha,32,0.086,226,
chiga,katakahikyire,32,0.086,227,
chiga,kurinamanyir-,32,0.086,228,
chiga,eija,32,0.086,229,
chiga,bwanyim-,32,0.086,230,
chiga,kimut-,32,0.086,231,
chiga,mikurug-,32,0.086,232,
chiga,nimutahiwaw-,32,0.086,233,
chiga,arikubas-,32,0.086,234,
chiga,kukwagur-,32,0.086,235,
chiga,-ongo,32,0.086,236,
chiga,nikirung-,32,0.086,237,
chiga,kutandiik-,32,0.086,238,
chiga,nobworo,32,0.086,239,
chiga,okutandik-,32,0.086,240,
chiga,nobugig-,32,0.086,241,
chiga,nomurung-,32,0.086,242,
chiga,timurung-,32,0.086,243,
chiga,hatariho,32,0.086,244,
chiga,nkojo,32,0.086,245,
chiga,mbi,32,0.086,246,
chiga,nomany-,32,0.086,247,
chiga,-ze,32,0.086,248,
chiga,komunt-,32,0.086,249,
chiga,omubwir-,32,0.086,250,
chiga,bwenjar-,32,0.086,251,
chiga,otaribar-,32,0.086,252,
chiga,enkojo,32,0.086,253,
chiga,zaa-,32,0.086,254,
chiga,otakafiir-,32,0.086,255,
chiga,ur-,32,0.086,256,
chiga,-ur,32,0.086,257,
chiga,omumuringo,32,0.086,258,
chiga,gubamukuzam-,32,0.086,259,
chiga,owokury-,32,0.086,260,
chiga,-awe,32,0.086,261,
chiga,arikukwit-,32,0.086,262,
chiga,yomb-,32,0.086,263,
chiga,-yomb,32,0.086,264,
chiga,kuba,32,0.086,265,
chiga,-oko,32,0.086,266,
chiga,okurinz-,32,0.086,267,
chiga,ok-,32,0.086,268,
chiga,nikugaruk-,32,0.086,269,
chiga,kumurind-,32,0.086,270,
chiga,ayigus-,32,0.086,271,
chiga,takatecher-,32,0.086,272,
chiga,abiin-,32,0.086,273,
chiga,okuririr-,32,0.086,274,
chiga,ekyey-,32,0.086,275,
chiga,tibakamutang-,32,0.086,276,
chiga,kwombek-,32,0.086,277,
chiga,entsy-,32,0.086,278,
chiga,yasheny-,32,0.086,279,
chiga,en-,32,0.086,280,
chiga,-kur,32,0.086,281,
chiga,kuziin-,32,0.086,282,
chiga,yat-,32,0.086,283,
chiga,-era,32,0.086,284,
chiga,engom-,32,0.086,285,
chiga,wenja-,32,0.086,286,
chiga,tibakamusindiik-,32,0.086,287,
chiga,omukitar-,32,0.086,288,
chiga,oyin-,32,0.086,289,
chiga,oyanz-,32,0.086,290,
chiga,owayesigyir-,32,0.086,291,
chiga,obugig-,32,0.086,292,
chiga,bwamukuruwey-,32,0.086,293,
chiga,-fa,32,0.086,294,
chiga,obworo,32,0.086,295,
chiga,yakwetegyerez-,32,0.086,296,
chiga,atakakwetsir-,32,0.086,297,
chiga,kumutayayir-,32,0.086,298,
chiga,arikukukyir-,32,0.086,299,
chiga,aryagum-,32,0.086,300,
chiga,kukyir-,32,0.086,301,
chiga,-kukyir,32,0.086,302,
chiga,akwegur-,32,0.086,303,
chiga,rwe-,32,0.086,304,
chiga,takabur-,32,0.086,305,
chiga,ahokubyam-,32,0.086,306,
chiga,okunya,32,0.086,307,
chiga,kurahuk-,32,0.086,308,
chiga,ebw-,32,0.086,309,
chiga,-ebw,32,0.086,310,
chiga,kwonk-,32,0.086,311,
chiga,okuribaat-,32,0.086,312,
chiga,omumaz-,32,0.086,313,
chiga,we,32,0.086,314,
chiga,takayebw-,32,0.086,315,
chiga,atari,32,0.086,316,
chiga,-aro,32,0.086,317,
chiga,nobas-,32,0.086,318,
chiga,kugyir-,32,0.086,319,
chiga,emichw-,32,0.086,320,
chiga,mirung-,32,0.086,321,
chiga,okurim-,32,0.086,322,
chiga,eky-,32,0.086,323,
chiga,-ina,32,0.086,324,
chiga,akyirim-,32,0.086,325,
chiga,okurekyer-,32,0.086,326,
chiga,amatungo,32,0.086,327,
chiga,ge,32,0.086,328,
chiga,ondijo,32,0.086,329,
chiga,nabar-,32,0.086,330,
chiga,emp-,32,0.086,331,
chiga,zaago,32,0.086,332,
chiga,otakahikyir-,32,0.086,333,
chiga,okubuz-,32,0.086,334,
chiga,tibushem-,32,0.086,335,
chiga,otakuh-,32,0.086,336,
chiga,okukuris-,32,0.086,337,
chiga,nakutegyek-,32,0.086,338,
chiga,najum-,32,0.086,339,
chiga,mama,32,0.086,340,
chiga,oriho,32,0.086,341,
chiga,aho,32,0.086,342,
chiga,okukuraganis-,32,0.086,343,
chiga,ekyihuro,32,0.086,344,
chiga,kyihango,32,0.086,345,
chiga,kukwis-,32,0.086,346,
chiga,okukurabur-,32,0.086,347,
chiga,akab-,32,0.086,348,
chiga,arimunywan-,32,0.086,349,
chiga,okwitw-,32,0.086,350,
chiga,omwiguto,32,0.086,351,
chiga,takugarukyir-,32,0.086,352,
chiga,abasigar-,32,0.086,353,
chiga,eny-,32,0.086,354,
chiga,im-,32,0.086,355,
chiga,-im,32,0.086,356,
chiga,omuchez-,32,0.086,357,
chiga,takagaruk-,32,0.086,358,
chiga,nengaro,32,0.086,359,
chiga,nsh-,32,0.086,360,
chiga,ayamar-,32,0.086,361,
chiga,yibakutekyeram-,32,0.086,362,
chiga,omusheij-,32,0.086,363,
chiga,arikutung-,32,0.086,364,
chiga,emwe,32,0.086,365,
chiga,arikugyir-,32,0.086,366,
chiga,nti,32,0.086,367,
chiga,nayij-,32,0.086,368,
chiga,kutung-,32,0.086,369,
chiga,eisyo,32,0.086,370,
chiga,rihango,32,0.086,371,
chiga,ryent-,32,0.086,372,
chiga,nyingy-,32,0.086,373,
chiga,takarizibw-,32,0.086,374,
chiga,bu-,32,0.086,375,
chiga,-sha,32,0.086,376,
chiga,bwebint-,32,0.086,377,
chiga,ebirung-,32,0.086,378,
chiga,omuzengyerez-,32,0.086,379,
chiga,nigukurir-,32,0.086,380,
chiga,omum-,32,0.086,381,
chiga,it-,32,0.086,382,
chiga,-it,32,0.086,383,
chiga,endijo,32,0.086,384,
chiga,niguterezibw-,32,0.086,385,
chiga,gw-,32,0.086,386,
chiga,gukyir-,32,0.086,387,
chiga,mut-,32,0.086,388,
chiga,omutumw-,32,0.086,389,
chiga,kuribw-,32,0.086,390,
chiga,ta-,32,0.086,391,
chiga,makumyan-,32,0.086,392,
chiga,omun-,32,0.086,393,
chiga,nigu-,32,0.086,394,
chiga,kukuyamb-,32,0.086,395,
chiga,nomugab-,32,0.086,396,
chiga,omurog-,32,0.086,397,
chiga,narog-,32,0.086,398,
chiga,erikumuh-,32,0.086,399,
chiga,amat-,32,0.086,400,
chiga,nigwotsy-,32,0.086,401,
chiga,arikuguhemb-,32,0.086,402,
chiga,omuzey-,32,0.086,403,
chiga,wemichw-,32,0.086,404,
chiga,mib-,32,0.086,405,
chiga,baba,32,0.086,406,
chiga,nibary-,32,0.086,407,
chiga,-kono,32,0.086,408,
chiga,tigukachiriz-,32,0.086,409,
chiga,yamiz-,32,0.086,410,
chiga,gukagit-,32,0.086,411,
chiga,ahamutw-,32,0.086,412,
chiga,ahamushij-,32,0.086,413,
chiga,ahandijo,32,0.086,414,
chiga,atin-,32,0.086,415,
chiga,mic-,32,0.086,416,
chiga,kum-,32,0.086,417,
chiga,-kum,32,0.086,418,
chiga,iw-,32,0.086,419,
chiga,-iw,32,0.086,420,
chiga,omushango,32,0.086,421,
chiga,omuteguz-,32,0.086,422,
chiga,webint-,32,0.086,423,
chiga,akumaririz-,32,0.086,424,
chiga,nar-,32,0.086,425,
chiga,amaguf-,32,0.086,426,
chiga,omutaban-,32,0.086,427,
chiga,nabonabon-,32,0.086,428,
chiga,ahabwebib-,32,0.086,429,
chiga,byishew-,32,0.086,430,
chiga,mukoz-,32,0.086,431,
chiga,omukayey-,32,0.086,432,
chiga,orikusingayo,32,0.086,433,
chiga,akubanz-,32,0.086,434,
chiga,kun-,32,0.086,435,
chiga,engaaro,32,0.086,436,
chiga,ze,32,0.086,437,
chiga,otakayorek-,32,0.086,438,
chiga,omushaho,32,0.086,439,
chiga,mugyenz-,32,0.086,440,
chiga,oburugo,32,0.086,441,
chiga,bwomubaz-,32,0.086,442,
chiga,gwa-,32,0.086,443,
chiga,muherez-,32,0.086,444,
chiga,omubaz-,32,0.086,445,
chiga,gumazir-,32,0.086,446,
chiga,okujungw-,32,0.086,447,
chiga,omutayayirw-,32,0.086,448,
chiga,nagober-,32,0.086,449,
chiga,musheng-,32,0.086,450,
chiga,gwomugyeny-,32,0.086,451,
chiga,otakater-,32,0.086,452,
chiga,ahabwokuremw-,32,0.086,453,
chiga,kutayayis-,32,0.086,454,
chiga,omugyeny-,32,0.086,455,
chiga,atakakutayayisag-,32,0.086,456,
chiga,otakayehutzy-,32,0.086,457,
chiga,okuhaburw-,32,0.086,458,
chiga,kwomwan-,32,0.086,459,
chiga,omuyemb-,32,0.086,460,
chiga,oburwir-,32,0.086,461,
chiga,bwondijo,32,0.086,462,
chiga,tibukakuzibir-,32,0.086,463,
chiga,kubyam-,32,0.086,464,
chiga,omuteg-,32,0.086,465,
chiga,gwomuzey-,32,0.086,466,
chiga,nigutegw-,32,0.086,467,
chiga,omurund-,32,0.086,468,
chiga,obusigaz-,32,0.086,469,
chiga,nink-,32,0.086,470,
chiga,rwakashesh-,32,0.086,471,
chiga,niruhwaho,32,0.086,472,
chiga,omumwazyo,32,0.086,473,
chiga,hamw-,32,0.086,474,
chiga,bwa,32,0.086,475,
chiga,aman-,32,0.086,476,
chiga,ruf-,32,0.086,477,
chiga,tekwizir-,32,0.086,478,
chiga,shat-,32,0.086,479,
chiga,shashur-,32,0.086,480,
chiga,eibanj-,32,0.086,481,
chiga,reero,32,0.086,482,
chiga,otungy-,32,0.086,483,
chiga,otiin-,32,0.086,484,
chiga,aku-,32,0.086,485,
chiga,kukwat-,32,0.086,486,
chiga,-kukwat,32,0.086,487,
chiga,ahamukono,32,0.086,488,
chiga,tokayesig-,32,0.086,489,
chiga,wenka,32,0.086,490,
chiga,wabanoyend-,32,0.086,491,
chiga,kuhangur-,32,0.086,492,
chiga,tur-,32,0.086,493,
chiga,owomunt-,32,0.086,494,
chiga,okusingaho,32,0.086,495,
chiga,kutur-,32,0.086,496,
chiga,omwitagy-,32,0.086,497,
chiga,ryekit-,32,0.086,498,
chiga,tuyemb-,32,0.086,499,
chiga,tokureberer-,32,0.086,500,
chiga,yamutah-,32,0.086,501,
chiga,okwokureberer-,32,0.086,502,
chiga,eya-,32,0.086,503,
ganda,-a,6304,20.672,1,
ganda,-i,1632,5.352,2,
ganda,-u,1024,3.358,3,
ganda,-e,928,3.043,4,
ganda,-ka,224,0.735,5,
ganda,mu,192,0.63,6,
ganda,al-,192,0.63,7,
ganda,ne,192,0.63,8,
ganda,oku-,160,0.525,9,
ganda,lung-,160,0.525,10,
ganda,-lung,160,0.525,11,
ganda,nga,160,0.525,12,
ganda,ka-,160,0.525,13,
ganda,-al,128,0.42,14,
ganda,ny-,128,0.42,15,
ganda,-ya,128,0.42,16,
ganda,-wa,128,0.42,17,
ganda,emb-,128,0.42,18,
ganda,na,128,0.42,19,
ganda,aba-,96,0.315,20,
ganda,wa-,96,0.315,21,
ganda,am-,96,0.315,22,
ganda,-am,96,0.315,23,
ganda,akatono,96,0.315,24,
ganda,-o,96,0.315,25,
ganda,ama-,96,0.315,26,
ganda,ing-,96,0.315,27,
ganda,-ing,96,0.315,28,
ganda,si,96,0.315,29,
ganda,in-,96,0.315,30,
ganda,-in,96,0.315,31,
ganda,bwoba,96,0.315,32,
ganda,mumaaso,96,0.315,33,
ganda,mu-,96,0.315,34,
ganda,-yo,96,0.315,35,
ganda,tel-,96,0.315,36,
ganda,-zi,96,0.315,37,
ganda,enjov-,96,0.315,38,
ganda,an-,96,0.315,39,
ganda,-an,96,0.315,40,
ganda,na-,96,0.315,41,
ganda,sing-,96,0.315,42,
ganda,-sing,96,0.315,43,
ganda,omu-,96,0.315,44,
ganda,omub-,96,0.315,45,
ganda,ba-,64,0.21,46,
ganda,-lya,64,0.21,47,
ganda,kaz-,64,0.21,48,
ganda,-kaz,64,0.21,49,
ganda,abolugand-,64,0.21,50,
ganda,en-,64,0.21,51,
ganda,omug-,64,0.21,52,
ganda,aka-,64,0.21,53,
ganda,wa,64,0.21,54,
ganda,bi-,64,0.21,55,
ganda,omutal-,64,0.21,56,
ganda,no,64,0.21,57,
ganda,at-,64,0.21,58,
ganda,yatuuk-,64,0.21,59,
ganda,amat-,64,0.21,60,
ganda,amazz-,64,0.21,61,
ganda,takul-,64,0.21,62,
ganda,end-,64,0.21,63,
ganda,-end,64,0.21,64,
ganda,mp-,64,0.21,65,
ganda,oba,64,0.21,66,
ganda,omuk-,64,0.21,67,
ganda,lya,64,0.21,68,
ganda,-abo,64,0.21,69,
ganda,nyin-,64,0.21,70,
ganda,mangu,64,0.21,71,
ganda,mbu-,64,0.21,72,
ganda,essub-,64,0.21,73,
ganda,im-,64,0.21,74,
ganda,-im,64,0.21,75,
ganda,ot-,64,0.21,76,
ganda,-ot,64,0.21,77,
ganda,kamu,64,0.21,78,
ganda,mpol-,64,0.21,79,
ganda,obulam-,64,0.21,80,
ganda,bul-,64,0.21,81,
ganda,ta-,64,0.21,82,
ganda,ye,64,0.21,83,
ganda,omuntu,64,0.21,84,
ganda,ma-,64,0.21,85,
ganda,-ye,64,0.21,86,
ganda,emu,64,0.21,87,
ganda,abakadd-,32,0.105,88,
ganda,-li,32,0.105,89,
ganda,gandaalo,32,0.105,90,
ganda,kisikiziz,32,0.105,91,
ganda,kyomut-,32,0.105,92,
ganda,ababi,32,0.105,93,
ganda,emilimo,32,0.105,94,
ganda,abang-,32,0.105,95,
ganda,fuul-,32,0.105,96,
ganda,-fuul,32,0.105,97,
ganda,musajj-,32,0.105,98,
ganda,abw-,32,0.105,99,
ganda,-abw,32,0.105,100,
ganda,okwoger-,32,0.105,101,
ganda,bita,32,0.105,102,
ganda,bayomby-,32,0.105,103,
ganda,kwata,32,0.105,104,
ganda,kumb-,32,0.105,105,
ganda,-kumb,32,0.105,106,
ganda,olim-,32,0.105,107,
ganda,abuliir-,32,0.105,108,
ganda,ez-,32,0.105,109,
ganda,-ez,32,0.105,110,
ganda,tatawaan-,32,0.105,111,
ganda,addukan-,32,0.105,112,
ganda,yanoony-,32,0.105,113,
ganda,aku-,32,0.105,114,
ganda,-yu,32,0.105,115,
ganda,okagayir-,32,0.105,116,
ganda,mit-,32,0.105,117,
ganda,mugga,32,0.105,118,
ganda,-ko,32,0.105,119,
ganda,kil-,32,0.105,120,
ganda,-kil,32,0.105,121,
ganda,mbegelaako,32,0.105,122,
ganda,akanyony-,32,0.105,123,
ganda,kozes-,32,0.105,124,
ganda,-kozes,32,0.105,125,
ganda,byo,32,0.105,126,
ganda,oya,32,0.105,127,
ganda,rar-,32,0.105,128,
ganda,-rar,32,0.105,129,
ganda,okuzimb-,32,0.105,130,
ganda,ekis-,32,0.105,131,
ganda,kya-,32,0.105,132,
ganda,-ako,32,0.105,133,
ganda,zil-,32,0.105,134,
ganda,-zil,32,0.105,135,
ganda,liiso,32,0.105,136,
ganda,akozes-,32,0.105,137,
ganda,emikono,32,0.105,138,
ganda,gyomb-,32,0.105,139,
ganda,talemw-,32,0.105,140,
ganda,kulya,32,0.105,141,
ganda,akussuk-,32,0.105,142,
ganda,lyal-,32,0.105,143,
ganda,naly-,32,0.105,144,
ganda,taba,32,0.105,145,
ganda,mutt-,32,0.105,146,
ganda,ab-,32,0.105,147,
ganda,-ab,32,0.105,148,
ganda,eki-,32,0.105,149,
ganda,akinyumy-,32,0.105,150,
ganda,muchaar-,32,0.105,151,
ganda,galing-,32,0.105,152,
ganda,ekisibo,32,0.105,153,
ganda,nte,32,0.105,154,
ganda,akwaag-,32,0.105,155,
ganda,akwaagul-,32,0.105,156,
ganda,buj-,32,0.105,157,
ganda,bwo,32,0.105,158,
ganda,akw-,32,0.105,159,
ganda,-at,32,0.105,160,
ganda,empoy-,32,0.105,161,
ganda,atuuk-,32,0.105,162,
ganda,-la,32,0.105,163,
ganda,nawolov-,32,0.105,164,
ganda,kibug-,32,0.105,165,
ganda,gak-,32,0.105,166,
ganda,ol-,32,0.105,167,
ganda,-ol,32,0.105,168,
ganda,ekibanj-,32,0.105,169,
ganda,ekin-,32,0.105,170,
ganda,agatawulir-,32,0.105,171,
ganda,kubulirirw-,32,0.105,172,
ganda,gagender-,32,0.105,173,
ganda,wamu,32,0.105,174,
ganda,nomut-,32,0.105,175,
ganda,-we,32,0.105,176,
ganda,amambuk-,32,0.105,177,
ganda,maserenget-,32,0.105,178,
ganda,amasab-,32,0.105,179,
ganda,tegamal-,32,0.105,180,
ganda,nyont-,32,0.105,181,
ganda,atalimb-,32,0.105,182,
ganda,atambul-,32,0.105,183,
ganda,ekil-,32,0.105,184,
ganda,atanatambul-,32,0.105,185,
ganda,yat-,32,0.105,186,
ganda,okufumb-,32,0.105,187,
ganda,enjub-,32,0.105,188,
ganda,talib-,32,0.105,189,
ganda,gombolol-,32,0.105,190,
ganda,bass-,32,0.105,191,
ganda,kim-,32,0.105,192,
ganda,nkuyeg-,32,0.105,193,
ganda,bazaal-,32,0.105,194,
ganda,mubiri,32,0.105,195,
ganda,tebazaal-,32,0.105,196,
ganda,is-,32,0.105,197,
ganda,-is,32,0.105,198,
ganda,bugubug-,32,0.105,199,
ganda,ssimuliro,32,0.105,200,
ganda,tosobot-,32,0.105,201,
ganda,kutunul-,32,0.105,202,
ganda,olibeer-,32,0.105,203,
ganda,mabeg-,32,0.105,204,
ganda,oli,32,0.105,205,
ganda,nelwolif-,32,0.105,206,
ganda,entaanayo,32,0.105,207,
ganda,elyagalw-,32,0.105,208,
ganda,onywany-,32,0.105,209,
ganda,-kulu,32,0.105,210,
ganda,otuliidd-,32,0.105,211,
ganda,mugu-,32,0.105,212,
ganda,bwo-,32,0.105,213,
ganda,kya,32,0.105,214,
ganda,enj-,32,0.105,215,
ganda,oyinz-,32,0.105,216,
ganda,okusazam-,32,0.105,217,
ganda,bwosalawo,32,0.105,218,
ganda,ensav-,32,0.105,219,
ganda,bwosekerer-,32,0.105,220,
ganda,ekib-,32,0.105,221,
ganda,osekerer-,32,0.105,222,
ganda,mubumbi-,32,0.105,223,
ganda,ebbeer-,32,0.105,224,
ganda,telifun-,32,0.105,225,
ganda,bigeng-,32,0.105,226,
ganda,ec-,32,0.105,227,
ganda,ik-,32,0.105,228,
ganda,-ik,32,0.105,229,
ganda,ekikolimir-,32,0.105,230,
ganda,mwemuv-,32,0.105,231,
ganda,abalwaan-,32,0.105,232,
ganda,mafum-,32,0.105,233,
ganda,ekilabo,32,0.105,234,
ganda,ekitono,32,0.105,235,
ganda,ko-,32,0.105,236,
ganda,ow-,32,0.105,237,
ganda,-ow,32,0.105,238,
ganda,munno,32,0.105,239,
ganda,ekir-,32,0.105,240,
ganda,muttu,32,0.105,241,
ganda,kimanyw-,32,0.105,242,
ganda,kyo,32,0.105,243,
ganda,ekyengel-,32,0.105,244,
ganda,amang-,32,0.105,245,
ganda,kivund-,32,0.105,246,
ganda,elin-,32,0.105,247,
ganda,eggumb-,32,0.105,248,
ganda,kamwa,32,0.105,249,
ganda,um-,32,0.105,250,
ganda,-um,32,0.105,251,
ganda,emp-,32,0.105,252,
ganda,ung-,32,0.105,253,
ganda,-ung,32,0.105,254,
ganda,bir-,32,0.105,255,
ganda,endig-,32,0.105,256,
ganda,tekabiir-,32,0.105,257,
ganda,mwa-,32,0.105,258,
ganda,-ana,32,0.105,259,
ganda,gwa,32,0.105,260,
ganda,effudd-,32,0.105,261,
ganda,ebbir-,32,0.105,262,
ganda,wezilwanir-,32,0.105,263,
ganda,liseseter-,32,0.105,264,
ganda,telemelerw-,32,0.105,265,
ganda,sanga,32,0.105,266,
ganda,lyaa-,32,0.105,267,
ganda,enk-,32,0.105,268,
ganda,bwelemerelw-,32,0.105,269,
ganda,okutuukirir-,32,0.105,270,
ganda,elyenv-,32,0.105,271,
ganda,nti,32,0.105,272,
ganda,ago,32,0.105,273,
ganda,tegengedd-,32,0.105,274,
ganda,kub-,32,0.105,275,
ganda,-kub,32,0.105,276,
ganda,tetonyer-,32,0.105,277,
ganda,omu,32,0.105,278,
ganda,engalo,32,0.105,279,
ganda,ens-,32,0.105,280,
ganda,zigwanir-,32,0.105,281,
ganda,zo,32,0.105,282,
ganda,eny-,32,0.105,283,
ganda,tesekerer-,32,0.105,284,
ganda,nkunk-,32,0.105,285,
ganda,entalowooz-,32,0.105,286,
ganda,yam-,32,0.105,287,
ganda,mulwendo,32,0.105,288,
ganda,ensuw-,32,0.105,289,
ganda,entono,32,0.105,290,
ganda,-zo,32,0.105,291,
ganda,zirin-,32,0.105,292,
ganda,elyoky-,32,0.105,293,
ganda,enyumb-,32,0.105,294,
ganda,-ii,32,0.105,295,
ganda,iyelyoky-,32,0.105,296,
ganda,nung-,32,0.105,297,
ganda,eyal-,32,0.105,298,
ganda,alumidw-,32,0.105,299,
ganda,omus-,32,0.105,300,
ganda,bwalab-,32,0.105,301,
ganda,omun-,32,0.105,302,
ganda,agudduk-,32,0.105,303,
ganda,eyettikk-,32,0.105,304,
ganda,obuvunanyizibw-,32,0.105,305,
ganda,era,32,0.105,306,
ganda,afun-,32,0.105,307,
ganda,okuneny-,32,0.105,308,
ganda,zeb-,32,0.105,309,
ganda,ezenkanankan-,32,0.105,310,
ganda,sik-,32,0.105,311,
ganda,-sik,32,0.105,312,
ganda,tezaak-,32,0.105,313,
ganda,gwe,32,0.105,314,
ganda,mug-,32,0.105,315,
ganda,and-,32,0.105,316,
ganda,-and,32,0.105,317,
ganda,kul-,32,0.105,318,
ganda,-kul,32,0.105,319,
ganda,ta,32,0.105,320,
ganda,kulilw-,32,0.105,321,
ganda,kyenkol-,32,0.105,322,
ganda,banang-,32,0.105,323,
ganda,sagal-,32,0.105,324,
ganda,bakinkol-,32,0.105,325,
ganda,lubaal-,32,0.105,326,
ganda,mbe-,32,0.105,327,
ganda,-era,32,0.105,328,
ganda,mb-,32,0.105,329,
ganda,ir-,32,0.105,330,
ganda,-ir,32,0.105,331,
ganda,kwotadd-,32,0.105,332,
ganda,mama,32,0.105,333,
ganda,ya-,32,0.105,334,
ganda,week-,32,0.105,335,
ganda,-week,32,0.105,336,
ganda,emugg-,32,0.105,337,
ganda,emabeg-,32,0.105,338,
ganda,mubi,32,0.105,339,
ganda,umb-,32,0.105,340,
ganda,-umb,32,0.105,341,
ganda,ufun-,32,0.105,342,
ganda,nyo,32,0.105,343,
ganda,abageny-,32,0.105,344,
ganda,ssanj-,32,0.105,345,
ganda,lyaaliko,32,0.105,346,
ganda,olulagal-,32,0.105,347,
ganda,nonuziny-,32,0.105,348,
ganda,ennyo,32,0.105,349,
ganda,alekulir-,32,0.105,350,
ganda,ekidaal-,32,0.105,351,
ganda,kisikiriiz-,32,0.105,352,
ganda,ria,32,0.105,353,
ganda,muk-,32,0.105,354,
ganda,buyit-,32,0.105,355,
ganda,ate,32,0.105,356,
ganda,tebudd-,32,0.105,357,
ganda,masand-,32,0.105,358,
ganda,bwoseleer-,32,0.105,359,
ganda,og-,32,0.105,360,
ganda,okugezaako,32,0.105,361,
ganda,okugwa,32,0.105,362,
ganda,bunaf-,32,0.105,363,
ganda,omw-,32,0.105,364,
ganda,takaddiw-,32,0.105,365,
ganda,ewak-,32,0.105,366,
ganda,wang-,32,0.105,367,
ganda,ansingir-,32,0.105,368,
ganda,omulungi-,32,0.105,369,
ganda,owa,32,0.105,370,
ganda,mulilwan-,32,0.105,371,
ganda,ofundako,32,0.105,372,
ganda,okuwas-,32,0.105,373,
ganda,kadd-,32,0.105,374,
ganda,-kadd,32,0.105,375,
ganda,obuwuul-,32,0.105,376,
ganda,okwelind-,32,0.105,377,
ganda,ssi,32,0.105,378,
ganda,buti,32,0.105,379,
ganda,ensanaf-,32,0.105,380,
ganda,etambul-,32,0.105,381,
ganda,egaludd-,32,0.105,382,
ganda,okudizz-,32,0.105,383,
ganda,guba,32,0.105,384,
ganda,mwo-,32,0.105,385,
ganda,okuf-,32,0.105,386,
ganda,nkov-,32,0.105,387,
ganda,etalisimuuk-,32,0.105,388,
ganda,oliny-,32,0.105,389,
ganda,jegav-,32,0.105,390,
ganda,nonyw-,32,0.105,391,
ganda,amatabanguf-,32,0.105,392,
ganda,olubuto,32,0.105,393,
ganda,lwo,32,0.105,394,
ganda,bwoluw-,32,0.105,395,
ganda,emmer-,32,0.105,396,
ganda,lujj-,32,0.105,397,
ganda,kukubir-,32,0.105,398,
ganda,engom-,32,0.105,399,
ganda,ozin-,32,0.105,400,
ganda,oluliim-,32,0.105,401,
ganda,lwa,32,0.105,402,
ganda,mukabalo,32,0.105,403,
ganda,luka-,32,0.105,404,
ganda,aw-,32,0.105,405,
ganda,-aw,32,0.105,406,
ganda,olunak-,32,0.105,407,
ganda,olum-,32,0.105,408,
ganda,teluvunz-,32,0.105,409,
ganda,ul-,32,0.105,410,
ganda,-ul,32,0.105,411,
ganda,watal-,32,0.105,412,
ganda,ebik-,32,0.105,413,
ganda,er-,32,0.105,414,
ganda,-er,32,0.105,415,
ganda,bibunduk-,32,0.105,416,
ganda,omwa-,32,0.105,417,
ganda,owegonjebw-,32,0.105,418,
ganda,awees-,32,0.105,419,
ganda,ekitiibw-,32,0.105,420,
ganda,omutamiiv-,32,0.105,421,
ganda,wab-,32,0.105,422,
ganda,-wab,32,0.105,423,
ganda,-ze,32,0.105,424,
ganda,gwo,32,0.105,425,
ganda,muntu,32,0.105,426,
ganda,gumalw-,32,0.105,427,
ganda,nt-,32,0.105,428,
ganda,aan-,32,0.105,429,
ganda,-aan,32,0.105,430,
ganda,omukwaano,32,0.105,431,
ganda,ogwokump-,32,0.105,432,
ganda,mulab-,32,0.105,433,
ganda,wo,32,0.105,434,
ganda,omump-,32,0.105,435,
ganda,kom-,32,0.105,436,
ganda,-kom,32,0.105,437,
ganda,wakwaat-,32,0.105,438,
ganda,bwabeer-,32,0.105,439,
ganda,obwoom-,32,0.105,440,
ganda,yefuul-,32,0.105,441,
ganda,kab-,32,0.105,442,
ganda,-aka,32,0.105,443,
ganda,omut-,32,0.105,444,
ganda,guling-,32,0.105,445,
ganda,gwetaag-,32,0.105,446,
ganda,kusib-,32,0.105,447,
ganda,omusajj-,32,0.105,448,
ganda,ebizib-,32,0.105,449,
ganda,alees-,32,0.105,450,
ganda,omuwal-,32,0.105,451,
ganda,omuyizz-,32,0.105,452,
ganda,awonder-,32,0.105,453,
ganda,tateker-,32,0.105,454,
ganda,kukasukir-,32,0.105,455,
ganda,bunyony-,32,0.105,456,
ganda,mayinj-,32,0.105,457,
ganda,omwez-,32,0.105,458,
ganda,gutambul-,32,0.105,459,
ganda,gubuuk-,32,0.105,460,
ganda,ekibug-,32,0.105,461,
ganda,sent-,32,0.105,462,
ganda,esal-,32,0.105,463,
ganda,ejjambiy-,32,0.105,464,
ganda,sott-,32,0.105,465,
ganda,abudongo,32,0.105,466,
ganda,bukyaal-,32,0.105,467,
ganda,bubis-,32,0.105,468,
ganda,-ata,32,0.105,469,
ganda,ng-,32,0.105,470,
ganda,ya,32,0.105,471,
ganda,azaalw-,32,0.105,472,
ganda,bumanyiriv-,32,0.105,473,
ganda,tewesigang-,32,0.105,474,
ganda,tokungul-,32,0.105,475,
ganda,kyotasimb-,32,0.105,476,
ganda,towakanang-,32,0.105,477,
ganda,musir-,32,0.105,478,
ganda,toyonoon-,32,0.105,479,
ganda,muzing-,32,0.105,480,
ganda,olwokwokebw-,32,0.105,481,
ganda,njuki,32,0.105,482,
ganda,tukozes-,32,0.105,483,
ganda,njuba,32,0.105,484,
ganda,naka,32,0.105,485,
ganda,gonn-,32,0.105,486,
ganda,wakil-,32,0.105,487,
ganda,okusook-,32,0.105,488,
ganda,bibi,32,0.105,489,
ganda,nom-,32,0.105,490,
ganda,nebirung-,32,0.105,491,
ganda,zimb-,32,0.105,492,
ganda,nnene,32,0.105,493,
ganda,takutelaako,32,0.105,494,
ganda,mut-,32,0.105,495,
gikuyu,-a,18300,12.077,1,
gikuyu,-i,10020,6.613,2,
gikuyu,-u,4800,3.168,3,
gikuyu,-e,4080,2.693,4,
gikuyu,ni,3060,2.019,5,
gikuyu,na,2130,1.406,6,
gikuyu,-o,2010,1.326,7,
gikuyu,ki-,1740,1.148,8,
gikuyu,ir-,1620,1.069,9,
gikuyu,-ir,1560,1.029,10,
gikuyu,-iri,1560,1.029,11,
gikuyu,ti,1440,0.95,12,
gikuyu,gut-,1380,0.911,13,
gikuyu,ka-,1350,0.891,14,
gikuyu,mu-,1350,0.891,15,
gikuyu,ur-,1260,0.832,16,
gikuyu,-ur,1170,0.772,17,
gikuyu,wa,990,0.653,18,
gikuyu,ma-,960,0.634,19,
gikuyu,mund-,960,0.634,20,
gikuyu,ku-,960,0.634,21,
gikuyu,iri,930,0.614,22,
gikuyu,mb-,900,0.594,23,
gikuyu,mw-,900,0.594,24,
gikuyu,ag-,840,0.554,25,
gikuyu,-ag,840,0.554,26,
gikuyu,ri-,840,0.554,27,
gikuyu,-ri,810,0.535,28,
gikuyu,ar-,810,0.535,29,
gikuyu,-ar,810,0.535,30,
gikuyu,it-,750,0.495,31,
gikuyu,kur-,720,0.475,32,
gikuyu,ny-,690,0.455,33,
gikuyu,ta,660,0.436,34,
gikuyu,no,660,0.436,35,
gikuyu,mug-,660,0.436,36,
gikuyu,-wo,660,0.436,37,
gikuyu,nd-,600,0.396,38,
gikuyu,-ua,600,0.396,39,
gikuyu,an-,540,0.356,40,
gikuyu,-an,540,0.356,41,
gikuyu,muci-,510,0.337,42,
gikuyu,uri,510,0.337,43,
gikuyu,nj-,510,0.337,44,
gikuyu,ak-,510,0.337,45,
gikuyu,-hi,480,0.317,46,
gikuyu,ung-,450,0.297,47,
gikuyu,-ak,450,0.297,48,
gikuyu,en-,450,0.297,49,
gikuyu,-en,450,0.297,50,
gikuyu,hi-,450,0.297,51,
gikuyu,cia,420,0.277,52,
gikuyu,ya,420,0.277,53,
gikuyu,kia,420,0.277,54,
gikuyu,kan-,420,0.277,55,
gikuyu,ig-,390,0.257,56,
gikuyu,-ya,390,0.257,57,
gikuyu,-ka,390,0.257,58,
gikuyu,kwa,390,0.257,59,
gikuyu,muri-,390,0.257,60,
gikuyu,-aga,360,0.238,61,
gikuyu,in-,360,0.238,62,
gikuyu,-we,360,0.238,63,
gikuyu,mur-,360,0.238,64,
gikuyu,ma,360,0.238,65,
gikuyu,arum-,330,0.218,66,
gikuyu,ath-,330,0.218,67,
gikuyu,-in,330,0.218,68,
gikuyu,kir-,330,0.218,69,
gikuyu,ini,330,0.218,70,
gikuyu,mat-,300,0.198,71,
gikuyu,er-,300,0.198,72,
gikuyu,-er,300,0.198,73,
gikuyu,and-,270,0.178,74,
gikuyu,und-,270,0.178,75,
gikuyu,-und,270,0.178,76,
gikuyu,-rimu,270,0.178,77,
gikuyu,-ira,270,0.178,78,
gikuyu,-ath,270,0.178,79,
gikuyu,muic-,270,0.178,80,
gikuyu,gu-,270,0.178,81,
gikuyu,-ara,270,0.178,82,
gikuyu,-ria,270,0.178,83,
gikuyu,-ui,240,0.158,84,
gikuyu,amb-,240,0.158,85,
gikuyu,-amb,240,0.158,86,
gikuyu,iri-,240,0.158,87,
gikuyu,im-,240,0.158,88,
gikuyu,ng-,240,0.158,89,
gikuyu,-wa,240,0.158,90,
gikuyu,guk-,240,0.158,91,
gikuyu,uk-,240,0.158,92,
gikuyu,-uk,240,0.158,93,
gikuyu,hit-,240,0.158,94,
gikuyu,mut-,240,0.158,95,
gikuyu,-itho,240,0.158,96,
gikuyu,mati-,210,0.139,97,
gikuyu,aka,210,0.139,98,
gikuyu,umwe,210,0.139,99,
gikuyu,-im,210,0.139,100,
gikuyu,-oro,210,0.139,101,
gikuyu,am-,210,0.139,102,
gikuyu,-am,210,0.139,103,
gikuyu,thi,210,0.139,104,
gikuyu,ind-,210,0.139,105,
gikuyu,muh-,210,0.139,106,
gikuyu,-it,210,0.139,107,
gikuyu,ndu-,210,0.139,108,
gikuyu,-ere,210,0.139,109,
gikuyu,-ung,180,0.119,110,
gikuyu,ng,180,0.119,111,
gikuyu,mar-,180,0.119,112,
gikuyu,cira,180,0.119,113,
gikuyu,uki-,180,0.119,114,
gikuyu,nda,180,0.119,115,
gikuyu,ka,180,0.119,116,
gikuyu,kw-,180,0.119,117,
gikuyu,guth-,180,0.119,118,
gikuyu,on-,180,0.119,119,
gikuyu,ing-,180,0.119,120,
gikuyu,-ing,180,0.119,121,
gikuyu,ith-,180,0.119,122,
gikuyu,-ai,180,0.119,123,
gikuyu,th-,180,0.119,124,
gikuyu,kugur-,180,0.119,125,
gikuyu,kihooto,180,0.119,126,
gikuyu,ndagag-,180,0.119,127,
gikuyu,ci-,150,0.099,128,
gikuyu,ngu-,150,0.099,129,
gikuyu,hin-,150,0.099,130,
gikuyu,gat-,150,0.099,131,
gikuyu,um-,150,0.099,132,
gikuyu,-um,150,0.099,133,
gikuyu,nda-,150,0.099,134,
gikuyu,muk-,150,0.099,135,
gikuyu,-uru,150,0.099,136,
gikuyu,ciar-,150,0.099,137,
gikuyu,-ciar,150,0.099,138,
gikuyu,-ura,150,0.099,139,
gikuyu,njoh-,150,0.099,140,
gikuyu,ha-,150,0.099,141,
gikuyu,ari,150,0.099,142,
gikuyu,utari,150,0.099,143,
gikuyu,-ru,150,0.099,144,
gikuyu,tene,150,0.099,145,
gikuyu,ither-,150,0.099,146,
gikuyu,-ari,150,0.099,147,
gikuyu,kwa-,150,0.099,148,
gikuyu,ru-,150,0.099,149,
gikuyu,mugen-,150,0.099,150,
gikuyu,kind-,150,0.099,151,
gikuyu,-ha,150,0.099,152,
gikuyu,muny-,150,0.099,153,
gikuyu,-ia,120,0.079,154,
gikuyu,imwe,120,0.079,155,
gikuyu,thuth-,120,0.079,156,
gikuyu,-ana,120,0.079,157,
gikuyu,maithor-,120,0.079,158,
gikuyu,gi-,120,0.079,159,
gikuyu,gak-,120,0.079,160,
gikuyu,gith-,120,0.079,161,
gikuyu,git-,120,0.079,162,
gikuyu,rim-,120,0.079,163,
gikuyu,-rim,120,0.079,164,
gikuyu,mwat-,120,0.079,165,
gikuyu,wen-,120,0.079,166,
gikuyu,uru,120,0.079,167,
gikuyu,end-,120,0.079,168,
gikuyu,-end,120,0.079,169,
gikuyu,-eha,120,0.079,170,
gikuyu,mba-,120,0.079,171,
gikuyu,ot-,120,0.079,172,
gikuyu,-ot,120,0.079,173,
gikuyu,guthi-,120,0.079,174,
gikuyu,-on,120,0.079,175,
gikuyu,eg-,120,0.079,176,
gikuyu,-eg,120,0.079,177,
gikuyu,gia,120,0.079,178,
gikuyu,wega,120,0.079,179,
gikuyu,aku-,120,0.079,180,
gikuyu,undu,120,0.079,181,
gikuyu,-ongo,120,0.079,182,
gikuyu,-ig,120,0.079,183,
gikuyu,ik-,120,0.079,184,
gikuyu,har-,120,0.079,185,
gikuyu,mun-,120,0.079,186,
gikuyu,rug-,120,0.079,187,
gikuyu,-rug,120,0.079,188,
gikuyu,-kur,120,0.079,189,
gikuyu,cokag-,120,0.079,190,
gikuyu,-cokag,120,0.079,191,
gikuyu,irim-,120,0.079,192,
gikuyu,ngi-,120,0.079,193,
gikuyu,itu-,120,0.079,194,
gikuyu,reg-,120,0.079,195,
gikuyu,-reg,120,0.079,196,
gikuyu,rwa,120,0.079,197,
gikuyu,kunyit-,120,0.079,198,
gikuyu,magut-,120,0.079,199,
gikuyu,ti-,120,0.079,200,
gikuyu,ni-,120,0.079,201,
gikuyu,ndo-,120,0.079,202,
gikuyu,ndi-,90,0.059,203,
gikuyu,eri,90,0.059,204,
gikuyu,omb-,90,0.059,205,
gikuyu,matari,90,0.059,206,
gikuyu,njugum-,90,0.059,207,
gikuyu,ngu,90,0.059,208,
gikuyu,agag-,90,0.059,209,
gikuyu,-agag,90,0.059,210,
gikuyu,bata,90,0.059,211,
gikuyu,inyu-,90,0.059,212,
gikuyu,uthon-,90,0.059,213,
gikuyu,munene,90,0.059,214,
gikuyu,-haro,90,0.059,215,
gikuyu,koi,90,0.059,216,
gikuyu,gakuny-,90,0.059,217,
gikuyu,kinya,90,0.059,218,
gikuyu,kimwe,90,0.059,219,
gikuyu,mondo,90,0.059,220,
gikuyu,yen-,90,0.059,221,
gikuyu,kamwe,90,0.059,222,
gikuyu,kiri-,90,0.059,223,
gikuyu,-ega,90,0.059,224,
gikuyu,mum-,90,0.059,225,
gikuyu,gitong-,90,0.059,226,
gikuyu,-higa,90,0.059,227,
gikuyu,ut-,90,0.059,228,
gikuyu,mutheny-,90,0.059,229,
gikuyu,gutigiragi-,90,0.059,230,
gikuyu,ki,90,0.059,231,
gikuyu,ita,90,0.059,232,
gikuyu,et-,90,0.059,233,
gikuyu,-et,90,0.059,234,
gikuyu,uc-,90,0.059,235,
gikuyu,ui,90,0.059,236,
gikuyu,nyon-,90,0.059,237,
gikuyu,wak-,90,0.059,238,
gikuyu,mbu-,90,0.059,239,
gikuyu,rath-,90,0.059,240,
gikuyu,-rath,90,0.059,241,
gikuyu,no-,90,0.059,242,
gikuyu,mugambo,90,0.059,243,
gikuyu,-ik,90,0.059,244,
gikuyu,-aka,90,0.059,245,
gikuyu,ingi,90,0.059,246,
gikuyu,hung-,90,0.059,247,
gikuyu,iguru,90,0.059,248,
gikuyu,tha,90,0.059,249,
gikuyu,-ire,90,0.059,250,
gikuyu,thi-,90,0.059,251,
gikuyu,mugu-,90,0.059,252,
gikuyu,niki-,90,0.059,253,
gikuyu,kirond-,90,0.059,254,
gikuyu,ari-,90,0.059,255,
gikuyu,muthiomer-,90,0.059,256,
gikuyu,kum-,90,0.059,257,
gikuyu,huny-,90,0.059,258,
gikuyu,-irwo,90,0.059,259,
gikuyu,muc-,90,0.059,260,
gikuyu,muhenani-,90,0.059,261,
gikuyu,muheni-,90,0.059,262,
gikuyu,mui-,90,0.059,263,
gikuyu,muikar-,90,0.059,264,
gikuyu,moi,60,0.04,265,
gikuyu,kuhith-,60,0.04,266,
gikuyu,uhoro,60,0.04,267,
gikuyu,agen-,60,0.04,268,
gikuyu,-iro,60,0.04,269,
gikuyu,ndugu,60,0.04,270,
gikuyu,ndund-,60,0.04,271,
gikuyu,me,60,0.04,272,
gikuyu,wir-,60,0.04,273,
gikuyu,kionj-,60,0.04,274,
gikuyu,muth-,60,0.04,275,
gikuyu,tiga,60,0.04,276,
gikuyu,iti-,60,0.04,277,
gikuyu,umag-,60,0.04,278,
gikuyu,-umag,60,0.04,279,
gikuyu,ndigwa,60,0.04,280,
gikuyu,ikumb-,60,0.04,281,
gikuyu,-yu,60,0.04,282,
gikuyu,irugit-,60,0.04,283,
gikuyu,kimeny-,60,0.04,284,
gikuyu,nik-,60,0.04,285,
gikuyu,uri-,60,0.04,286,
gikuyu,mbe-,60,0.04,287,
gikuyu,gatitu,60,0.04,288,
gikuyu,-uma,60,0.04,289,
gikuyu,murugir-,60,0.04,290,
gikuyu,kingi,60,0.04,291,
gikuyu,giceg-,60,0.04,292,
gikuyu,gik-,60,0.04,293,
gikuyu,giku-,60,0.04,294,
gikuyu,giti-,60,0.04,295,
gikuyu,athi-,60,0.04,296,
gikuyu,gito-,60,0.04,297,
gikuyu,kiu-,60,0.04,298,
gikuyu,ngingo,60,0.04,299,
gikuyu,guki-,60,0.04,300,
gikuyu,gutong-,60,0.04,301,
gikuyu,ititiganag-,60,0.04,302,
gikuyu,ngath-,60,0.04,303,
gikuyu,guc-,60,0.04,304,
gikuyu,-era,60,0.04,305,
gikuyu,guoya,60,0.04,306,
gikuyu,em-,60,0.04,307,
gikuyu,-em,60,0.04,308,
gikuyu,kuh-,60,0.04,309,
gikuyu,-ika,60,0.04,310,
gikuyu,guthekererwo,60,0.04,311,
gikuyu,kuririrwo,60,0.04,312,
gikuyu,kwend-,60,0.04,313,
gikuyu,rugit-,60,0.04,314,
gikuyu,-rugit,60,0.04,315,
gikuyu,-yo,60,0.04,316,
gikuyu,ker-,60,0.04,317,
gikuyu,wonag-,60,0.04,318,
gikuyu,ngwar-,60,0.04,319,
gikuyu,nyiny-,60,0.04,320,
gikuyu,itimu,60,0.04,321,
gikuyu,uriragio,60,0.04,322,
gikuyu,urir-,60,0.04,323,
gikuyu,utuurag-,60,0.04,324,
gikuyu,uta,60,0.04,325,
gikuyu,rit-,60,0.04,326,
gikuyu,irag-,60,0.04,327,
gikuyu,-irag,60,0.04,328,
gikuyu,aki-,60,0.04,329,
gikuyu,wirirag-,60,0.04,330,
gikuyu,gutirik-,60,0.04,331,
gikuyu,gw-,60,0.04,332,
gikuyu,hand-,60,0.04,333,
gikuyu,ha,60,0.04,334,
gikuyu,ihi-,60,0.04,335,
gikuyu,ndur-,60,0.04,336,
gikuyu,ndiri-,60,0.04,337,
gikuyu,irerag-,60,0.04,338,
gikuyu,kweg-,60,0.04,339,
gikuyu,nen-,60,0.04,340,
gikuyu,iguku-,60,0.04,341,
gikuyu,ihuragi-,60,0.04,342,
gikuyu,ikururio,60,0.04,343,
gikuyu,ruk-,60,0.04,344,
gikuyu,o,60,0.04,345,
gikuyu,igu-,60,0.04,346,
gikuyu,-ku,60,0.04,347,
gikuyu,-hu,60,0.04,348,
gikuyu,ria,60,0.04,349,
gikuyu,kiriti,60,0.04,350,
gikuyu,njith-,60,0.04,351,
gikuyu,ihig-,60,0.04,352,
gikuyu,ikiny-,60,0.04,353,
gikuyu,un-,60,0.04,354,
gikuyu,mutino,60,0.04,355,
gikuyu,mbugi,60,0.04,356,
gikuyu,eb-,60,0.04,357,
gikuyu,-eb,60,0.04,358,
gikuyu,itong-,60,0.04,359,
gikuyu,irug-,60,0.04,360,
gikuyu,thakam-,60,0.04,361,
gikuyu,nook,60,0.04,362,
gikuyu,kabarit-,60,0.04,363,
gikuyu,rwenj-,60,0.04,364,
gikuyu,kinand-,60,0.04,365,
gikuyu,huni-,60,0.04,366,
gikuyu,-huni,60,0.04,367,
gikuyu,murim-,60,0.04,368,
gikuyu,ko-,60,0.04,369,
gikuyu,kwigit-,60,0.04,370,
gikuyu,-uga,60,0.04,371,
gikuyu,gitithirag-,60,0.04,372,
gikuyu,nguru,60,0.04,373,
gikuyu,ruga,60,0.04,374,
gikuyu,rua,60,0.04,375,
gikuyu,mai,60,0.04,376,
gikuyu,itina,60,0.04,377,
gikuyu,kwi-,60,0.04,378,
gikuyu,-hia,60,0.04,379,
gikuyu,thut-,60,0.04,380,
gikuyu,komu,60,0.04,381,
gikuyu,-igu,60,0.04,382,
gikuyu,gutini-,60,0.04,383,
gikuyu,ime,60,0.04,384,
gikuyu,at-,60,0.04,385,
gikuyu,-at,60,0.04,386,
gikuyu,kugunirwo,60,0.04,387,
gikuyu,kuho-,60,0.04,388,
gikuyu,kurita,60,0.04,389,
gikuyu,kuororo-,60,0.04,390,
gikuyu,kumeny-,60,0.04,391,
gikuyu,aka-,60,0.04,392,
gikuyu,kuri-,60,0.04,393,
gikuyu,ay-,60,0.04,394,
gikuyu,-ay,60,0.04,395,
gikuyu,kwigeri-,60,0.04,396,
gikuyu,kim-,60,0.04,397,
gikuyu,-ingi,60,0.04,398,
gikuyu,nom-,60,0.04,399,
gikuyu,mahen-,60,0.04,400,
gikuyu,endag-,60,0.04,401,
gikuyu,-endag,60,0.04,402,
gikuyu,a,60,0.04,403,
gikuyu,marakar-,60,0.04,404,
gikuyu,matirutag-,60,0.04,405,
gikuyu,mbu,60,0.04,406,
gikuyu,mucangacang-,60,0.04,407,
gikuyu,urutag-,60,0.04,408,
gikuyu,oigag-,60,0.04,409,
gikuyu,he-,60,0.04,410,
gikuyu,-he,60,0.04,411,
gikuyu,muhirig-,60,0.04,412,
gikuyu,murog-,60,0.04,413,
gikuyu,atigag-,60,0.04,414,
gikuyu,oio,60,0.04,415,
gikuyu,hw-,60,0.04,416,
gikuyu,-hw,60,0.04,417,
gikuyu,ndaimagwo,60,0.04,418,
gikuyu,muikarani-,60,0.04,419,
gikuyu,nigu-,60,0.04,420,
gikuyu,rag-,60,0.04,421,
gikuyu,-rag,60,0.04,422,
gikuyu,nja-,60,0.04,423,
gikuyu,rum-,60,0.04,424,
gikuyu,-rum,60,0.04,425,
gikuyu,utathi-,60,0.04,426,
gikuyu,gwath-,60,0.04,427,
gikuyu,wiki,60,0.04,428,
gikuyu,agikuy-,30,0.02,429,
gikuyu,utugir-,30,0.02,430,
gikuyu,riru-,30,0.02,431,
gikuyu,-riru,30,0.02,432,
gikuyu,kao,30,0.02,433,
gikuyu,aikaragi-,30,0.02,434,
gikuyu,nju-,30,0.02,435,
gikuyu,ngigi,30,0.02,436,
gikuyu,utug-,30,0.02,437,
gikuyu,nyiniko,30,0.02,438,
gikuyu,iganain-,30,0.02,439,
gikuyu,-iganain,30,0.02,440,
gikuyu,magithi-,30,0.02,441,
gikuyu,magiceer-,30,0.02,442,
gikuyu,-huragwo,30,0.02,443,
gikuyu,ngamin-,30,0.02,444,
gikuyu,ithend-,30,0.02,445,
gikuyu,-oyo,30,0.02,446,
gikuyu,angimituiri-,30,0.02,447,
gikuyu,umirit-,30,0.02,448,
gikuyu,ndangimion-,30,0.02,449,
gikuyu,riki-,30,0.02,450,
gikuyu,rw-,30,0.02,451,
gikuyu,ndubatabatag-,30,0.02,452,
gikuyu,ciakorir-,30,0.02,453,
gikuyu,wac-,30,0.02,454,
gikuyu,itigayagwo,30,0.02,455,
gikuyu,gitanaku-,30,0.02,456,
gikuyu,gacugum-,30,0.02,457,
gikuyu,gacio,30,0.02,458,
gikuyu,gatathukagio,30,0.02,459,
gikuyu,mwenegwo,30,0.02,460,
gikuyu,como,30,0.02,461,
gikuyu,ciathanag-,30,0.02,462,
gikuyu,ikigu-,30,0.02,463,
gikuyu,itiathanag-,30,0.02,464,
gikuyu,ikiumbuk-,30,0.02,465,
gikuyu,thugur-,30,0.02,466,
gikuyu,itiyurag-,30,0.02,467,
gikuyu,ciatur-,30,0.02,468,
gikuyu,umo,30,0.02,469,
gikuyu,ciambag-,30,0.02,470,
gikuyu,ciigwatagirir-,30,0.02,471,
gikuyu,marer-,30,0.02,472,
gikuyu,cionj-,30,0.02,473,
gikuyu,ikum-,30,0.02,474,
gikuyu,igiku-,30,0.02,475,
gikuyu,utindag-,30,0.02,476,
gikuyu,ndumagirio,30,0.02,477,
gikuyu,woth-,30,0.02,478,
gikuyu,wambagiririo,30,0.02,479,
gikuyu,ciunagwo,30,0.02,480,
gikuyu,rukomo,30,0.02,481,
gikuyu,akameny-,30,0.02,482,
gikuyu,ikiunwo,30,0.02,483,
gikuyu,eher-,30,0.02,484,
gikuyu,thakirio,30,0.02,485,
gikuyu,gakiibath-,30,0.02,486,
gikuyu,rithoith-,30,0.02,487,
gikuyu,-rithoith,30,0.02,488,
gikuyu,gakiihotor-,30,0.02,489,
gikuyu,kagira,30,0.02,490,
gikuyu,thooko,30,0.02,491,
gikuyu,garurir-,30,0.02,492,
gikuyu,gatam-,30,0.02,493,
gikuyu,gatingikurutir-,30,0.02,494,
gikuyu,gathuth-,30,0.02,495,
gikuyu,konagi-,30,0.02,496,
gikuyu,nok-,30,0.02,497,
gikuyu,mit-,30,0.02,498,
gikuyu,gatiunagwo,30,0.02,499,
gikuyu,gatinyinyirag-,30,0.02,500,
gikuyu,inagi-,30,0.02,501,
gikuyu,-inagi,30,0.02,502,
gikuyu,murig-,30,0.02,503,
gikuyu,koragithiri-,30,0.02,504,
gikuyu,watatu-,30,0.02,505,
gikuyu,githaragio,30,0.02,506,
gikuyu,murokero,30,0.02,507,
gikuyu,gieterero,30,0.02,508,
gikuyu,kiinaino,30,0.02,509,
gikuyu,aingi,30,0.02,510,
gikuyu,gicigo,30,0.02,511,
gikuyu,gitinyihag-,30,0.02,512,
gikuyu,giikaro,30,0.02,513,
gikuyu,nge-,30,0.02,514,
gikuyu,kiratin-,30,0.02,515,
gikuyu,gitiraragirio,30,0.02,516,
gikuyu,gitigunag-,30,0.02,517,
gikuyu,kigunag-,30,0.02,518,
gikuyu,guka-,30,0.02,519,
gikuyu,githumb-,30,0.02,520,
gikuyu,ngotoko,30,0.02,521,
gikuyu,gitiganiriro,30,0.02,522,
gikuyu,kirugit-,30,0.02,523,
gikuyu,kirugamanio,30,0.02,524,
gikuyu,gitikagio,30,0.02,525,
gikuyu,gitind-,30,0.02,526,
gikuyu,kiraragi-,30,0.02,527,
gikuyu,kigiragio,30,0.02,528,
gikuyu,iganjo,30,0.02,529,
gikuyu,gikarim-,30,0.02,530,
gikuyu,munyuko,30,0.02,531,
gikuyu,guce-,30,0.02,532,
gikuyu,gucekeh-,30,0.02,533,
gikuyu,guicuhio,30,0.02,534,
gikuyu,kunag-,30,0.02,535,
gikuyu,irigu,30,0.02,536,
gikuyu,gucukagwo,30,0.02,537,
gikuyu,utaguteo,30,0.02,538,
gikuyu,guthuran-,30,0.02,539,
gikuyu,gukiririri-,30,0.02,540,
gikuyu,ngathi-,30,0.02,541,
gikuyu,ngicayag-,30,0.02,542,
gikuyu,gukuhiriri-,30,0.02,543,
gikuyu,tikuo,30,0.02,544,
gikuyu,gukungagwo,30,0.02,545,
gikuyu,utuuragia,30,0.02,546,
gikuyu,guteithagio,30,0.02,547,
gikuyu,witeithiti-,30,0.02,548,
gikuyu,niku-,30,0.02,549,
gikuyu,guthekio,30,0.02,550,
gikuyu,guthigagio,30,0.02,551,
gikuyu,gutongitwo,30,0.02,552,
gikuyu,matugut-,30,0.02,553,
gikuyu,acok-,30,0.02,554,
gikuyu,onagi-,30,0.02,555,
gikuyu,-onagi,30,0.02,556,
gikuyu,guthimb-,30,0.02,557,
gikuyu,kiku-,30,0.02,558,
gikuyu,-hoto,30,0.02,559,
gikuyu,kamukw-,30,0.02,560,
gikuyu,guthukagirio,30,0.02,561,
gikuyu,wanateg-,30,0.02,562,
gikuyu,guthuragwo,30,0.02,563,
gikuyu,uriendwo,30,0.02,564,
gikuyu,gitatuiri-,30,0.02,565,
gikuyu,githinj-,30,0.02,566,
gikuyu,utathinj-,30,0.02,567,
gikuyu,ithiagwwo,30,0.02,568,
gikuyu,-ayo,30,0.02,569,
gikuyu,utukarugwo,30,0.02,570,
gikuyu,mucuthiriri-,30,0.02,571,
gikuyu,urehag-,30,0.02,572,
gikuyu,urugar-,30,0.02,573,
gikuyu,eguthi-,30,0.02,574,
gikuyu,ekuum-,30,0.02,575,
gikuyu,wend-,30,0.02,576,
gikuyu,gutungan-,30,0.02,577,
gikuyu,utangutuik-,30,0.02,578,
gikuyu,utainagi-,30,0.02,579,
gikuyu,ruthi-,30,0.02,580,
gikuyu,mutumi-,30,0.02,581,
gikuyu,wenjagirwo,30,0.02,582,
gikuyu,ungitem-,30,0.02,583,
gikuyu,agitemer-,30,0.02,584,
gikuyu,muhuriri-,30,0.02,585,
gikuyu,wa-,30,0.02,586,
gikuyu,mahuririo,30,0.02,587,
gikuyu,irumag-,30,0.02,588,
gikuyu,ngiriny-,30,0.02,589,
gikuyu,uciaragwo,30,0.02,590,
gikuyu,ucokag-,30,0.02,591,
gikuyu,arumiirwo,30,0.02,592,
gikuyu,uikagi-,30,0.02,593,
gikuyu,atari,30,0.02,594,
gikuyu,ukinyag-,30,0.02,595,
gikuyu,mukinyir-,30,0.02,596,
gikuyu,kihumo,30,0.02,597,
gikuyu,utong-,30,0.02,598,
gikuyu,uton-,30,0.02,599,
gikuyu,ritakuri-,30,0.02,600,
gikuyu,thingir-,30,0.02,601,
gikuyu,uthuir-,30,0.02,602,
gikuyu,agiku-,30,0.02,603,
gikuyu,erirag-,30,0.02,604,
gikuyu,agithi-,30,0.02,605,
gikuyu,agicok-,30,0.02,606,
gikuyu,wit-,30,0.02,607,
gikuyu,baba,30,0.02,608,
gikuyu,gute-,30,0.02,609,
gikuyu,gutungat-,30,0.02,610,
gikuyu,gutingigiri-,30,0.02,611,
gikuyu,agatungatwo,30,0.02,612,
gikuyu,gwakia,30,0.02,613,
gikuyu,kwaram-,30,0.02,614,
gikuyu,gwat-,30,0.02,615,
gikuyu,gwakundeer-,30,0.02,616,
gikuyu,gwether-,30,0.02,617,
gikuyu,gitah-,30,0.02,618,
gikuyu,gwi,30,0.02,619,
gikuyu,thigar-,30,0.02,620,
gikuyu,kumathag-,30,0.02,621,
gikuyu,mugw-,30,0.02,622,
gikuyu,hatiganain-,30,0.02,623,
gikuyu,hatiitangagwo,30,0.02,624,
gikuyu,itanakir-,30,0.02,625,
gikuyu,hing-,30,0.02,626,
gikuyu,ndikinyag-,30,0.02,627,
gikuyu,uigan-,30,0.02,628,
gikuyu,-uigan,30,0.02,629,
gikuyu,urum-,30,0.02,630,
gikuyu,ciathi-,30,0.02,631,
gikuyu,ciegangar-,30,0.02,632,
gikuyu,yugag-,30,0.02,633,
gikuyu,ogi,30,0.02,634,
gikuyu,mon-,30,0.02,635,
gikuyu,gicing-,30,0.02,636,
gikuyu,ngwatiro,30,0.02,637,
gikuyu,mui,30,0.02,638,
gikuyu,ngorok-,30,0.02,639,
gikuyu,irathinjirwo,30,0.02,640,
gikuyu,igithi-,30,0.02,641,
gikuyu,ndiatigir-,30,0.02,642,
gikuyu,hun-,30,0.02,643,
gikuyu,huhit-,30,0.02,644,
gikuyu,hurur-,30,0.02,645,
gikuyu,ithekag-,30,0.02,646,
gikuyu,rwaro,30,0.02,647,
gikuyu,igiarag-,30,0.02,648,
gikuyu,oine,30,0.02,649,
gikuyu,igitunywo,30,0.02,650,
gikuyu,iikagirio,30,0.02,651,
gikuyu,mungu,30,0.02,652,
gikuyu,ikurum-,30,0.02,653,
gikuyu,oragi-,30,0.02,654,
gikuyu,-oragi,30,0.02,655,
gikuyu,mugugut-,30,0.02,656,
gikuyu,-aya,30,0.02,657,
gikuyu,igan-,30,0.02,658,
gikuyu,-igan,30,0.02,659,
gikuyu,guciar-,30,0.02,660,
gikuyu,yongithagiri-,30,0.02,661,
gikuyu,ho,30,0.02,662,
gikuyu,iragwo,30,0.02,663,
gikuyu,mwirorer-,30,0.02,664,
gikuyu,ihugagi-,30,0.02,665,
gikuyu,hinj-,30,0.02,666,
gikuyu,-hinj,30,0.02,667,
gikuyu,hum-,30,0.02,668,
gikuyu,-hum,30,0.02,669,
gikuyu,itangigwatirir-,30,0.02,670,
gikuyu,iguitirir-,30,0.02,671,
gikuyu,igiritagi-,30,0.02,672,
gikuyu,muthec-,30,0.02,673,
gikuyu,ndioyagir-,30,0.02,674,
gikuyu,nyit-,30,0.02,675,
gikuyu,mutego,30,0.02,676,
gikuyu,ndithuir-,30,0.02,677,
gikuyu,gwiteithur-,30,0.02,678,
gikuyu,thon-,30,0.02,679,
gikuyu,munj-,30,0.02,680,
gikuyu,irugamag-,30,0.02,681,
gikuyu,ikurumag-,30,0.02,682,
gikuyu,itakuur-,30,0.02,683,
gikuyu,igwatagi-,30,0.02,684,
gikuyu,ruhuho,30,0.02,685,
gikuyu,tha-,30,0.02,686,
gikuyu,igunagwo,30,0.02,687,
gikuyu,makor-,30,0.02,688,
gikuyu,ithinjagirwo,30,0.02,689,
gikuyu,murwar-,30,0.02,690,
gikuyu,igakor-,30,0.02,691,
gikuyu,warwarir-,30,0.02,692,
gikuyu,ithimbag-,30,0.02,693,
gikuyu,itunyagwo,30,0.02,694,
gikuyu,iga-,30,0.02,695,
gikuyu,ritigiragi-,30,0.02,696,
gikuyu,igego,30,0.02,697,
gikuyu,rithekagi-,30,0.02,698,
gikuyu,iheny-,30,0.02,699,
gikuyu,inene,30,0.02,700,
gikuyu,unag-,30,0.02,701,
gikuyu,-unag,30,0.02,702,
gikuyu,ihath-,30,0.02,703,
gikuyu,ikuragir-,30,0.02,704,
gikuyu,uth-,30,0.02,705,
gikuyu,ritiringanag-,30,0.02,706,
gikuyu,itiaganag-,30,0.02,707,
gikuyu,rikinyag-,30,0.02,708,
gikuyu,-un,30,0.02,709,
gikuyu,iku-,30,0.02,710,
gikuyu,inyany-,30,0.02,711,
gikuyu,kurimithanio,30,0.02,712,
gikuyu,ugwat-,30,0.02,713,
gikuyu,guthu-,30,0.02,714,
gikuyu,ndongori-,30,0.02,715,
gikuyu,itikinyagir-,30,0.02,716,
gikuyu,nyek-,30,0.02,717,
gikuyu,gwithamb-,30,0.02,718,
gikuyu,itioragirwo,30,0.02,719,
gikuyu,ukab-,30,0.02,720,
gikuyu,gikuy-,30,0.02,721,
gikuyu,rirekagi-,30,0.02,722,
gikuyu,riemb-,30,0.02,723,
gikuyu,ikenagir-,30,0.02,724,
gikuyu,ititirag-,30,0.02,725,
gikuyu,itirirag-,30,0.02,726,
gikuyu,ititahag-,30,0.02,727,
gikuyu,rinogagi-,30,0.02,728,
gikuyu,ithar-,30,0.02,729,
gikuyu,riaguk-,30,0.02,730,
gikuyu,-umo,30,0.02,731,
gikuyu,ritiringag-,30,0.02,732,
gikuyu,ritirutagirwo,30,0.02,733,
gikuyu,riuragag-,30,0.02,734,
gikuyu,rir,30,0.02,735,
gikuyu,-ono,30,0.02,736,
gikuyu,ritituhagi-,30,0.02,737,
gikuyu,ithinjiro,30,0.02,738,
gikuyu,ritiagag-,30,0.02,739,
gikuyu,rer-,30,0.02,740,
gikuyu,-rer,30,0.02,741,
gikuyu,ucu-,30,0.02,742,
gikuyu,gatingirungik-,30,0.02,743,
gikuyu,gatingiyuragir-,30,0.02,744,
gikuyu,kagwac-,30,0.02,745,
gikuyu,horagi-,30,0.02,746,
gikuyu,-horagi,30,0.02,747,
gikuyu,gatiagararagwo,30,0.02,748,
gikuyu,kamenyag-,30,0.02,749,
gikuyu,kugerek-,30,0.02,750,
gikuyu,kogi,30,0.02,751,
gikuyu,migw-,30,0.02,752,
gikuyu,getainwo,30,0.02,753,
gikuyu,rathim-,30,0.02,754,
gikuyu,-rathim,30,0.02,755,
gikuyu,gatiu-,30,0.02,756,
gikuyu,gatuhag-,30,0.02,757,
gikuyu,kai-,30,0.02,758,
gikuyu,korur-,30,0.02,759,
gikuyu,gatigag-,30,0.02,760,
gikuyu,gugithinjwo,30,0.02,761,
gikuyu,kamamiriri-,30,0.02,762,
gikuyu,gateir-,30,0.02,763,
gikuyu,kama-,30,0.02,764,
gikuyu,mwer-,30,0.02,765,
gikuyu,airaga,30,0.02,766,
gikuyu,kamuhuthu-,30,0.02,767,
gikuyu,harurukagi-,30,0.02,768,
gikuyu,-harurukagi,30,0.02,769,
gikuyu,kamu-,30,0.02,770,
gikuyu,yag-,30,0.02,771,
gikuyu,-yag,30,0.02,772,
gikuyu,ukomeir-,30,0.02,773,
gikuyu,gatituhagi-,30,0.02,774,
gikuyu,ragi-,30,0.02,775,
gikuyu,-ragi,30,0.02,776,
gikuyu,ngahand-,30,0.02,777,
gikuyu,ken-,30,0.02,778,
gikuyu,gatinyuag-,30,0.02,779,
gikuyu,muma,30,0.02,780,
gikuyu,ikah-,30,0.02,781,
gikuyu,kendagi-,30,0.02,782,
gikuyu,weriir-,30,0.02,783,
gikuyu,gatun-,30,0.02,784,
gikuyu,mwamukaniro,30,0.02,785,
gikuyu,kanyon-,30,0.02,786,
gikuyu,keminagir-,30,0.02,787,
gikuyu,njo-,30,0.02,788,
gikuyu,kanywanju-,30,0.02,789,
gikuyu,kerathag-,30,0.02,790,
gikuyu,-raguthwo,30,0.02,791,
gikuyu,kar-,30,0.02,792,
gikuyu,ang-,30,0.02,793,
gikuyu,-ang,30,0.02,794,
gikuyu,hak-,30,0.02,795,
gikuyu,gatiumagi-,30,0.02,796,
gikuyu,-rara,30,0.02,797,
gikuyu,gekiny-,30,0.02,798,
gikuyu,gatukagi-,30,0.02,799,
gikuyu,karat-,30,0.02,800,
gikuyu,-agwo,30,0.02,801,
gikuyu,gatihonag-,30,0.02,802,
gikuyu,rerari-,30,0.02,803,
gikuyu,-rerari,30,0.02,804,
gikuyu,kagaruragwo,30,0.02,805,
gikuyu,-riki,30,0.02,806,
gikuyu,gatukiriiri-,30,0.02,807,
gikuyu,ndutur-,30,0.02,808,
gikuyu,gati-,30,0.02,809,
gikuyu,gatiiyumburag-,30,0.02,810,
gikuyu,kiabac-,30,0.02,811,
gikuyu,rugag-,30,0.02,812,
gikuyu,-rugag,30,0.02,813,
gikuyu,giakur-,30,0.02,814,
gikuyu,kiiyuragio,30,0.02,815,
gikuyu,ihut-,30,0.02,816,
gikuyu,gitigwatagwo,30,0.02,817,
gikuyu,uimbo,30,0.02,818,
gikuyu,-iraga,30,0.02,819,
gikuyu,kig-,30,0.02,820,
gikuyu,gitininukagio,30,0.02,821,
gikuyu,gituthag-,30,0.02,822,
gikuyu,rutung-,30,0.02,823,
gikuyu,kigeturag-,30,0.02,824,
gikuyu,kiring-,30,0.02,825,
gikuyu,ruiyur-,30,0.02,826,
gikuyu,-ongagirirwo,30,0.02,827,
gikuyu,gitihakagwo,30,0.02,828,
gikuyu,ndokeirwo,30,0.02,829,
gikuyu,nuu,30,0.02,830,
gikuyu,muhuh-,30,0.02,831,
gikuyu,ethukiti-,30,0.02,832,
gikuyu,we,30,0.02,833,
gikuyu,ho-,30,0.02,834,
gikuyu,-ho,30,0.02,835,
gikuyu,ahoyag-,30,0.02,836,
gikuyu,kindong,30,0.02,837,
gikuyu,igag-,30,0.02,838,
gikuyu,-igag,30,0.02,839,
gikuyu,kienjithagio,30,0.02,840,
gikuyu,gitihoyag-,30,0.02,841,
gikuyu,mici-,30,0.02,842,
gikuyu,ciihiti-,30,0.02,843,
gikuyu,cioth-,30,0.02,844,
gikuyu,gitingirek-,30,0.02,845,
gikuyu,akom-,30,0.02,846,
gikuyu,gitiunanagirwo,30,0.02,847,
gikuyu,gitindagi-,30,0.02,848,
gikuyu,kihithag-,30,0.02,849,
gikuyu,rwembe-,30,0.02,850,
gikuyu,umb-,30,0.02,851,
gikuyu,-umb,30,0.02,852,
gikuyu,gitikuonwo,30,0.02,853,
gikuyu,gwikigi-,30,0.02,854,
gikuyu,muciarir-,30,0.02,855,
gikuyu,kiong-,30,0.02,856,
gikuyu,muku-,30,0.02,857,
gikuyu,kiringir-,30,0.02,858,
gikuyu,rukireg-,30,0.02,859,
gikuyu,gitimuiragi-,30,0.02,860,
gikuyu,-ruk,30,0.02,861,
gikuyu,kimb-,30,0.02,862,
gikuyu,mung,30,0.02,863,
gikuyu,ung,30,0.02,864,
gikuyu,utu,30,0.02,865,
gikuyu,gitihatagiririo,30,0.02,866,
gikuyu,kiunuh-,30,0.02,867,
gikuyu,gitiriagirwo,30,0.02,868,
gikuyu,kiaringio,30,0.02,869,
gikuyu,ugag-,30,0.02,870,
gikuyu,-ugag,30,0.02,871,
gikuyu,kieringi-,30,0.02,872,
gikuyu,kiririri-,30,0.02,873,
gikuyu,ruo,30,0.02,874,
gikuyu,gither-,30,0.02,875,
gikuyu,gitirutanagirwo,30,0.02,876,
gikuyu,ate-,30,0.02,877,
gikuyu,athiniri-,30,0.02,878,
gikuyu,kuganwo,30,0.02,879,
gikuyu,kuger-,30,0.02,880,
gikuyu,itihanain-,30,0.02,881,
gikuyu,kugunagwo,30,0.02,882,
gikuyu,mwithiomer-,30,0.02,883,
gikuyu,kuna,30,0.02,884,
gikuyu,kuhitia,30,0.02,885,
gikuyu,kuhonok-,30,0.02,886,
gikuyu,gutu-,30,0.02,887,
gikuyu,kui-,30,0.02,888,
gikuyu,kuhuut-,30,0.02,889,
gikuyu,kuhuun-,30,0.02,890,
gikuyu,hur-,30,0.02,891,
gikuyu,-hur,30,0.02,892,
gikuyu,kumth-,30,0.02,893,
gikuyu,kuramat-,30,0.02,894,
gikuyu,kumenyuk-,30,0.02,895,
gikuyu,we-,30,0.02,896,
gikuyu,kuutind-,30,0.02,897,
gikuyu,kungu,30,0.02,898,
gikuyu,kuohwo,30,0.02,899,
gikuyu,maiyuri-,30,0.02,900,
gikuyu,gigiciar-,30,0.02,901,
gikuyu,gukahuk-,30,0.02,902,
gikuyu,guticokag-,30,0.02,903,
gikuyu,guku-,30,0.02,904,
gikuyu,kigwa,30,0.02,905,
gikuyu,mwon-,30,0.02,906,
gikuyu,uku-,30,0.02,907,
gikuyu,utatumwo,30,0.02,908,
gikuyu,gukorok-,30,0.02,909,
gikuyu,-oria,30,0.02,910,
gikuyu,nai,30,0.02,911,
gikuyu,tiri,30,0.02,912,
gikuyu,kuriithi-,30,0.02,913,
gikuyu,kurikanir-,30,0.02,914,
gikuyu,ndeto,30,0.02,915,
gikuyu,ihitan-,30,0.02,916,
gikuyu,-rima,30,0.02,917,
gikuyu,amu,30,0.02,918,
gikuyu,kioragir-,30,0.02,919,
gikuyu,gutiiriragwo,30,0.02,920,
gikuyu,ku,30,0.02,921,
gikuyu,heho,30,0.02,922,
gikuyu,kumagar-,30,0.02,923,
gikuyu,mucun-,30,0.02,924,
gikuyu,gwateirwo,30,0.02,925,
gikuyu,muhituk-,30,0.02,926,
gikuyu,munegen-,30,0.02,927,
gikuyu,kworir-,30,0.02,928,
gikuyu,mwendwo,30,0.02,929,
gikuyu,mathin-,30,0.02,930,
gikuyu,kwioner-,30,0.02,931,
gikuyu,maraitik-,30,0.02,932,
gikuyu,muhit-,30,0.02,933,
gikuyu,rar-,30,0.02,934,
gikuyu,-rar,30,0.02,935,
gikuyu,tim-,30,0.02,936,
gikuyu,mageri-,30,0.02,937,
gikuyu,hot-,30,0.02,938,
gikuyu,-hot,30,0.02,939,
gikuyu,-kuru,30,0.02,940,
gikuyu,matinag-,30,0.02,941,
gikuyu,rwimbo,30,0.02,942,
gikuyu,mambagio,30,0.02,943,
gikuyu,uthi-,30,0.02,944,
gikuyu,kihinj-,30,0.02,945,
gikuyu,irang,30,0.02,946,
gikuyu,mamb-,30,0.02,947,
gikuyu,matigiragi-,30,0.02,948,
gikuyu,maronan-,30,0.02,949,
gikuyu,-iriro,30,0.02,950,
gikuyu,ruthiom-,30,0.02,951,
gikuyu,matituurag-,30,0.02,952,
gikuyu,gite-,30,0.02,953,
gikuyu,mahitukag-,30,0.02,954,
gikuyu,ugikunj-,30,0.02,955,
gikuyu,mathanw-,30,0.02,956,
gikuyu,-ondo,30,0.02,957,
gikuyu,gukomorani-,30,0.02,958,
gikuyu,mwak-,30,0.02,959,
gikuyu,mendag-,30,0.02,960,
gikuyu,murugurio,30,0.02,961,
gikuyu,matig-,30,0.02,962,
gikuyu,moranwo,30,0.02,963,
gikuyu,matiruk-,30,0.02,964,
gikuyu,magu-,30,0.02,965,
gikuyu,nguririr-,30,0.02,966,
gikuyu,thig-,30,0.02,967,
gikuyu,matumb-,30,0.02,968,
gikuyu,matituranag-,30,0.02,969,
gikuyu,-undu,30,0.02,970,
gikuyu,ndiganiro,30,0.02,971,
gikuyu,mba,30,0.02,972,
gikuyu,ya-,30,0.02,973,
gikuyu,-kwa,30,0.02,974,
gikuyu,irihagwo,30,0.02,975,
gikuyu,mbaaray-,30,0.02,976,
gikuyu,ond-,30,0.02,977,
gikuyu,-eka,30,0.02,978,
gikuyu,makorirwo,30,0.02,979,
gikuyu,meka,30,0.02,980,
gikuyu,iminag-,30,0.02,981,
gikuyu,ndar-,30,0.02,982,
gikuyu,iguth-,30,0.02,983,
gikuyu,ndiriragwo,30,0.02,984,
gikuyu,gikeno,30,0.02,985,
gikuyu,mugiano,30,0.02,986,
gikuyu,mbogo,30,0.02,987,
gikuyu,mung-,30,0.02,988,
gikuyu,igucagio,30,0.02,989,
gikuyu,itiugagirwo,30,0.02,990,
gikuyu,itirumagwo,30,0.02,991,
gikuyu,ndiremag-,30,0.02,992,
gikuyu,rwagath-,30,0.02,993,
gikuyu,ndikir-,30,0.02,994,
gikuyu,-itha,30,0.02,995,
gikuyu,ndirigari-,30,0.02,996,
gikuyu,nditihagir-,30,0.02,997,
gikuyu,tuhu,30,0.02,998,
gikuyu,rig-,30,0.02,999,
gikuyu,-rig,30,0.02,1000,
gikuyu,yaringirir-,30,0.02,1001,
gikuyu,ugu-,30,0.02,1002,
gikuyu,uringagirir-,30,0.02,1003,
gikuyu,itikagio,30,0.02,1004,
gikuyu,athamak-,30,0.02,1005,
gikuyu,ndikirit-,30,0.02,1006,
gikuyu,mburungo,30,0.02,1007,
gikuyu,men-,30,0.02,1008,
gikuyu,wigerer-,30,0.02,1009,
gikuyu,ndukor-,30,0.02,1010,
gikuyu,mi-,30,0.02,1011,
gikuyu,nditukanagio,30,0.02,1012,
gikuyu,migambo,30,0.02,1013,
gikuyu,miruk-,30,0.02,1014,
gikuyu,migugut-,30,0.02,1015,
gikuyu,ndiambagiririo,30,0.02,1016,
gikuyu,migu-,30,0.02,1017,
gikuyu,migogo,30,0.02,1018,
gikuyu,miheh-,30,0.02,1019,
gikuyu,yongagirirwo,30,0.02,1020,
gikuyu,mitheko,30,0.02,1021,
gikuyu,githim-,30,0.02,1022,
gikuyu,yumag-,30,0.02,1023,
gikuyu,theg-,30,0.02,1024,
gikuyu,ndiikagio,30,0.02,1025,
gikuyu,mubatar-,30,0.02,1026,
gikuyu,ndaconokag-,30,0.02,1027,
gikuyu,mucakw-,30,0.02,1028,
gikuyu,uguithagi-,30,0.02,1029,
gikuyu,miguongo,30,0.02,1030,
gikuyu,ndamwagag-,30,0.02,1031,
gikuyu,ceer-,30,0.02,1032,
gikuyu,-ceer,30,0.02,1033,
gikuyu,akundukag-,30,0.02,1034,
gikuyu,taguo,30,0.02,1035,
gikuyu,-iragio,30,0.02,1036,
gikuyu,ndathikuragi-,30,0.02,1037,
gikuyu,etiagir-,30,0.02,1038,
gikuyu,ndwathagwo,30,0.02,1039,
gikuyu,utawakir-,30,0.02,1040,
gikuyu,kurar-,30,0.02,1041,
gikuyu,uraragwo,30,0.02,1042,
gikuyu,ndutindagwo,30,0.02,1043,
gikuyu,ndwagag-,30,0.02,1044,
gikuyu,kihuno,30,0.02,1045,
gikuyu,mucing-,30,0.02,1046,
gikuyu,mucirir-,30,0.02,1047,
gikuyu,muthig-,30,0.02,1048,
gikuyu,ndagambag-,30,0.02,1049,
gikuyu,mucukan-,30,0.02,1050,
gikuyu,mwega,30,0.02,1051,
gikuyu,kugu-,30,0.02,1052,
gikuyu,nduoyagwo,30,0.02,1053,
gikuyu,uroigwo,30,0.02,1054,
gikuyu,ndugukagwo,30,0.02,1055,
gikuyu,mugariru-,30,0.02,1056,
gikuyu,icur-,30,0.02,1057,
gikuyu,gutwik-,30,0.02,1058,
gikuyu,muig-,30,0.02,1059,
gikuyu,ute-,30,0.02,1060,
gikuyu,ami-,30,0.02,1061,
gikuyu,ndarugagirwo,30,0.02,1062,
gikuyu,ndahuhitag-,30,0.02,1063,
gikuyu,mugeth-,30,0.02,1064,
gikuyu,agethir-,30,0.02,1065,
gikuyu,agirir-,30,0.02,1066,
gikuyu,ruh-,30,0.02,1067,
gikuyu,mugogo,30,0.02,1068,
gikuyu,hingag-,30,0.02,1069,
gikuyu,-hingag,30,0.02,1070,
gikuyu,iriuko,30,0.02,1071,
gikuyu,mugom-,30,0.02,1072,
gikuyu,uturag-,30,0.02,1073,
gikuyu,rut-,30,0.02,1074,
gikuyu,umenyagwo,30,0.02,1075,
gikuyu,ngetho,30,0.02,1076,
gikuyu,-inagwo,30,0.02,1077,
gikuyu,-urir,30,0.02,1078,
gikuyu,hakuh-,30,0.02,1079,
gikuyu,aheo,30,0.02,1080,
gikuyu,awa,30,0.02,1081,
gikuyu,ukundemburir-,30,0.02,1082,
gikuyu,itimuragi-,30,0.02,1083,
gikuyu,muhak-,30,0.02,1084,
gikuyu,itimuragir-,30,0.02,1085,
gikuyu,hiu,30,0.02,1086,
gikuyu,muhand-,30,0.02,1087,
gikuyu,muharwo,30,0.02,1088,
gikuyu,uthingatag-,30,0.02,1089,
gikuyu,muhehwo,30,0.02,1090,
gikuyu,meri,30,0.02,1091,
gikuyu,ndaiguag-,30,0.02,1092,
gikuyu,ndathekag-,30,0.02,1093,
gikuyu,ago,30,0.02,1094,
gikuyu,ndagathimag-,30,0.02,1095,
gikuyu,muhik-,30,0.02,1096,
gikuyu,ahikanag-,30,0.02,1097,
gikuyu,rubia,30,0.02,1098,
gikuyu,atumag-,30,0.02,1099,
gikuyu,rwe-,30,0.02,1100,
gikuyu,muhorer-,30,0.02,1101,
gikuyu,muhotwo,30,0.02,1102,
gikuyu,ndararag-,30,0.02,1103,
gikuyu,muhuun-,30,0.02,1104,
gikuyu,etaga,30,0.02,1105,
gikuyu,uhuti-,30,0.02,1106,
gikuyu,mukorok-,30,0.02,1107,
gikuyu,athamagi-,30,0.02,1108,
gikuyu,kiar-,30,0.02,1109,
gikuyu,ndathiragwo,30,0.02,1110,
gikuyu,hind-,30,0.02,1111,
gikuyu,arindagir-,30,0.02,1112,
gikuyu,munyit-,30,0.02,1113,
gikuyu,uthekagirir-,30,0.02,1114,
gikuyu,cong,30,0.02,1115,
gikuyu,e,30,0.02,1116,
gikuyu,ndahoyag-,30,0.02,1117,
gikuyu,runyen-,30,0.02,1118,
gikuyu,-imba,30,0.02,1119,
gikuyu,mubarano,30,0.02,1120,
gikuyu,gitin-,30,0.02,1121,
gikuyu,thambo,30,0.02,1122,
gikuyu,ndakoragwo,30,0.02,1123,
gikuyu,kwih-,30,0.02,1124,
gikuyu,-kia,30,0.02,1125,
gikuyu,mweherer-,30,0.02,1126,
gikuyu,ndatuurag-,30,0.02,1127,
gikuyu,muingatwo,30,0.02,1128,
gikuyu,muinuk-,30,0.02,1129,
gikuyu,ndatukagirwo,30,0.02,1130,
gikuyu,acokagirirwo,30,0.02,1131,
gikuyu,ain-,30,0.02,1132,
gikuyu,agir-,30,0.02,1133,
gikuyu,-agir,30,0.02,1134,
gikuyu,ihug-,30,0.02,1135,
gikuyu,ahingag-,30,0.02,1136,
gikuyu,etereir-,30,0.02,1137,
gikuyu,kigurumuk-,30,0.02,1138,
gikuyu,oke,30,0.02,1139,
gikuyu,murarir-,30,0.02,1140,
gikuyu,mukager-,30,0.02,1141,
gikuyu,-horo,30,0.02,1142,
gikuyu,ndug-,30,0.02,1143,
gikuyu,mukami,30,0.02,1144,
gikuyu,aimag-,30,0.02,1145,
gikuyu,uhuni-,30,0.02,1146,
gikuyu,ukir-,30,0.02,1147,
gikuyu,-ukir,30,0.02,1148,
gikuyu,ainukag-,30,0.02,1149,
gikuyu,githun-,30,0.02,1150,
gikuyu,ndamenyagwo,30,0.02,1151,
gikuyu,ga-,30,0.02,1152,
gikuyu,unyoni-,30,0.02,1153,
gikuyu,muga-,30,0.02,1154,
gikuyu,mukwithi-,30,0.02,1155,
gikuyu,itigi,30,0.02,1156,
gikuyu,kwi,30,0.02,1157,
gikuyu,muthat-,30,0.02,1158,
gikuyu,mumbi,30,0.02,1159,
gikuyu,arugag-,30,0.02,1160,
gikuyu,amwitag-,30,0.02,1161,
gikuyu,amurutag-,30,0.02,1162,
gikuyu,-aki,30,0.02,1163,
gikuyu,iniur-,30,0.02,1164,
gikuyu,agerag-,30,0.02,1165,
gikuyu,ndagerag-,30,0.02,1166,
gikuyu,nderaguragir-,30,0.02,1167,
gikuyu,gwithoki-,30,0.02,1168,
gikuyu,itimenyagirwo,30,0.02,1169,
gikuyu,ndoragagwo,30,0.02,1170,
gikuyu,ndatumagwo,30,0.02,1171,
gikuyu,muhootan-,30,0.02,1172,
gikuyu,urakanyuir-,30,0.02,1173,
gikuyu,otaga,30,0.02,1174,
gikuyu,athinjag-,30,0.02,1175,
gikuyu,toi,30,0.02,1176,
gikuyu,oi,30,0.02,1177,
gikuyu,urugag-,30,0.02,1178,
gikuyu,rurug-,30,0.02,1179,
gikuyu,ourugagwo,30,0.02,1180,
gikuyu,-erwo,30,0.02,1181,
gikuyu,wourugan-,30,0.02,1182,
gikuyu,mundwithi-,30,0.02,1183,
gikuyu,rimw-,30,0.02,1184,
gikuyu,ngagacok-,30,0.02,1185,
gikuyu,kunwithi-,30,0.02,1186,
gikuyu,ringi,30,0.02,1187,
gikuyu,ugaruragirwo,30,0.02,1188,
gikuyu,unyakukagwo,30,0.02,1189,
gikuyu,-hinga,30,0.02,1190,
gikuyu,ndurokag-,30,0.02,1191,
gikuyu,munyot-,30,0.02,1192,
gikuyu,muragan-,30,0.02,1193,
gikuyu,ndakayag-,30,0.02,1194,
gikuyu,ukayag-,30,0.02,1195,
gikuyu,ndaregag-,30,0.02,1196,
gikuyu,akihetwo,30,0.02,1197,
gikuyu,ndangihot-,30,0.02,1198,
gikuyu,muremwo,30,0.02,1199,
gikuyu,ndugo,30,0.02,1200,
gikuyu,nja,30,0.02,1201,
gikuyu,hig-,30,0.02,1202,
gikuyu,-hig,30,0.02,1203,
gikuyu,thatu,30,0.02,1204,
gikuyu,ngime,30,0.02,1205,
gikuyu,mukimir-,30,0.02,1206,
gikuyu,yak-,30,0.02,1207,
gikuyu,ndarundagwo,30,0.02,1208,
gikuyu,ndoinagwo,30,0.02,1209,
gikuyu,-oko,30,0.02,1210,
gikuyu,ndaiyuragi-,30,0.02,1211,
gikuyu,nduminag-,30,0.02,1212,
gikuyu,arag-,30,0.02,1213,
gikuyu,ndunenganagirwo,30,0.02,1214,
gikuyu,ndutuurag-,30,0.02,1215,
gikuyu,niwiriagir-,30,0.02,1216,
gikuyu,ug-,30,0.02,1217,
gikuyu,uminag-,30,0.02,1218,
gikuyu,magego,30,0.02,1219,
gikuyu,uriukagwo,30,0.02,1220,
gikuyu,nduriukagwo,30,0.02,1221,
gikuyu,runene,30,0.02,1222,
gikuyu,ndaruriagir-,30,0.02,1223,
gikuyu,muriganio,30,0.02,1224,
gikuyu,ugitony-,30,0.02,1225,
gikuyu,cok-,30,0.02,1226,
gikuyu,-cok,30,0.02,1227,
gikuyu,uragag-,30,0.02,1228,
gikuyu,murogor-,30,0.02,1229,
gikuyu,muror-,30,0.02,1230,
gikuyu,arug-,30,0.02,1231,
gikuyu,murungur-,30,0.02,1232,
gikuyu,uta-,30,0.02,1233,
gikuyu,hag-,30,0.02,1234,
gikuyu,-hag,30,0.02,1235,
gikuyu,murur-,30,0.02,1236,
gikuyu,ndwakag-,30,0.02,1237,
gikuyu,murwithi-,30,0.02,1238,
gikuyu,aari,30,0.02,1239,
kamba,-a,12030,14.05,1,
kamba,-e,3270,3.819,2,
kamba,-i,2430,2.838,3,
kamba,nĩ,1920,2.242,4,
kamba,-ĩ,1710,1.997,5,
kamba,ka-,1230,1.437,6,
kamba,na,1050,1.226,7,
kamba,-u,1020,1.191,8,
kamba,wa,960,1.121,9,
kamba,-aa,930,1.086,10,
kamba,-o,870,1.016,11,
kamba,mũt-,780,0.911,12,
kamba,mbu-,720,0.841,13,
kamba,-la,690,0.806,14,
kamba,mb-,630,0.736,15,
kamba,ya,570,0.666,16,
kamba,kĩ-,570,0.666,17,
kamba,mũ-,540,0.631,18,
kamba,nzo-,510,0.596,19,
kamba,a,480,0.561,20,
kamba,ng-,480,0.561,21,
kamba,ma-,480,0.561,22,
kamba,nyamũ,480,0.561,23,
kamba,kya,450,0.526,24,
kamba,ũtukũ,390,0.456,25,
kamba,-iti,390,0.456,26,
kamba,-yo,390,0.456,27,
kamba,-anga,360,0.42,28,
kamba,wĩ,330,0.385,29,
kamba,nth-,330,0.385,30,
kamba,-ũ,330,0.385,31,
kamba,vay-,330,0.385,32,
kamba,wa-,330,0.385,33,
kamba,o,300,0.35,34,
kamba,kĩth-,300,0.35,35,
kamba,nz-,300,0.35,36,
kamba,sua,270,0.315,37,
kamba,mũtheny-,270,0.315,38,
kamba,va-,270,0.315,39,
kamba,kũ-,270,0.315,40,
kamba,ta,270,0.315,41,
kamba,-ya,240,0.28,42,
kamba,um-,240,0.28,43,
kamba,-um,240,0.28,44,
kamba,mũndũ,240,0.28,45,
kamba,-wa,240,0.28,46,
kamba,mw-,240,0.28,47,
kamba,-w,240,0.28,48,
kamba,ek-,240,0.28,49,
kamba,-ek,240,0.28,50,
kamba,ny-,240,0.28,51,
kamba,am-,240,0.28,52,
kamba,-am,240,0.28,53,
kamba,ndw-,210,0.245,54,
kamba,syĩ,210,0.245,55,
kamba,ũsĩ,210,0.245,56,
kamba,-ĩa,210,0.245,57,
kamba,ũla,210,0.245,58,
kamba,ũt-,210,0.245,59,
kamba,ngũ,210,0.245,60,
kamba,nze-,210,0.245,61,
kamba,sy-,210,0.245,62,
kamba,-sy,210,0.245,63,
kamba,mũsyĩm-,210,0.245,64,
kamba,yĩ,210,0.245,65,
kamba,ũ-,180,0.21,66,
kamba,sya-,180,0.21,67,
kamba,-sya,180,0.21,68,
kamba,en-,180,0.21,69,
kamba,sya,180,0.21,70,
kamba,mbo-,180,0.21,71,
kamba,sũn-,180,0.21,72,
kamba,-sũn,180,0.21,73,
kamba,ti,150,0.175,74,
kamba,ona,150,0.175,75,
kamba,no,150,0.175,76,
kamba,vai,150,0.175,77,
kamba,ve,150,0.175,78,
kamba,-en,150,0.175,79,
kamba,ya-,150,0.175,80,
kamba,ak-,150,0.175,81,
kamba,-ak,150,0.175,82,
kamba,-we,150,0.175,83,
kamba,kath-,150,0.175,84,
kamba,nĩ-,150,0.175,85,
kamba,kĩs-,150,0.175,86,
kamba,nd-,150,0.175,87,
kamba,kav-,150,0.175,88,
kamba,-ũkũ,150,0.175,89,
kamba,lũm-,150,0.175,90,
kamba,ĩsũn-,150,0.175,91,
kamba,ĩl-,120,0.14,92,
kamba,at-,120,0.14,93,
kamba,-at,120,0.14,94,
kamba,kan-,120,0.14,95,
kamba,kwa-,120,0.14,96,
kamba,kũt-,120,0.14,97,
kamba,mat-,120,0.14,98,
kamba,ũmwe,120,0.14,99,
kamba,ũta-,120,0.14,100,
kamba,ath-,120,0.14,101,
kamba,-ath,120,0.14,102,
kamba,kwĩ,120,0.14,103,
kamba,ĩt-,120,0.14,104,
kamba,-ongo,120,0.14,105,
kamba,-ula,120,0.14,106,
kamba,nok-,120,0.14,107,
kamba,mwa-,120,0.14,108,
kamba,-ka,120,0.14,109,
kamba,ngũũ-,120,0.14,110,
kamba,mwĩ-,120,0.14,111,
kamba,in-,120,0.14,112,
kamba,-uma,120,0.14,113,
kamba,nĩk-,120,0.14,114,
kamba,mang,120,0.14,115,
kamba,e,120,0.14,116,
kamba,aa,120,0.14,117,
kamba,ĩ,120,0.14,118,
kamba,ĩ-,120,0.14,119,
kamba,-vĩsĩ,120,0.14,120,
kamba,ke,120,0.14,121,
kamba,-ima,120,0.14,122,
kamba,ngũngũũ,120,0.14,123,
kamba,ka,90,0.105,124,
kamba,ũk-,90,0.105,125,
kamba,nzi-,90,0.105,126,
kamba,ĩmwe,90,0.105,127,
kamba,tha-,90,0.105,128,
kamba,-ano,90,0.105,129,
kamba,ĩte,90,0.105,130,
kamba,-yũ,90,0.105,131,
kamba,mũn-,90,0.105,132,
kamba,ĩm-,90,0.105,133,
kamba,-ĩm,90,0.105,134,
kamba,kĩngĩ,90,0.105,135,
kamba,ky-,90,0.105,136,
kamba,kũm-,90,0.105,137,
kamba,mũth-,90,0.105,138,
kamba,-in,90,0.105,139,
kamba,-ĩla,90,0.105,140,
kamba,ĩla,90,0.105,141,
kamba,uma-,90,0.105,142,
kamba,-ii,90,0.105,143,
kamba,eka,90,0.105,144,
kamba,kwe-,90,0.105,145,
kamba,ndũ-,90,0.105,146,
kamba,ũte,90,0.105,147,
kamba,mu-,90,0.105,148,
kamba,mũnene,90,0.105,149,
kamba,ng,90,0.105,150,
kamba,kĩt-,90,0.105,151,
kamba,ũ,90,0.105,152,
kamba,-yĩ,90,0.105,153,
kamba,ĩs-,90,0.105,154,
kamba,-ĩs,90,0.105,155,
kamba,vata,90,0.105,156,
kamba,ngũng-,90,0.105,157,
kamba,mee,90,0.105,158,
kamba,ila,90,0.105,159,
kamba,-syo,90,0.105,160,
kamba,ndasyĩma-,90,0.105,161,
kamba,ĩngĩ,90,0.105,162,
kamba,maa,90,0.105,163,
kamba,ang-,90,0.105,164,
kamba,katu,60,0.07,165,
kamba,-kya,60,0.07,166,
kamba,matukũ,60,0.07,167,
kamba,ma,60,0.07,168,
kamba,nĩyone-,60,0.07,169,
kamba,mbũ-,60,0.07,170,
kamba,ũthũk-,60,0.07,171,
kamba,ũka-,60,0.07,172,
kamba,yĩ-,60,0.07,173,
kamba,ĩv-,60,0.07,174,
kamba,metho,60,0.07,175,
kamba,kua,60,0.07,176,
kamba,mũumbĩ,60,0.07,177,
kamba,-ũũ,60,0.07,178,
kamba,itũngaw-,60,0.07,179,
kamba,syĩĩm-,60,0.07,180,
kamba,-laa,60,0.07,181,
kamba,kũmwe,60,0.07,182,
kamba,kĩnen-,60,0.07,183,
kamba,esaa,60,0.07,184,
kamba,-ingi,60,0.07,185,
kamba,wĩsĩ,60,0.07,186,
kamba,kenda,60,0.07,187,
kamba,ndwa-,60,0.07,188,
kamba,-ĩĩ,60,0.07,189,
kamba,i,60,0.07,190,
kamba,el-,60,0.07,191,
kamba,-el,60,0.07,192,
kamba,-asa,60,0.07,193,
kamba,ngov-,60,0.07,194,
kamba,nyũmb-,60,0.07,195,
kamba,ndu-,60,0.07,196,
kamba,im-,60,0.07,197,
kamba,-im,60,0.07,198,
kamba,kũũ,60,0.07,199,
kamba,-ee,60,0.07,200,
kamba,ndath-,60,0.07,201,
kamba,kũlĩs-,60,0.07,202,
kamba,ũngĩ,60,0.07,203,
kamba,kuth-,60,0.07,204,
kamba,-kuth,60,0.07,205,
kamba,kĩ,60,0.07,206,
kamba,-oka,60,0.07,207,
kamba,kĩyĩs-,60,0.07,208,
kamba,mba-,60,0.07,209,
kamba,ilĩ,60,0.07,210,
kamba,mũmũ,60,0.07,211,
kamba,7,60,0.07,212,
kamba,ũth-,60,0.07,213,
kamba,nĩv-,60,0.07,214,
kamba,-vĩndĩ,60,0.07,215,
kamba,wend-,60,0.07,216,
kamba,nga-,60,0.07,217,
kamba,-lĩ,60,0.07,218,
kamba,-wo,60,0.07,219,
kamba,ndwĩ-,60,0.07,220,
kamba,mwak-,60,0.07,221,
kamba,ũndũ,60,0.07,222,
kamba,mũnin-,60,0.07,223,
kamba,ndũthũũna-,60,0.07,224,
kamba,le-,60,0.07,225,
kamba,-le,60,0.07,226,
kamba,muu,60,0.07,227,
kamba,mũuumo,60,0.07,228,
kamba,vandũ,60,0.07,229,
kamba,kate,60,0.07,230,
kamba,twĩ,60,0.07,231,
kamba,weũ,60,0.07,232,
kamba,kĩw,60,0.07,233,
kamba,iko,60,0.07,234,
kamba,ok-,60,0.07,235,
kamba,ngi,60,0.07,236,
kamba,-kwa,60,0.07,237,
kamba,-kũũ,60,0.07,238,
kamba,andũ,60,0.07,239,
kamba,-ũngũ,60,0.07,240,
kamba,kĩrũngũ,60,0.07,241,
kamba,-era,60,0.07,242,
kamba,mũũnd-,60,0.07,243,
kamba,yũ-,60,0.07,244,
kamba,mũku-,60,0.07,245,
kamba,nda-,60,0.07,246,
kamba,mĩwongo,60,0.07,247,
kamba,ke-,60,0.07,248,
kamba,ndwĩk-,60,0.07,249,
kamba,we-,60,0.07,250,
kamba,tyo,60,0.07,251,
kamba,ing-,60,0.07,252,
kamba,-ing,60,0.07,253,
kamba,mũta-,60,0.07,254,
kamba,kĩthekanĩ,60,0.07,255,
kamba,1,60,0.07,256,
kamba,-syaa,60,0.07,257,
kamba,kangĩ,60,0.07,258,
kamba,kuma-,60,0.07,259,
kamba,ĩndĩ,60,0.07,260,
kamba,makaan-,60,0.07,261,
kamba,uk-,60,0.07,262,
kamba,-uk,60,0.07,263,
kamba,ol-,60,0.07,264,
kamba,-ol,60,0.07,265,
kamba,on-,60,0.07,266,
kamba,-on,60,0.07,267,
kamba,-samũ,60,0.07,268,
kamba,me,60,0.07,269,
kamba,ĩk-,60,0.07,270,
kamba,-oto,60,0.07,271,
kamba,mũlak-,60,0.07,272,
kamba,-ala,60,0.07,273,
kamba,nditũa-,60,0.07,274,
kamba,kany-,60,0.07,275,
kamba,mũsyĩ,60,0.07,276,
kamba,ngunĩ,60,0.07,277,
kamba,ndundul-,60,0.07,278,
kamba,-sĩĩlĩlĩ,60,0.07,279,
kamba,kĩndalĩ,60,0.07,280,
kamba,ngwet-,60,0.07,281,
kamba,-ang,60,0.07,282,
kamba,ngo-,60,0.07,283,
kamba,-so,60,0.07,284,
kamba,kimb-,60,0.07,285,
kamba,as-,60,0.07,286,
kamba,-as,60,0.07,287,
kamba,ketũũ-,30,0.035,288,
kamba,-ketũũ,30,0.035,289,
kamba,thano,30,0.035,290,
kamba,kambĩĩa-,30,0.035,291,
kamba,ũkoloty-,30,0.035,292,
kamba,-anĩ,30,0.035,293,
kamba,oonth-,30,0.035,294,
kamba,sikũkũ,30,0.035,295,
kamba,kĩng,30,0.035,296,
kamba,ei,30,0.035,297,
kamba,mwonz-,30,0.035,298,
kamba,ndyĩsũva-,30,0.035,299,
kamba,kweteel-,30,0.035,300,
kamba,ũkaem-,30,0.035,301,
kamba,ndũmyon-,30,0.035,302,
kamba,ndũkemen-,30,0.035,303,
kamba,ũse-,30,0.035,304,
kamba,yumaatatũ,30,0.035,305,
kamba,ndĩtũa-,30,0.035,306,
kamba,yuma-,30,0.035,307,
kamba,ĩsa-,30,0.035,308,
kamba,-ĩsa,30,0.035,309,
kamba,ik-,30,0.035,310,
kamba,-ik,30,0.035,311,
kamba,kyetho,30,0.035,312,
kamba,yũlũ,30,0.035,313,
kamba,kĩtũa-,30,0.035,314,
kamba,ndĩkĩlaw,30,0.035,315,
kamba,ndĩ,30,0.035,316,
kamba,ndyasya-,30,0.035,317,
kamba,ĩmanth-,30,0.035,318,
kamba,ũnyenyeũ,30,0.035,319,
kamba,ndĩvandĩaw-,30,0.035,320,
kamba,nundu,30,0.035,321,
kamba,ndĩkyesa-,30,0.035,322,
kamba,ĩkĩle-,30,0.035,323,
kamba,ĩeta-,30,0.035,324,
kamba,yũle-,30,0.035,325,
kamba,ĩkwatasy-,30,0.035,326,
kamba,ũkũng-,30,0.035,327,
kamba,8,30,0.035,328,
kamba,aweta-,30,0.035,329,
kamba,yaamuĩ-,30,0.035,330,
kamba,ndũkasuk-,30,0.035,331,
kamba,ũmanya-,30,0.035,332,
kamba,nĩkwon-,30,0.035,333,
kamba,ũtis-,30,0.035,334,
kamba,mbe-,30,0.035,335,
kamba,kolyanz-,30,0.035,336,
kamba,ũm-,30,0.035,337,
kamba,-uu,30,0.035,338,
kamba,ĩtak-,30,0.035,339,
kamba,ndũka-,30,0.035,340,
kamba,ũtavik-,30,0.035,341,
kamba,-unĩ,30,0.035,342,
kamba,ndũkaũmang-,30,0.035,343,
kamba,ĩtanathũ-,30,0.035,344,
kamba,syaem-,30,0.035,345,
kamba,syaisy-,30,0.035,346,
kamba,yĩĩ,30,0.035,347,
kamba,yoomy-,30,0.035,348,
kamba,ũkatho,30,0.035,349,
kamba,ngoow,30,0.035,350,
kamba,syatham-,30,0.035,351,
kamba,syatwaaw-,30,0.035,352,
kamba,ũsev-,30,0.035,353,
kamba,ndutan-,30,0.035,354,
kamba,ĩyetela-,30,0.035,355,
kamba,mũsil-,30,0.035,356,
kamba,wamanthĩ-,30,0.035,357,
kamba,suanĩ,30,0.035,358,
kamba,ĩĩa,30,0.035,359,
kamba,munyĩnĩ,30,0.035,360,
kamba,ndwatha-,30,0.035,361,
kamba,itakomana-,30,0.035,362,
kamba,sind-,30,0.035,363,
kamba,-sind,30,0.035,364,
kamba,ĩnyũũ,30,0.035,365,
kamba,nzev-,30,0.035,366,
kamba,kĩkĩlĩty-,30,0.035,367,
kamba,makanz-,30,0.035,368,
kamba,lĩm-,30,0.035,369,
kamba,-lĩm,30,0.035,370,
kamba,katalĩsĩk-,30,0.035,371,
kamba,mbevo,30,0.035,372,
kamba,kĩkal-,30,0.035,373,
kamba,kyeteelasy-,30,0.035,374,
kamba,mbuta,30,0.035,375,
kamba,kiĩ,30,0.035,376,
kamba,ũatĩa-,30,0.035,377,
kamba,and-,30,0.035,378,
kamba,-and,30,0.035,379,
kamba,ũtũlĩla-,30,0.035,380,
kamba,vavũthũ,30,0.035,381,
kamba,-ũa,30,0.035,382,
kamba,kĩthamanĩ,30,0.035,383,
kamba,ũtwaaw-,30,0.035,384,
kamba,ndathana-,30,0.035,385,
kamba,sĩl-,30,0.035,386,
kamba,-sĩl,30,0.035,387,
kamba,kak-,30,0.035,388,
kamba,koneka-,30,0.035,389,
kamba,-ĩte,30,0.035,390,
kamba,myũnthĩ,30,0.035,391,
kamba,ĩthwĩw-,30,0.035,392,
kamba,nũkũmĩ-,30,0.035,393,
kamba,ndunia,30,0.035,394,
kamba,nĩkeũka-,30,0.035,395,
kamba,mũng,30,0.035,396,
kamba,ong,30,0.035,397,
kamba,oo,30,0.035,398,
kamba,kĩvind-,30,0.035,399,
kamba,sanasy-,30,0.035,400,
kamba,-sanasy,30,0.035,401,
kamba,-ũndũ,30,0.035,402,
kamba,kũtingw-,30,0.035,403,
kamba,ũtakesa-,30,0.035,404,
kamba,kũth-,30,0.035,405,
kamba,ndathela-,30,0.035,406,
kamba,malang-,30,0.035,407,
kamba,ndũtuma-,30,0.035,408,
kamba,ũthama-,30,0.035,409,
kamba,ndũkalaataw-,30,0.035,410,
kamba,kwĩng,30,0.035,411,
kamba,uth-,30,0.035,412,
kamba,ngung-,30,0.035,413,
kamba,-eni,30,0.035,414,
kamba,akom-,30,0.035,415,
kamba,kũtakomaw-,30,0.035,416,
kamba,vatakomw-,30,0.035,417,
kamba,vakomeaw-,30,0.035,418,
kamba,luĩlasy-,30,0.035,419,
kamba,-luĩlasy,30,0.035,420,
kamba,iyĩĩaw-,30,0.035,421,
kamba,-iyĩĩaw,30,0.035,422,
kamba,kĩnaem-,30,0.035,423,
kamba,kĩitonyek-,30,0.035,424,
kamba,kĩkakwĩthĩ-,30,0.035,425,
kamba,ũthuasy-,30,0.035,426,
kamba,ũtonyetw-,30,0.035,427,
kamba,ũkamboni-,30,0.035,428,
kamba,kĩseme-,30,0.035,429,
kamba,nyek-,30,0.035,430,
kamba,mwand-,30,0.035,431,
kamba,vĩt-,30,0.035,432,
kamba,-vĩt,30,0.035,433,
kamba,ndi-,30,0.035,434,
kamba,ĩtang,30,0.035,435,
kamba,alw,30,0.035,436,
kamba,anakavĩt-,30,0.035,437,
kamba,mũutĩ,30,0.035,438,
kamba,avaĩĩ,30,0.035,439,
kamba,kĩtath-,30,0.035,440,
kamba,vayũa-,30,0.035,441,
kamba,ngwat-,30,0.035,442,
kamba,ĩla-,30,0.035,443,
kamba,kamanyĩ-,30,0.035,444,
kamba,mĩtĩ,30,0.035,445,
kamba,mĩnen-,30,0.035,446,
kamba,tũ-,30,0.035,447,
kamba,tũnin-,30,0.035,448,
kamba,imanya-,30,0.035,449,
kamba,-imanya,30,0.035,450,
kamba,nzĩ,30,0.035,451,
kamba,mĩw,30,0.035,452,
kamba,ky,30,0.035,453,
kamba,-umaa,30,0.035,454,
kamba,ũtw-,30,0.035,455,
kamba,-ko,30,0.035,456,
kamba,ĩtũlik-,30,0.035,457,
kamba,yoveyaw-,30,0.035,458,
kamba,kaneyũmb-,30,0.035,459,
kamba,kai-,30,0.035,460,
kamba,wĩvitho,30,0.035,461,
kamba,ũmĩw-,30,0.035,462,
kamba,ndũkavũthĩĩsy-,30,0.035,463,
kamba,kĩko-,30,0.035,464,
kamba,ndũkaakĩĩ-,30,0.035,465,
kamba,kũthung-,30,0.035,466,
kamba,syamat-,30,0.035,467,
kamba,akesĩl-,30,0.035,468,
kamba,yalatanĩ,30,0.035,469,
kamba,syiile-,30,0.035,470,
kamba,ũmũkwat-,30,0.035,471,
kamba,-ũkuutw,30,0.035,472,
kamba,4,30,0.035,473,
kamba,ung-,30,0.035,474,
kamba,-ung,30,0.035,475,
kamba,ũtwĩk-,30,0.035,476,
kamba,ĩei,30,0.035,477,
kamba,mwi-,30,0.035,478,
kamba,ser-,30,0.035,479,
kamba,serasy-,30,0.035,480,
kamba,wĩĩthy-,30,0.035,481,
kamba,ula,30,0.035,482,
kamba,twesĩl-,30,0.035,483,
kamba,umb-,30,0.035,484,
kamba,-umb,30,0.035,485,
kamba,ũvῖvy-,30,0.035,486,
kamba,vau,30,0.035,487,
kamba,ũkũĩthy-,30,0.035,488,
kamba,naĩthasy-,30,0.035,489,
kamba,vuvĩ,30,0.035,490,
kamba,mwanak-,30,0.035,491,
kamba,ũkonzaw-,30,0.035,492,
kamba,wĩmwiyũ,30,0.035,493,
kamba,woma,30,0.035,494,
kamba,ndũkonzeka-,30,0.035,495,
kamba,kyũmat-,30,0.035,496,
kamba,kĩiminaw-,30,0.035,497,
kamba,mbĩtũk-,30,0.035,498,
kamba,ndũkuaw-,30,0.035,499,
kamba,mwoomboko,30,0.035,500,
kamba,ndũlĩsĩlaw-,30,0.035,501,
kamba,mbongenĩ,30,0.035,502,
kamba,ngasũ-,30,0.035,503,
kamba,nĩwona-,30,0.035,504,
kamba,ũyambĩĩ-,30,0.035,505,
kamba,-eka,30,0.035,506,
kamba,nonginy-,30,0.035,507,
kamba,ũsya-,30,0.035,508,
kamba,wĩkasw,30,0.035,509,
kamba,mbong-,30,0.035,510,
kamba,muny-,30,0.035,511,
kamba,ũvalũkĩla-,30,0.035,512,
kamba,wĩvakuvĩ,30,0.035,513,
kamba,wovosy-,30,0.035,514,
kamba,ndwendeka-,30,0.035,515,
kamba,mwiingĩ,30,0.035,516,
kamba,mũito,30,0.035,517,
kamba,waa,30,0.035,518,
kamba,ũmanthw-,30,0.035,519,
kamba,ũme-,30,0.035,520,
kamba,kĩĩman-,30,0.035,521,
kamba,al-,30,0.035,522,
kamba,mbenz-,30,0.035,523,
kamba,atema-,30,0.035,524,
kamba,ngĩĩtĩ,30,0.035,525,
kamba,wĩani-,30,0.035,526,
kamba,ndũyota-,30,0.035,527,
kamba,-unyĩ,30,0.035,528,
kamba,ũtemaw-,30,0.035,529,
kamba,kĩthũmũsyo,30,0.035,530,
kamba,kinya-,30,0.035,531,
kamba,kĩthanz-,30,0.035,532,
kamba,kĩvo-,30,0.035,533,
kamba,kĩse-,30,0.035,534,
kamba,kĩitony-,30,0.035,535,
kamba,mũkungo,30,0.035,536,
kamba,-uta,30,0.035,537,
kamba,aiti,30,0.035,538,
kamba,aũm-,30,0.035,539,
kamba,mainda-,30,0.035,540,
kamba,un-,30,0.035,541,
kamba,-un,30,0.035,542,
kamba,syeew,30,0.035,543,
kamba,-iya,30,0.035,544,
kamba,ĩtulasy-,30,0.035,545,
kamba,kĩmu-,30,0.035,546,
kamba,ti-,30,0.035,547,
kamba,yosanasy-,30,0.035,548,
kamba,isyaa,30,0.035,549,
kamba,mũkũyũ,30,0.035,550,
kamba,wavalũk-,30,0.035,551,
kamba,ũti-,30,0.035,552,
kamba,mũthonok-,30,0.035,553,
kamba,vaĩ,30,0.035,554,
kamba,-amba,30,0.035,555,
kamba,amb-,30,0.035,556,
kamba,-amb,30,0.035,557,
kamba,amba,30,0.035,558,
kamba,ũkimaw-,30,0.035,559,
kamba,it-,30,0.035,560,
kamba,-it,30,0.035,561,
kamba,elĩ,30,0.035,562,
kamba,kothumũl-,30,0.035,563,
kamba,ngalalũ,30,0.035,564,
kamba,nthũmũl-,30,0.035,565,
kamba,yĩndu-,30,0.035,566,
kamba,weũnĩ,30,0.035,567,
kamba,ndũtũaw-,30,0.035,568,
kamba,ũka,30,0.035,569,
kamba,ũkũ,30,0.035,570,
kamba,ũtatũmĩk-,30,0.035,571,
kamba,ĩaw-,30,0.035,572,
kamba,-ĩaw,30,0.035,573,
kamba,mbavath-,30,0.035,574,
kamba,yĩkalasy-,30,0.035,575,
kamba,-yĩkalasy,30,0.035,576,
kamba,mũtumĩ-,30,0.035,577,
kamba,thom-,30,0.035,578,
kamba,kĩvetanĩ,30,0.035,579,
kamba,ndũtheka-,30,0.035,580,
kamba,ndũkaunĩĩ-,30,0.035,581,
kamba,kĩthĩnthĩmw-,30,0.035,582,
kamba,ĩlũkũ,30,0.035,583,
kamba,yĩile-,30,0.035,584,
kamba,ũto-,30,0.035,585,
kamba,matatw-,30,0.035,586,
kamba,oko,30,0.035,587,
kamba,ĩng,30,0.035,588,
kamba,ene,30,0.035,589,
kamba,ũtang,30,0.035,590,
kamba,kũkw-,30,0.035,591,
kamba,nĩw,30,0.035,592,
kamba,ũlũmasy-,30,0.035,593,
kamba,sisy-,30,0.035,594,
kamba,ũkuĩl-,30,0.035,595,
kamba,ĩkundonĩ,30,0.035,596,
kamba,nĩmau-,30,0.035,597,
kamba,was-,30,0.035,598,
kamba,omb-,30,0.035,599,
kamba,kyũsya-,30,0.035,600,
kamba,mũthe-,30,0.035,601,
kamba,ũtũinĩ,30,0.035,602,
kamba,mĩingo,30,0.035,603,
kamba,ĩlĩ,30,0.035,604,
kamba,ĩnyunga-,30,0.035,605,
kamba,mũtitũ,30,0.035,606,
kamba,ey-,30,0.035,607,
kamba,-ey,30,0.035,608,
kamba,nĩyũmĩsya-,30,0.035,609,
kamba,myũngũ,30,0.035,610,
kamba,yũme-,30,0.035,611,
kamba,ĩkĩkũ-,30,0.035,612,
kamba,kĩthangaitĩ,30,0.035,613,
kamba,yavũnĩ-,30,0.035,614,
kamba,ĩti-,30,0.035,615,
kamba,yũngũ,30,0.035,616,
kamba,yĩmw-,30,0.035,617,
kamba,yĩyonaw-,30,0.035,618,
kamba,-ola,30,0.035,619,
kamba,nima,30,0.035,620,
kamba,nĩyak-,30,0.035,621,
kamba,onethĩw-,30,0.035,622,
kamba,eanasy-,30,0.035,623,
kamba,owa-,30,0.035,624,
kamba,nũyumasy-,30,0.035,625,
kamba,nzounĩ,30,0.035,626,
kamba,mũkuĩl-,30,0.035,627,
kamba,ndĩkyamana-,30,0.035,628,
kamba,ndyũlaw-,30,0.035,629,
kamba,kwo-,30,0.035,630,
kamba,yakyaman-,30,0.035,631,
kamba,nĩvenaw-,30,0.035,632,
kamba,ndũsind-,30,0.035,633,
kamba,ndũkek-,30,0.035,634,
kamba,thi-,30,0.035,635,
kamba,mwo-,30,0.035,636,
kamba,ana,30,0.035,637,
kamba,yatũkasw-,30,0.035,638,
kamba,ndĩmanya-,30,0.035,639,
kamba,syĩndũ,30,0.035,640,
kamba,ndĩemaw-,30,0.035,641,
kamba,yo-,30,0.035,642,
kamba,asy-,30,0.035,643,
kamba,-asy,30,0.035,644,
kamba,ĩvalũkĩt-,30,0.035,645,
kamba,nditalaw-,30,0.035,646,
kamba,ngũmbaũ,30,0.035,647,
kamba,ĩtakalw-,30,0.035,648,
kamba,kĩthii-,30,0.035,649,
kamba,avalũkũ,30,0.035,650,
kamba,iw-,30,0.035,651,
kamba,-iw,30,0.035,652,
kamba,ũũ,30,0.035,653,
kamba,mũlik-,30,0.035,654,
kamba,ndũkaaing-,30,0.035,655,
kamba,eme-,30,0.035,656,
kamba,-eme,30,0.035,657,
kamba,eng-,30,0.035,658,
kamba,-eng,30,0.035,659,
kamba,ũliliinĩ,30,0.035,660,
kamba,ĩsyĩmaw-,30,0.035,661,
kamba,mũĩ,30,0.035,662,
kamba,yesĩl-,30,0.035,663,
kamba,kĩtonyinĩ,30,0.035,664,
kamba,ndĩlea-,30,0.035,665,
kamba,-ia,30,0.035,666,
kamba,wia,30,0.035,667,
kamba,aumi-,30,0.035,668,
kamba,ĩkĩmboo,30,0.035,669,
kamba,avot-,30,0.035,670,
kamba,ĩkĩngo,30,0.035,671,
kamba,aan-,30,0.035,672,
kamba,-aan,30,0.035,673,
kamba,no-,30,0.035,674,
kamba,kyanzavĩ,30,0.035,675,
kamba,ndĩkwataw-,30,0.035,676,
kamba,imb-,30,0.035,677,
kamba,-imb,30,0.035,678,
kamba,yenda-,30,0.035,679,
kamba,yoka,30,0.035,680,
kamba,nĩlĩsĩlaw-,30,0.035,681,
kamba,ũkany,30,0.035,682,
kamba,ũkakanw,30,0.035,683,
kamba,watin-,30,0.035,684,
kamba,cha,30,0.035,685,
kamba,kĩyĩema-,30,0.035,686,
kamba,ema-,30,0.035,687,
kamba,-ema,30,0.035,688,
kamba,ntheeũ,30,0.035,689,
kamba,mũs-,30,0.035,690,
kamba,ndakĩa-,30,0.035,691,
kamba,ndatulasy-,30,0.035,692,
kamba,ngũk-,30,0.035,693,
kamba,kĩnd-,30,0.035,694,
kamba,ndatia-,30,0.035,695,
kamba,tũv-,30,0.035,696,
kamba,mũthũs-,30,0.035,697,
kamba,mũlanz-,30,0.035,698,
kamba,il-,30,0.035,699,
kamba,-il,30,0.035,700,
kamba,mateng,30,0.035,701,
kamba,nzia,30,0.035,702,
kamba,yatta,30,0.035,703,
kamba,kũu,30,0.035,704,
kamba,-ayo,30,0.035,705,
kamba,ngunyũ,30,0.035,706,
kamba,-ĩaa,30,0.035,707,
kamba,nthingi-,30,0.035,708,
kamba,syaviny-,30,0.035,709,
kamba,naeke-,30,0.035,710,
kamba,wĩa,30,0.035,711,
kamba,kwĩnz-,30,0.035,712,
kamba,naw,30,0.035,713,
kamba,om-,30,0.035,714,
kamba,-om,30,0.035,715,
kamba,nzĩnĩ,30,0.035,716,
kamba,ama-,30,0.035,717,
kamba,mũtho-,30,0.035,718,
kamba,ũaithasy-,30,0.035,719,
kamba,mũatĩĩ-,30,0.035,720,
kamba,ũndũmw-,30,0.035,721,
kamba,ngwa-,30,0.035,722,
kamba,ĩtamby-,30,0.035,723,
kamba,yĩkanga-,30,0.035,724,
kamba,yo,30,0.035,725,
kamba,mbĩky-,30,0.035,726,
kamba,mbovel-,30,0.035,727,
kamba,mbov-,30,0.035,728,
kamba,nthwa-,30,0.035,729,
kamba,mwovel-,30,0.035,730,
kamba,ndathĩka-,30,0.035,731,
kamba,iemw-,30,0.035,732,
kamba,mwat-,30,0.035,733,
kamba,ilĩkĩla-,30,0.035,734,
kamba,imilĩla-,30,0.035,735,
kamba,nen-,30,0.035,736,
kamba,yevũthisy-,30,0.035,737,
kamba,mbiivi-,30,0.035,738,
kamba,ĩva-,30,0.035,739,
kamba,ĩyũaĩa-,30,0.035,740,
kamba,kũmbĩa-,30,0.035,741,
kamba,yamesy-,30,0.035,742,
kamba,yĩsaw-,30,0.035,743,
kamba,aka,30,0.035,744,
kamba,makalanzang-,30,0.035,745,
kamba,matanĩa-,30,0.035,746,
kamba,makathang-,30,0.035,747,
kamba,ndĩyĩw,30,0.035,748,
kamba,ĩkungĩaw-,30,0.035,749,
kamba,kĩvĩs,30,0.035,750,
kamba,kũnwa,30,0.035,751,
kamba,ndũmyatha-,30,0.035,752,
kamba,welel-,30,0.035,753,
kamba,ndĩthea-,30,0.035,754,
kamba,ũta,30,0.035,755,
kamba,ndĩtiawa-,30,0.035,756,
kamba,nzam-,30,0.035,757,
kamba,ndĩkũnaw-,30,0.035,758,
kamba,ĩkusa-,30,0.035,759,
kamba,yĩendet-,30,0.035,760,
kamba,nũm-,30,0.035,761,
kamba,ndĩkĩla-,30,0.035,762,
kamba,mbath-,30,0.035,763,
kamba,ndĩkala-,30,0.035,764,
kamba,ũyinĩ,30,0.035,765,
kamba,ngũlũ,30,0.035,766,
kamba,ĩmĩa-,30,0.035,767,
kamba,ĩũngem-,30,0.035,768,
kamba,ũkamyon-,30,0.035,769,
kamba,ĩkwitheeth-,30,0.035,770,
kamba,ĩĩ,30,0.035,771,
kamba,ndyaũmbw-,30,0.035,772,
kamba,wakoman-,30,0.035,773,
kamba,mavũngũ,30,0.035,774,
kamba,isembet-,30,0.035,775,
kamba,manya,30,0.035,776,
kamba,ith-,30,0.035,777,
kamba,ũman-,30,0.035,778,
kamba,ki-,30,0.035,779,
kamba,-ita,30,0.035,780,
kamba,ĩswi-,30,0.035,781,
kamba,wo-,30,0.035,782,
kamba,sembet-,30,0.035,783,
kamba,-sembet,30,0.035,784,
kamba,kĩĩt-,30,0.035,785,
kamba,-kĩĩt,30,0.035,786,
kamba,kwĩko,30,0.035,787,
kamba,mũthaim-,30,0.035,788,
kamba,naĩ,30,0.035,789,
kamba,athekaw,30,0.035,790,
kamba,-ao,30,0.035,791,
kamba,syĩnzanĩa-,30,0.035,792,
kamba,leng-,30,0.035,793,
kamba,-leng,30,0.035,794,
kamba,ũkũlengal-,30,0.035,795,
kamba,ĩthĩĩ,30,0.035,796,
kamba,yĩkwĩtũũ-,30,0.035,797,
kamba,yoneka-,30,0.035,798,
kamba,ch-,30,0.035,799,
kamba,-ch,30,0.035,800,
kamba,ĩyĩĩsaw-,30,0.035,801,
kamba,yĩoea-,30,0.035,802,
kamba,mokonĩ,30,0.035,803,
kamba,yaũleky-,30,0.035,804,
kamba,nzevenĩ,30,0.035,805,
kamba,yilũ,30,0.035,806,
kamba,ĩvũthasy-,30,0.035,807,
kamba,mũũlũkĩl-,30,0.035,808,
kamba,kĩtaũmw-,30,0.035,809,
kamba,kĩnengaw-,30,0.035,810,
kamba,ivĩsĩ,30,0.035,811,
kamba,syũnger-,30,0.035,812,
kamba,-syũnger,30,0.035,813,
kamba,ndoga-,30,0.035,814,
kamba,-ere,30,0.035,815,
kamba,-sĩlĩlĩ,30,0.035,816,
kamba,kosyaĩ-,30,0.035,817,
kamba,mauuwĩ,30,0.035,818,
kamba,kĩndilĩ,30,0.035,819,
kamba,kĩkalasy-,30,0.035,820,
kamba,kyakwatw,30,0.035,821,
kamba,tũmĩmanya-,30,0.035,822,
kamba,tũsĩl-,30,0.035,823,
kamba,vamwe,30,0.035,824,
kamba,nye,30,0.035,825,
kamba,amal-,30,0.035,826,
kamba,ngũnyw,30,0.035,827,
kamba,la-,30,0.035,828,
kamba,wĩna,30,0.035,829,
kamba,ũsĩ-,30,0.035,830,
kamba,nde-,30,0.035,831,
kamba,ndwosaw-,30,0.035,832,
kamba,ĩtheo,30,0.035,833,
kamba,ũsĩnĩ,30,0.035,834,
kamba,meka-,30,0.035,835,
kamba,ngũlimũ,30,0.035,836,
kamba,ĩvũ-,30,0.035,837,
kamba,ndyonaw,30,0.035,838,
kamba,-eo,30,0.035,839,
kamba,nthũk-,30,0.035,840,
kamba,ĩkaw,30,0.035,841,
kamba,kĩlĩo,30,0.035,842,
kamba,ngalĩko,30,0.035,843,
kamba,yatilw-,30,0.035,844,
kamba,ngingo,30,0.035,845,
kamba,ĩtwĩka-,30,0.035,846,
kamba,eetĩw-,30,0.035,847,
kamba,kũsĩĩlĩl-,30,0.035,848,
kamba,akĩsĩĩlĩlĩkĩl-,30,0.035,849,
kamba,kĩsĩĩlĩlonĩ,30,0.035,850,
kamba,kambe-,30,0.035,851,
kamba,kathũku,30,0.035,852,
kamba,kĩmb-,30,0.035,853,
kamba,kĩivĩtĩlw-,30,0.035,854,
kamba,ĩtolok-,30,0.035,855,
kamba,-ana,30,0.035,856,
kamba,mwikith-,30,0.035,857,
kamba,nũth-,30,0.035,858,
kamba,mwiiy-,30,0.035,859,
kamba,alĩka-,30,0.035,860,
kamba,ũkĩt-,30,0.035,861,
kamba,-ũkĩt,30,0.035,862,
kamba,-aũ,30,0.035,863,
kamba,ĩalyũlĩt-,30,0.035,864,
kamba,mak-,30,0.035,865,
kamba,nda,30,0.035,866,
kamba,mayusasy-,30,0.035,867,
kamba,mũsũkũ-,30,0.035,868,
kamba,kĩthũ-,30,0.035,869,
kamba,ũlembw-,30,0.035,870,
kamba,kyelelo,30,0.035,871,
kamba,ĩkeng-,30,0.035,872,
kamba,kũkwaty-,30,0.035,873,
kamba,lekely-,30,0.035,874,
kamba,-lekely,30,0.035,875,
kamba,voneka-,30,0.035,876,
kamba,katumbĩlĩl-,30,0.035,877,
kamba,tikonek-,30,0.035,878,
kamba,yonanasy-,30,0.035,879,
kamba,-yonanasy,30,0.035,880,
kamba,kokĩl-,30,0.035,881,
kamba,wanganga-,30,0.035,882,
kamba,ĩkengen-,30,0.035,883,
kamba,ndwaatong,30,0.035,884,
kamba,ũmwalyo,30,0.035,885,
kamba,ĩvyũvy-,30,0.035,886,
kamba,ngũ-,30,0.035,887,
kamba,mwith-,30,0.035,888,
kamba,wĩ-,30,0.035,889,
kamba,-wĩ,30,0.035,890,
kamba,nĩvĩĩy-,30,0.035,891,
kamba,kĩthiit-,30,0.035,892,
kamba,yatũl-,30,0.035,893,
kamba,ndĩvitha-,30,0.035,894,
kamba,-ei,30,0.035,895,
kamba,wavĩty-,30,0.035,896,
kamba,ũtony-,30,0.035,897,
kamba,kwanang-,30,0.035,898,
kamba,ndũkonũv-,30,0.035,899,
kamba,kĩvũĩyo,30,0.035,900,
kamba,kyengonĩ,30,0.035,901,
kamba,ndivivasw-,30,0.035,902,
kamba,-ũlũ,30,0.035,903,
kamba,ndi,30,0.035,904,
kamba,kĩvalal-,30,0.035,905,
kamba,mamb-,30,0.035,906,
kamba,mai,30,0.035,907,
kamba,ũvakũs-,30,0.035,908,
kamba,wĩvũ-,30,0.035,909,
kamba,itakũũlũk-,30,0.035,910,
kamba,kaũ,30,0.035,911,
kamba,ĩtol-,30,0.035,912,
kamba,ũtan-,30,0.035,913,
kamba,ndĩ-,30,0.035,914,
kamba,-sa,30,0.035,915,
kamba,mũũngũ-,30,0.035,916,
kamba,yon-,30,0.035,917,
kamba,vaa,30,0.035,918,
kamba,ko-,30,0.035,919,
kamba,kĩla-,30,0.035,920,
kamba,-kĩla,30,0.035,921,
kamba,tene,30,0.035,922,
kamba,nik-,30,0.035,923,
kamba,kwata-,30,0.035,924,
kamba,-kwata,30,0.035,925,
kamba,kiinyũ,30,0.035,926,
kamba,kas-,30,0.035,927,
kamba,wavĩ-,30,0.035,928,
kamba,akĩlasy-,30,0.035,929,
kamba,omanya,30,0.035,930,
kamba,kyathĩ,30,0.035,931,
kamba,nĩkyavik-,30,0.035,932,
kamba,unyũsy-,30,0.035,933,
kamba,-unyũsy,30,0.035,934,
kamba,kolũka-,30,0.035,935,
kamba,ikitalasy-,30,0.035,936,
kamba,-ikitalasy,30,0.035,937,
kamba,ũsek-,30,0.035,938,
kamba,katanamb-,30,0.035,939,
kamba,kũũlũk-,30,0.035,940,
kamba,kamb-,30,0.035,941,
kamba,ũtumbĩlĩl-,30,0.035,942,
kamba,kamwe,30,0.035,943,
kamba,kwokonĩ,30,0.035,944,
kamba,twĩlĩ,30,0.035,945,
kamba,wavĩyaw-,30,0.035,946,
kamba,nyony-,30,0.035,947,
kamba,kĩtol-,30,0.035,948,
kamba,kyaasindan-,30,0.035,949,
kamba,ndandaalik-,30,0.035,950,
kamba,ĩkũy-,30,0.035,951,
kamba,maumĩ,30,0.035,952,
kamba,ĩvĩndĩ,30,0.035,953,
kamba,yaemi-,30,0.035,954,
kamba,ngitĩ,30,0.035,955,
kamba,ekana-,30,0.035,956,
kamba,na-,30,0.035,957,
kamba,ata,30,0.035,958,
kamba,kevwi-,30,0.035,959,
kamba,kenũkĩa-,30,0.035,960,
kamba,kanin-,30,0.035,961,
kamba,ĩĩ-,30,0.035,962,
kamba,syĩthesya-,30,0.035,963,
kamba,katũlil-,30,0.035,964,
kamba,kyonz-,30,0.035,965,
kamba,kĩminũkĩlasw-,30,0.035,966,
kamba,kĩvoya-,30,0.035,967,
kamba,ĩmwenĩ,30,0.035,968,
kamba,ndyenda-,30,0.035,969,
kamba,mũsolonĩ,30,0.035,970,
kamba,iingĩ,30,0.035,971,
kamba,kũtukĩw-,30,0.035,972,
kamba,tik-,30,0.035,973,
kamba,kũlĩk-,30,0.035,974,
kamba,kũndũ,30,0.035,975,
kamba,ay-,30,0.035,976,
kamba,-ay,30,0.035,977,
kamba,ndũkaawete-,30,0.035,978,
kamba,ndatala-,30,0.035,979,
kamba,maũmangw-,30,0.035,980,
kamba,mwĩao,30,0.035,981,
kamba,onz-,30,0.035,982,
kamba,-onz,30,0.035,983,
kamba,weethĩ-,30,0.035,984,
kamba,ndũkati-,30,0.035,985,
runyoro,-a,6603,19.631,1,
runyoro,-i,1891,5.622,2,
runyoro,-e,1612,4.793,3,
runyoro,-u,899,2.673,4,
runyoro,-o,465,1.382,5,
runyoro,-ka,217,0.645,6,
runyoro,ny-,186,0.553,7,
runyoro,ka-,186,0.553,8,
runyoro,-we,186,0.553,9,
runyoro,omu-,186,0.553,10,
runyoro,-yo,155,0.461,11,
runyoro,ir-,155,0.461,12,
runyoro,-ir,155,0.461,13,
runyoro,-wa,155,0.461,14,
runyoro,ak-,155,0.461,15,
runyoro,-ak,155,0.461,16,
runyoro,ente,155,0.461,17,
runyoro,-zi,155,0.461,18,
runyoro,omuntu,155,0.461,19,
runyoro,-ya,124,0.369,20,
runyoro,ya,124,0.369,21,
runyoro,mun-,124,0.369,22,
runyoro,kandi,124,0.369,23,
runyoro,oku-,124,0.369,24,
runyoro,na-,124,0.369,25,
runyoro,ngu,93,0.276,26,
runyoro,ku-,93,0.276,27,
runyoro,a,93,0.276,28,
runyoro,ekis-,93,0.276,29,
runyoro,ag-,93,0.276,30,
runyoro,mu-,93,0.276,31,
runyoro,-ha,93,0.276,32,
runyoro,ly-,93,0.276,33,
runyoro,-ly,93,0.276,34,
runyoro,ba-,93,0.276,35,
runyoro,ebi-,93,0.276,36,
runyoro,obw-,93,0.276,37,
runyoro,emb-,93,0.276,38,
runyoro,akagamb-,93,0.276,39,
runyoro,in-,93,0.276,40,
runyoro,-in,93,0.276,41,
runyoro,rung-,93,0.276,42,
runyoro,-rung,93,0.276,43,
runyoro,omug-,93,0.276,44,
runyoro,omugurus-,93,0.276,45,
runyoro,omw-,93,0.276,46,
runyoro,an-,93,0.276,47,
runyoro,-an,93,0.276,48,
runyoro,marum-,62,0.184,49,
runyoro,bagonz-,62,0.184,50,
runyoro,-oko,62,0.184,51,
runyoro,akaba,62,0.184,52,
runyoro,aban-,62,0.184,53,
runyoro,yent-,62,0.184,54,
runyoro,emu,62,0.184,55,
runyoro,chumbir-,62,0.184,56,
runyoro,en-,62,0.184,57,
runyoro,ob-,62,0.184,58,
runyoro,ur-,62,0.184,59,
runyoro,-ur,62,0.184,60,
runyoro,mp-,62,0.184,61,
runyoro,kag-,62,0.184,62,
runyoro,nzwer-,62,0.184,63,
runyoro,aku-,62,0.184,64,
runyoro,amagez-,62,0.184,65,
runyoro,ang-,62,0.184,66,
runyoro,-ang,62,0.184,67,
runyoro,amag-,62,0.184,68,
runyoro,it-,62,0.184,69,
runyoro,-it,62,0.184,70,
runyoro,omusaij-,62,0.184,71,
runyoro,okuf-,62,0.184,72,
runyoro,har-,62,0.184,73,
runyoro,nu-,62,0.184,74,
runyoro,ar-,62,0.184,75,
runyoro,-ar,62,0.184,76,
runyoro,ebibi,62,0.184,77,
runyoro,ebir-,62,0.184,78,
runyoro,ch-,62,0.184,79,
runyoro,-ch,62,0.184,80,
runyoro,omugat-,62,0.184,81,
runyoro,eby-,62,0.184,82,
runyoro,ekint-,62,0.184,83,
runyoro,kibi,62,0.184,84,
runyoro,-li,62,0.184,85,
runyoro,ekab-,62,0.184,86,
runyoro,ing-,62,0.184,87,
runyoro,-ing,62,0.184,88,
runyoro,egamba,62,0.184,89,
runyoro,emp-,62,0.184,90,
runyoro,ung-,62,0.184,91,
runyoro,-ung,62,0.184,92,
runyoro,efwer-,62,0.184,93,
runyoro,enj-,62,0.184,94,
runyoro,ekagamb-,62,0.184,95,
runyoro,achw-,62,0.184,96,
runyoro,me-,62,0.184,97,
runyoro,-ita,62,0.184,98,
runyoro,enzok-,62,0.184,99,
runyoro,ensweher-,62,0.184,100,
runyoro,at-,62,0.184,101,
runyoro,-at,62,0.184,102,
runyoro,enz-,62,0.184,103,
runyoro,nukwo,62,0.184,104,
runyoro,sobor-,62,0.184,105,
runyoro,na,62,0.184,106,
runyoro,ond-,62,0.184,107,
runyoro,mudom-,62,0.184,108,
runyoro,omuk-,62,0.184,109,
runyoro,-ama,62,0.184,110,
runyoro,ta-,62,0.184,111,
runyoro,mukor-,62,0.184,112,
runyoro,chon-,62,0.184,113,
runyoro,mundeter-,62,0.184,114,
runyoro,omut-,62,0.184,115,
runyoro,aror-,62,0.184,116,
runyoro,asemerez-,62,0.184,117,
runyoro,tambw-,62,0.184,118,
runyoro,ababinger-,31,0.092,119,
runyoro,nyokorom-,31,0.092,120,
runyoro,ntibang-,31,0.092,121,
runyoro,ru-,31,0.092,122,
runyoro,aman-,31,0.092,123,
runyoro,iruk-,31,0.092,124,
runyoro,-iruk,31,0.092,125,
runyoro,aba,31,0.092,126,
runyoro,charo,31,0.092,127,
runyoro,bagonjang-,31,0.092,128,
runyoro,okufuruk-,31,0.092,129,
runyoro,tiga,31,0.092,130,
runyoro,abing-,31,0.092,131,
runyoro,ibiri,31,0.092,132,
runyoro,imusig-,31,0.092,133,
runyoro,enobiamar-,31,0.092,134,
runyoro,engul-,31,0.092,135,
runyoro,-ob,31,0.092,136,
runyoro,asaliz-,31,0.092,137,
runyoro,end-,31,0.092,138,
runyoro,-end,31,0.092,139,
runyoro,or-,31,0.092,140,
runyoro,-or,31,0.092,141,
runyoro,akom-,31,0.092,142,
runyoro,akab-,31,0.092,143,
runyoro,totabarayo,31,0.092,144,
runyoro,akand-,31,0.092,145,
runyoro,aka-,31,0.092,146,
runyoro,her-,31,0.092,147,
runyoro,-her,31,0.092,148,
runyoro,-iza,31,0.092,149,
runyoro,um-,31,0.092,150,
runyoro,-um,31,0.092,151,
runyoro,ye,31,0.092,152,
runyoro,nz-,31,0.092,153,
runyoro,-ura,31,0.092,154,
runyoro,akarail-,31,0.092,155,
runyoro,kwe,31,0.092,156,
runyoro,enyindo,31,0.092,157,
runyoro,keugukir-,31,0.092,158,
runyoro,mwa,31,0.092,159,
runyoro,akatimb-,31,0.092,160,
runyoro,timb-,31,0.092,161,
runyoro,rubung-,31,0.092,162,
runyoro,asereiz-,31,0.092,163,
runyoro,ukanuk-,31,0.092,164,
runyoro,akubing-,31,0.092,165,
runyoro,akuijuky-,31,0.092,166,
runyoro,empirim-,31,0.092,167,
runyoro,nomu-,31,0.092,168,
runyoro,niz-,31,0.092,169,
runyoro,engonz-,31,0.092,170,
runyoro,itafw-,31,0.092,171,
runyoro,akunobir-,31,0.092,172,
runyoro,akwet-,31,0.092,173,
runyoro,no-,31,0.092,174,
runyoro,akuter-,31,0.092,175,
runyoro,hangoto,31,0.092,176,
runyoro,nuterahaliso,31,0.092,177,
runyoro,mur-,31,0.092,178,
runyoro,bagwish-,31,0.092,179,
runyoro,machand-,31,0.092,180,
runyoro,ba,31,0.092,181,
runyoro,kar-,31,0.092,182,
runyoro,nibanen-,31,0.092,183,
runyoro,gairaguz-,31,0.092,184,
runyoro,engoy-,31,0.092,185,
runyoro,tari,31,0.092,186,
runyoro,koto,31,0.092,187,
runyoro,yo,31,0.092,188,
runyoro,ara-,31,0.092,189,
runyoro,okumagur-,31,0.092,190,
runyoro,areir-,31,0.092,191,
runyoro,kub-,31,0.092,192,
runyoro,bamumany-,31,0.092,193,
runyoro,mozinduk-,31,0.092,194,
runyoro,bakamukwat-,31,0.092,195,
runyoro,yaachw-,31,0.092,196,
runyoro,bul-,31,0.092,197,
runyoro,akasangw-,31,0.092,198,
runyoro,anyway,31,0.092,199,
runyoro,ine-,31,0.092,200,
runyoro,bakugonz-,31,0.092,201,
runyoro,oyan-,31,0.092,202,
runyoro,olefw-,31,0.092,203,
runyoro,ninuk-,31,0.092,204,
runyoro,batekerez-,31,0.092,205,
runyoro,abagurus-,31,0.092,206,
runyoro,nibatekw-,31,0.092,207,
runyoro,okubanj-,31,0.092,208,
runyoro,bei-,31,0.092,209,
runyoro,omumazim-,31,0.092,210,
runyoro,abasigaz-,31,0.092,211,
runyoro,nubo,31,0.092,212,
runyoro,nibabanj-,31,0.092,213,
runyoro,beitw-,31,0.092,214,
runyoro,kaz-,31,0.092,215,
runyoro,-kaz,31,0.092,216,
runyoro,gasangw-,31,0.092,217,
runyoro,-har,31,0.092,218,
runyoro,bujun-,31,0.092,219,
runyoro,omweges-,31,0.092,220,
runyoro,bwayek-,31,0.092,221,
runyoro,kam-,31,0.092,222,
runyoro,bu-,31,0.092,223,
runyoro,kur-,31,0.092,224,
runyoro,-kur,31,0.092,225,
runyoro,mukibir-,31,0.092,226,
runyoro,byeyolek-,31,0.092,227,
runyoro,mus-,31,0.092,228,
runyoro,-ana,31,0.092,229,
runyoro,by-,31,0.092,230,
runyoro,ab-,31,0.092,231,
runyoro,-ab,31,0.092,232,
runyoro,be,31,0.092,233,
runyoro,kaba,31,0.092,234,
runyoro,ebikoto,31,0.092,235,
runyoro,tibimany-,31,0.092,236,
runyoro,obulemez-,31,0.092,237,
runyoro,mut-,31,0.092,238,
runyoro,tibikusig-,31,0.092,239,
runyoro,omtw-,31,0.092,240,
runyoro,ebiroto,31,0.092,241,
runyoro,owenzar-,31,0.092,242,
runyoro,bitang-,31,0.092,243,
runyoro,ruh-,31,0.092,244,
runyoro,nibikir-,31,0.092,245,
runyoro,egaterein-,31,0.092,246,
runyoro,gageyamb-,31,0.092,247,
runyoro,echwan-,31,0.092,248,
runyoro,ni-,31,0.092,249,
runyoro,ita,31,0.092,250,
runyoro,ekyog-,31,0.092,251,
runyoro,kimariliz-,31,0.092,252,
runyoro,echwam-,31,0.092,253,
runyoro,kiswaz-,31,0.092,254,
runyoro,ekiroso,31,0.092,255,
runyoro,teronj-,31,0.092,256,
runyoro,ekizok-,31,0.092,257,
runyoro,omuzano,31,0.092,258,
runyoro,enuniyen-,31,0.092,259,
runyoro,nkisobor-,31,0.092,260,
runyoro,let-,31,0.092,261,
runyoro,-let,31,0.092,262,
runyoro,kwembuz-,31,0.092,263,
runyoro,ekinig-,31,0.092,264,
runyoro,mugeny-,31,0.092,265,
runyoro,ekirung-,31,0.092,266,
runyoro,ekit-,31,0.092,267,
runyoro,und-,31,0.092,268,
runyoro,-und,31,0.092,269,
runyoro,otar-,31,0.092,270,
runyoro,okumanya,31,0.092,271,
runyoro,ebigambo,31,0.092,272,
runyoro,ekir-,31,0.092,273,
runyoro,kyetund-,31,0.092,274,
runyoro,obutubwoger-,31,0.092,275,
runyoro,aband-,31,0.092,276,
runyoro,twebw-,31,0.092,277,
runyoro,gera,31,0.092,278,
runyoro,twenk-,31,0.092,279,
runyoro,titerw-,31,0.092,280,
runyoro,babiri,31,0.092,281,
runyoro,hans-,31,0.092,282,
runyoro,engeso,31,0.092,283,
runyoro,ziyeserek-,31,0.092,284,
runyoro,omunjwar-,31,0.092,285,
runyoro,nkab-,31,0.092,286,
runyoro,manyis-,31,0.092,287,
runyoro,nehumuliko,31,0.092,288,
runyoro,omuseij-,31,0.092,289,
runyoro,tekaniz-,31,0.092,290,
runyoro,ya-,31,0.092,291,
runyoro,enchek-,31,0.092,292,
runyoro,ekin-,31,0.092,293,
runyoro,-ag,31,0.092,294,
runyoro,ki-,31,0.092,295,
runyoro,-ki,31,0.092,296,
runyoro,kyonansindikir-,31,0.092,297,
runyoro,ndung-,31,0.092,298,
runyoro,entekaniz-,31,0.092,299,
runyoro,eyo,31,0.092,300,
runyoro,bont-,31,0.092,301,
runyoro,eli,31,0.092,302,
runyoro,matong-,31,0.092,303,
runyoro,iz-,31,0.092,304,
runyoro,-iz,31,0.092,305,
runyoro,agabatekaniz-,31,0.092,306,
runyoro,entekerez-,31,0.092,307,
runyoro,eya,31,0.092,308,
runyoro,bantu,31,0.092,309,
runyoro,be-,31,0.092,310,
runyoro,ekabokonyer-,31,0.092,311,
runyoro,omumat-,31,0.092,312,
runyoro,efwef-,31,0.092,313,
runyoro,omum-,31,0.092,314,
runyoro,zar-,31,0.092,315,
runyoro,-zar,31,0.092,316,
runyoro,muntum-,31,0.092,317,
runyoro,omub-,31,0.092,318,
runyoro,huram-,31,0.092,319,
runyoro,ho,31,0.092,320,
runyoro,mwibembez-,31,0.092,321,
runyoro,ayemelir-,31,0.092,322,
runyoro,omugeny-,31,0.092,323,
runyoro,tatung-,31,0.092,324,
runyoro,ubwikaz-,31,0.092,325,
runyoro,hobwo,31,0.092,326,
runyoro,kuba,31,0.092,327,
runyoro,omusihan-,31,0.092,328,
runyoro,ta,31,0.092,329,
runyoro,okugamb-,31,0.092,330,
runyoro,nangw-,31,0.092,331,
runyoro,inyum-,31,0.092,332,
runyoro,zokuzik-,31,0.092,333,
runyoro,omwebembez-,31,0.092,334,
runyoro,ogamb-,31,0.092,335,
runyoro,omubil-,31,0.092,336,
runyoro,turugagaruko,31,0.092,337,
runyoro,bulikizarw-,31,0.092,338,
runyoro,aika-,31,0.092,339,
runyoro,nkati-,31,0.092,340,
runyoro,tungir-,31,0.092,341,
runyoro,akumu,31,0.092,342,
runyoro,swer-,31,0.092,343,
runyoro,yaba,31,0.092,344,
runyoro,wogu,31,0.092,345,
runyoro,amusij-,31,0.092,346,
runyoro,nomutar-,31,0.092,347,
runyoro,reran,31,0.092,348,
runyoro,-iso,31,0.092,349,
runyoro,ibal-,31,0.092,350,
runyoro,ntilyekumby-,31,0.092,351,
runyoro,iyonk-,31,0.092,352,
runyoro,nomuzan-,31,0.092,353,
runyoro,nomur-,31,0.092,354,
runyoro,obwokub-,31,0.092,355,
runyoro,tumany-,31,0.092,356,
runyoro,nkok-,31,0.092,357,
runyoro,gwoch-,31,0.092,358,
runyoro,ntamany-,31,0.092,359,
runyoro,kwegis-,31,0.092,360,
runyoro,obahwer-,31,0.092,361,
runyoro,no,31,0.092,362,
runyoro,mugahw-,31,0.092,363,
runyoro,banyeger-,31,0.092,364,
runyoro,omulis-,31,0.092,365,
runyoro,obusotalibaz-,31,0.092,366,
runyoro,nabant-,31,0.092,367,
runyoro,aliferw-,31,0.092,368,
runyoro,obwenyar-,31,0.092,369,
runyoro,eyolek-,31,0.092,370,
runyoro,ensom-,31,0.092,371,
runyoro,endi,31,0.092,372,
runyoro,ragab-,31,0.092,373,
runyoro,nakusemererw-,31,0.092,374,
runyoro,ensenen-,31,0.092,375,
runyoro,egarw-,31,0.092,376,
runyoro,habil-,31,0.092,377,
runyoro,muntu,31,0.092,378,
runyoro,okugur-,31,0.092,379,
runyoro,gentey-,31,0.092,380,
runyoro,agifumw-,31,0.092,381,
runyoro,ameiso,31,0.092,382,
runyoro,okubamanyisiz-,31,0.092,383,
runyoro,eng-,31,0.092,384,
runyoro,nko,31,0.092,385,
runyoro,banabw-,31,0.092,386,
runyoro,bukutw-,31,0.092,387,
runyoro,embogo,31,0.092,388,
runyoro,yagamb-,31,0.092,389,
runyoro,embuz-,31,0.092,390,
runyoro,omojo,31,0.092,391,
runyoro,oy-,31,0.092,392,
runyoro,-oy,31,0.092,393,
runyoro,neis-,31,0.092,394,
runyoro,omubwiko,31,0.092,395,
runyoro,utagend-,31,0.092,396,
runyoro,omukuhamur-,31,0.092,397,
runyoro,wirar-,31,0.092,398,
runyoro,is-,31,0.092,399,
runyoro,-is,31,0.092,400,
runyoro,-yaga,31,0.092,401,
runyoro,noguking-,31,0.092,402,
runyoro,nigutah-,31,0.092,403,
runyoro,akugenz-,31,0.092,404,
runyoro,akutun-,31,0.092,405,
runyoro,owang-,31,0.092,406,
runyoro,tamany-,31,0.092,407,
runyoro,museij-,31,0.092,408,
runyoro,omulim-,31,0.092,409,
runyoro,tasoror-,31,0.092,410,
runyoro,enfuk-,31,0.092,411,
runyoro,atagumisiriz-,31,0.092,412,
runyoro,lind-,31,0.092,413,
runyoro,-lind,31,0.092,414,
runyoro,azizar-,31,0.092,415,
runyoro,aetemby-,31,0.092,416,
runyoro,ebirung-,31,0.092,417,
runyoro,rabireho,31,0.092,418,
runyoro,amany-,31,0.092,419,
runyoro,ukubuch-,31,0.092,420,
runyoro,rund-,31,0.092,421,
runyoro,nkobw-,31,0.092,422,
runyoro,hung-,31,0.092,423,
runyoro,otur-,31,0.092,424,
runyoro,owitekaniz-,31,0.092,425,
runyoro,akwzin-,31,0.092,426,
runyoro,tasereko,31,0.092,427,
runyoro,ekifub-,31,0.092,428,
runyoro,ekitasobok-,31,0.092,429,
runyoro,omulyango,31,0.092,430,
runyoro,ogwo,31,0.092,431,
runyoro,tahiram-,31,0.092,432,
runyoro,nugwo,31,0.092,433,
runyoro,oturukiram-,31,0.092,434,
runyoro,omumaiso,31,0.092,435,
runyoro,bachur-,31,0.092,436,
runyoro,im-,31,0.092,437,
runyoro,-im,31,0.092,438,
runyoro,bas-,31,0.092,439,
runyoro,ek-,31,0.092,440,
runyoro,-ek,31,0.092,441,
runyoro,omun-,31,0.092,442,
runyoro,-ako,31,0.092,443,
runyoro,ameiz-,31,0.092,444,
runyoro,muyond-,31,0.092,445,
runyoro,nany-,31,0.092,446,
runyoro,amat-,31,0.092,447,
runyoro,ata-,31,0.092,448,
runyoro,omwabo,31,0.092,449,
runyoro,bamwet-,31,0.092,450,
runyoro,-oro,31,0.092,451,
runyoro,omu,31,0.092,452,
runyoro,-ongo,31,0.092,453,
runyoro,gwent-,31,0.092,454,
runyoro,nond-,31,0.092,455,
runyoro,avor-,31,0.092,456,
runyoro,ogwimbuz-,31,0.092,457,
runyoro,owabeir-,31,0.092,458,
runyoro,uli,31,0.092,459,
runyoro,oya,31,0.092,460,
runyoro,bungir-,31,0.092,461,
runyoro,nowein-,31,0.092,462,
runyoro,obumany-,31,0.092,463,
runyoro,uwempok-,31,0.092,464,
runyoro,eyitiran-,31,0.092,465,
runyoro,owempak-,31,0.092,466,
runyoro,omusai-,31,0.092,467,
runyoro,nagwa,31,0.092,468,
runyoro,inuk-,31,0.092,469,
runyoro,-inuk,31,0.092,470,
runyoro,sik-,31,0.092,471,
runyoro,-sik,31,0.092,472,
runyoro,nahonder-,31,0.092,473,
runyoro,isitamiro,31,0.092,474,
runyoro,gwebember-,31,0.092,475,
runyoro,okutah-,31,0.092,476,
runyoro,omunz-,31,0.092,477,
runyoro,aziner-,31,0.092,478,
runyoro,aruig-,31,0.092,479,
runyoro,anyakuelet-,31,0.092,480,
runyoro,wenka,31,0.092,481,
runyoro,ez-,31,0.092,482,
runyoro,-ez,31,0.092,483,
runyoro,eguru,31,0.092,484,
runyoro,nyechy-,31,0.092,485,
runyoro,kan-,31,0.092,486,
runyoro,-si,31,0.092,487,
runyoro,rweibajo,31,0.092,488,
runyoro,omwig-,31,0.092,489,
runyoro,eyel-,31,0.092,490,
runyoro,-sobor,31,0.092,491,
runyoro,omwonjo,31,0.092,492,
runyoro,owatamunyir-,31,0.092,493,
runyoro,enkungam-,31,0.092,494,
runyoro,ezo,31,0.092,495,
runyoro,mum-,31,0.092,496,
runyoro,sweento,31,0.092,497,
runyoro,eija,31,0.092,498,
runyoro,okuraram-,31,0.092,499,
runyoro,oterw-,31,0.092,500,
runyoro,isem-,31,0.092,501,
runyoro,bakumbir-,31,0.092,502,
runyoro,rwebajo,31,0.092,503,
runyoro,tabanow-,31,0.092,504,
runyoro,muhingis-,31,0.092,505,
runyoro,ekahy-,31,0.092,506,
runyoro,-iwe,31,0.092,507,
runyoro,tandikel-,31,0.092,508,
runyoro,tu,31,0.092,509,
runyoro,byam-,31,0.092,510,
runyoro,tera,31,0.092,511,
runyoro,orer-,31,0.092,512,
runyoro,kirarugam-,31,0.092,513,
runyoro,tikisemir-,31,0.092,514,
runyoro,okwe-,31,0.092,515,
runyoro,obugamb-,31,0.092,516,
runyoro,tokusober-,31,0.092,517,
runyoro,okukeikuz-,31,0.092,518,
runyoro,omugav-,31,0.092,519,
runyoro,tumukusobor-,31,0.092,520,
runyoro,chw-,31,0.092,521,
runyoro,-chw,31,0.092,522,
runyoro,echwar-,31,0.092,523,
runyoro,ekihuteir-,31,0.092,524,
tooro,-a,7409,20.855,1,
tooro,-e,2170,6.108,2,
tooro,-i,1984,5.585,3,
tooro,-u,713,2.007,4,
tooro,-we,558,1.571,5,
tooro,muntu,310,0.873,6,
tooro,nib-,279,0.785,7,
tooro,-o,248,0.698,8,
tooro,ar-,217,0.611,9,
tooro,-ar,217,0.611,10,
tooro,enj-,186,0.524,11,
tooro,-ya,186,0.524,12,
tooro,ni-,186,0.524,13,
tooro,omu-,155,0.436,14,
tooro,naba,155,0.436,15,
tooro,ka-,155,0.436,16,
tooro,aka-,155,0.436,17,
tooro,mu-,155,0.436,18,
tooro,wa-,155,0.436,19,
tooro,omuntu,155,0.436,20,
tooro,ny-,124,0.349,21,
tooro,-za,124,0.349,22,
tooro,ku-,124,0.349,23,
tooro,omw-,124,0.349,24,
tooro,an-,124,0.349,25,
tooro,-an,124,0.349,26,
tooro,aha,124,0.349,27,
tooro,ir-,93,0.262,28,
tooro,-ir,93,0.262,29,
tooro,in-,93,0.262,30,
tooro,-in,93,0.262,31,
tooro,ab-,93,0.262,32,
tooro,-ab,93,0.262,33,
tooro,omuk-,93,0.262,34,
tooro,tashemereir-,93,0.262,35,
tooro,-iro,93,0.262,36,
tooro,kur-,93,0.262,37,
tooro,na-,93,0.262,38,
tooro,zar-,93,0.262,39,
tooro,-zar,93,0.262,40,
tooro,ngu,93,0.262,41,
tooro,mw-,93,0.262,42,
tooro,nabanz-,93,0.262,43,
tooro,ente,93,0.262,44,
tooro,wobusingy-,93,0.262,45,
tooro,end-,93,0.262,46,
tooro,-end,93,0.262,47,
tooro,hand-,93,0.262,48,
tooro,-hand,93,0.262,49,
tooro,wayeyerer-,62,0.175,50,
tooro,ya-,62,0.175,51,
tooro,otakagyir-,62,0.175,52,
tooro,kugamb-,62,0.175,53,
tooro,eyaband-,62,0.175,54,
tooro,okweteyerir-,62,0.175,55,
tooro,mun-,62,0.175,56,
tooro,ong-,62,0.175,57,
tooro,-ong,62,0.175,58,
tooro,ekyitinis-,62,0.175,59,
tooro,atakukyih-,62,0.175,60,
tooro,nanyin-,62,0.175,61,
tooro,wondijo,62,0.175,62,
tooro,ebir-,62,0.175,63,
tooro,ekabuzabuz-,62,0.175,64,
tooro,empis-,62,0.175,65,
tooro,by-,62,0.175,66,
tooro,ing-,62,0.175,67,
tooro,-ing,62,0.175,68,
tooro,bi-,62,0.175,69,
tooro,nibabas-,62,0.175,70,
tooro,omug-,62,0.175,71,
tooro,omundijo,62,0.175,72,
tooro,nibamushuk-,62,0.175,73,
tooro,ebyiz-,62,0.175,74,
tooro,bigubir-,62,0.175,75,
tooro,sing-,62,0.175,76,
tooro,-sing,62,0.175,77,
tooro,nabas-,62,0.175,78,
tooro,arikurug-,62,0.175,79,
tooro,rung-,62,0.175,80,
tooro,-rung,62,0.175,81,
tooro,yin-,62,0.175,82,
tooro,kwat-,62,0.175,83,
tooro,-kwat,62,0.175,84,
tooro,gumwe,62,0.175,85,
tooro,enyung-,62,0.175,86,
tooro,ogukwer-,62,0.175,87,
tooro,ebijum-,62,0.175,88,
tooro,nigw-,62,0.175,89,
tooro,gukurekyerwaho,62,0.175,90,
tooro,amabar-,62,0.175,91,
tooro,ekurebw-,62,0.175,92,
tooro,ne-,62,0.175,93,
tooro,akachwamutw-,62,0.175,94,
tooro,kurebw-,62,0.175,95,
tooro,-kurebw,62,0.175,96,
tooro,ahakuz-,62,0.175,97,
tooro,takaruh-,62,0.175,98,
tooro,-ye,62,0.175,99,
tooro,wekitinis-,62,0.175,100,
tooro,kwakushish-,62,0.175,101,
tooro,omwo-,62,0.175,102,
tooro,agir-,62,0.175,103,
tooro,-agir,62,0.175,104,
tooro,abagubiir-,62,0.175,105,
tooro,bagushish-,62,0.175,106,
tooro,nak-,62,0.175,107,
tooro,oku-,62,0.175,108,
tooro,kor-,62,0.175,109,
tooro,-kor,62,0.175,110,
tooro,-wo,62,0.175,111,
tooro,ba-,62,0.175,112,
tooro,ayin-,62,0.175,113,
tooro,namaririz-,62,0.175,114,
tooro,ari-,62,0.175,115,
tooro,burugo,62,0.175,116,
tooro,kw-,62,0.175,117,
tooro,oruh-,62,0.175,118,
tooro,omumwany-,62,0.175,119,
tooro,tigukagw-,62,0.175,120,
tooro,ha-,62,0.175,121,
tooro,nekit-,62,0.175,122,
tooro,kyagw-,62,0.175,123,
tooro,okw-,62,0.175,124,
tooro,-ka,62,0.175,125,
tooro,-zi,62,0.175,126,
tooro,aba-,62,0.175,127,
tooro,-ana,62,0.175,128,
tooro,nam-,62,0.175,129,
tooro,ekir-,62,0.175,130,
tooro,banza,31,0.087,131,
tooro,bint-,31,0.087,132,
tooro,byokubanz-,31,0.087,133,
tooro,-yo,31,0.087,134,
tooro,byomugasho,31,0.087,135,
tooro,bak-,31,0.087,136,
tooro,arikur-,31,0.087,137,
tooro,kusingaho,31,0.087,138,
tooro,sh-,31,0.087,139,
tooro,-sh,31,0.087,140,
tooro,um-,31,0.087,141,
tooro,-um,31,0.087,142,
tooro,baku-,31,0.087,143,
tooro,-ha,31,0.087,144,
tooro,emihand-,31,0.087,145,
tooro,ebisero,31,0.087,146,
tooro,ebikukwat-,31,0.087,147,
tooro,ebyenyanj-,31,0.087,148,
tooro,-ri,31,0.087,149,
tooro,omumiz-,31,0.087,150,
tooro,tibikakuzibir-,31,0.087,151,
tooro,kwibik-,31,0.087,152,
tooro,ekis-,31,0.087,153,
tooro,-ero,31,0.087,154,
tooro,ekyaw-,31,0.087,155,
tooro,habanyabwengy-,31,0.087,156,
tooro,babiri,31,0.087,157,
tooro,kwotsyeshohor-,31,0.087,158,
tooro,hakenyanj-,31,0.087,159,
tooro,ch-,31,0.087,160,
tooro,-ch,31,0.087,161,
tooro,tikakahabur-,31,0.087,162,
tooro,ekyenyanj-,31,0.087,163,
tooro,ekyihango,31,0.087,164,
tooro,hashabahebw-,31,0.087,165,
tooro,khurimunt-,31,0.087,166,
tooro,nayegur-,31,0.087,167,
tooro,amb-,31,0.087,168,
tooro,-amb,31,0.087,169,
tooro,gwe,31,0.087,170,
tooro,kikurug-,31,0.087,171,
tooro,ki-,31,0.087,172,
tooro,kirung-,31,0.087,173,
tooro,-kirung,31,0.087,174,
tooro,kutandiik-,31,0.087,175,
tooro,nobworo,31,0.087,176,
tooro,okutandik-,31,0.087,177,
tooro,nobugig-,31,0.087,178,
tooro,khukaz-,31,0.087,179,
tooro,yomb-,31,0.087,180,
tooro,-yomb,31,0.087,181,
tooro,kuba,31,0.087,182,
tooro,-oko,31,0.087,183,
tooro,kurekyer-,31,0.087,184,
tooro,amatungo,31,0.087,185,
tooro,ge,31,0.087,186,
tooro,ondijo,31,0.087,187,
tooro,nabar-,31,0.087,188,
tooro,emp-,31,0.087,189,
tooro,zaago,31,0.087,190,
tooro,kubuz-,31,0.087,191,
tooro,tibushem-,31,0.087,192,
tooro,kukuraganis-,31,0.087,193,
tooro,ekyihuro,31,0.087,194,
tooro,kyihango,31,0.087,195,
tooro,kukwis-,31,0.087,196,
tooro,khuzengyerez-,31,0.087,197,
tooro,khut-,31,0.087,198,
tooro,nigukurir-,31,0.087,199,
tooro,omum-,31,0.087,200,
tooro,it-,31,0.087,201,
tooro,-it,31,0.087,202,
tooro,endijo,31,0.087,203,
tooro,khutumw-,31,0.087,204,
tooro,kuribw-,31,0.087,205,
tooro,khushum-,31,0.087,206,
tooro,ta-,31,0.087,207,
tooro,-yin,31,0.087,208,
tooro,makumyan-,31,0.087,209,
tooro,khumonw-,31,0.087,210,
tooro,nigu-,31,0.087,211,
tooro,kukuyamb-,31,0.087,212,
tooro,nomugab-,31,0.087,213,
tooro,khumuzey-,31,0.087,214,
tooro,wemichw-,31,0.087,215,
tooro,mib-,31,0.087,216,
tooro,baba,31,0.087,217,
tooro,nibary-,31,0.087,218,
tooro,khukono,31,0.087,219,
tooro,tigukachiriz-,31,0.087,220,
tooro,yamiz-,31,0.087,221,
tooro,gukagit-,31,0.087,222,
tooro,ahamutw-,31,0.087,223,
tooro,khumukaz-,31,0.087,224,
tooro,ahamushij-,31,0.087,225,
tooro,ahandijo,31,0.087,226,
tooro,atin-,31,0.087,227,
tooro,mic-,31,0.087,228,
tooro,khumutayayirw-,31,0.087,229,
tooro,nagober-,31,0.087,230,
tooro,musheng-,31,0.087,231,
tooro,gwomugyeny-,31,0.087,232,
tooro,khumut-,31,0.087,233,
tooro,khumutego,31,0.087,234,
tooro,gwomuzey-,31,0.087,235,
tooro,nigutegw-,31,0.087,236,
tooro,omurund-,31,0.087,237,
tooro,khat-,31,0.087,238,
tooro,khashur-,31,0.087,239,
tooro,eibanj-,31,0.087,240,
tooro,reero,31,0.087,241,
tooro,otungy-,31,0.087,242,
tooro,otiin-,31,0.087,243,
tooro,aku-,31,0.087,244,
tooro,kukwat-,31,0.087,245,
tooro,-kukwat,31,0.087,246,
tooro,ahamukono,31,0.087,247,
tooro,katakahikyire,31,0.087,248,
tooro,menshob-,31,0.087,249,
tooro,yomwan-,31,0.087,250,
tooro,nibagivunan-,31,0.087,251,
tooro,we-,31,0.087,252,
tooro,membw-,31,0.087,253,
tooro,tekumok-,31,0.087,254,
tooro,ekarum-,31,0.087,255,
tooro,meshagam-,31,0.087,256,
tooro,nekir-,31,0.087,257,
tooro,ama-,31,0.087,258,
tooro,iz-,31,0.087,259,
tooro,-iz,31,0.087,260,
tooro,momurung-,31,0.087,261,
tooro,timurung-,31,0.087,262,
tooro,hatariho,31,0.087,263,
tooro,nkojo,31,0.087,264,
tooro,mbi,31,0.087,265,
tooro,momany-,31,0.087,266,
tooro,-ze,31,0.087,267,
tooro,komunt-,31,0.087,268,
tooro,omubwir-,31,0.087,269,
tooro,bwenjar-,31,0.087,270,
tooro,ur-,31,0.087,271,
tooro,-ur,31,0.087,272,
tooro,omumuringo,31,0.087,273,
tooro,gubamukuzam-,31,0.087,274,
tooro,mkurinz-,31,0.087,275,
tooro,ok-,31,0.087,276,
tooro,nikugaruk-,31,0.087,277,
tooro,kumurind-,31,0.087,278,
tooro,ayigus-,31,0.087,279,
tooro,takatecher-,31,0.087,280,
tooro,abiin-,31,0.087,281,
tooro,mkuririr-,31,0.087,282,
tooro,ekyey-,31,0.087,283,
tooro,tibakamutang-,31,0.087,284,
tooro,wenja-,31,0.087,285,
tooro,tibakamusindiik-,31,0.087,286,
tooro,omukitar-,31,0.087,287,
tooro,yakwetegyerez-,31,0.087,288,
tooro,atakakwetsir-,31,0.087,289,
tooro,kumutayayir-,31,0.087,290,
tooro,atari,31,0.087,291,
tooro,-aro,31,0.087,292,
tooro,nobas-,31,0.087,293,
tooro,kugyir-,31,0.087,294,
tooro,emichw-,31,0.087,295,
tooro,mirung-,31,0.087,296,
tooro,mkurim-,31,0.087,297,
tooro,eky-,31,0.087,298,
tooro,-ina,31,0.087,299,
tooro,akyirim-,31,0.087,300,
tooro,mtakahikyir-,31,0.087,301,
tooro,mtakuh-,31,0.087,302,
tooro,mkukuris-,31,0.087,303,
tooro,nakutegyek-,31,0.087,304,
tooro,mwaman-,31,0.087,305,
tooro,najum-,31,0.087,306,
tooro,mama,31,0.087,307,
tooro,oriho,31,0.087,308,
tooro,aho,31,0.087,309,
tooro,muchez-,31,0.087,310,
tooro,takagaruk-,31,0.087,311,
tooro,nengaro,31,0.087,312,
tooro,nsh-,31,0.087,313,
tooro,musheij-,31,0.087,314,
tooro,arikutung-,31,0.087,315,
tooro,emwe,31,0.087,316,
tooro,arikugyir-,31,0.087,317,
tooro,nti,31,0.087,318,
tooro,nayij-,31,0.087,319,
tooro,kutung-,31,0.087,320,
tooro,eisyo,31,0.087,321,
tooro,rihango,31,0.087,322,
tooro,ryent-,31,0.087,323,
tooro,nyingy-,31,0.087,324,
tooro,takarizibw-,31,0.087,325,
tooro,bu-,31,0.087,326,
tooro,-sha,31,0.087,327,
tooro,bwebint-,31,0.087,328,
tooro,ebirung-,31,0.087,329,
tooro,mur-,31,0.087,330,
tooro,nigwotsy-,31,0.087,331,
tooro,arikuguhemb-,31,0.087,332,
tooro,mukoz-,31,0.087,333,
tooro,omukayey-,31,0.087,334,
tooro,orikusingayo,31,0.087,335,
tooro,akubanz-,31,0.087,336,
tooro,kun-,31,0.087,337,
tooro,engaaro,31,0.087,338,
tooro,ze,31,0.087,339,
tooro,mubusigaz-,31,0.087,340,
tooro,nink-,31,0.087,341,
tooro,rwakashesh-,31,0.087,342,
tooro,niruhwaho,31,0.087,343,
tooro,omumwazyo,31,0.087,344,
tooro,nabashum-,31,0.087,345,
tooro,ib-,31,0.087,346,
tooro,-ib,31,0.087,347,
tooro,hik-,31,0.087,348,
tooro,-hik,31,0.087,349,
tooro,nokwib-,31,0.087,350,
tooro,ahubakurir-,31,0.087,351,
tooro,nabariho,31,0.087,352,
tooro,babarw-,31,0.087,353,
tooro,nahariho,31,0.087,354,
tooro,-ika,31,0.087,355,
tooro,tihakaburaho,31,0.087,356,
tooro,omur-,31,0.087,357,
tooro,nabaf-,31,0.087,358,
tooro,bonk-,31,0.087,359,
tooro,bakusingw-,31,0.087,360,
tooro,omurinyaruj-,31,0.087,361,
tooro,yamatek-,31,0.087,362,
tooro,namunt-,31,0.087,363,
tooro,nakukwang-,31,0.087,364,
tooro,nakutek-,31,0.087,365,
tooro,ogurikusingaho,31,0.087,366,
tooro,noguwab-,31,0.087,367,
tooro,oriim-,31,0.087,368,
tooro,namihand-,31,0.087,369,
tooro,nente,31,0.087,370,
tooro,nengyesho,31,0.087,371,
tooro,nungy-,31,0.087,372,
tooro,zomutaban-,31,0.087,373,
tooro,nizihis-,31,0.087,374,
tooro,ish-,31,0.087,375,
tooro,ekitinis-,31,0.087,376,
tooro,nimutahiwaw-,31,0.087,377,
tooro,arikubas-,31,0.087,378,
tooro,kukwagur-,31,0.087,379,
tooro,-ongo,31,0.087,380,
tooro,nutaban-,31,0.087,381,
tooro,nabonabon-,31,0.087,382,
tooro,ahabwebib-,31,0.087,383,
tooro,byishew-,31,0.087,384,
tooro,nomuyemb-,31,0.087,385,
tooro,noburwir-,31,0.087,386,
tooro,bwondijo,31,0.087,387,
tooro,tibukakuzibir-,31,0.087,388,
tooro,kubyam-,31,0.087,389,
tooro,nokayesig-,31,0.087,390,
tooro,wenka,31,0.087,391,
tooro,owaman-,31,0.087,392,
tooro,wabanoyend-,31,0.087,393,
tooro,kuhangur-,31,0.087,394,
tooro,kwombek-,31,0.087,395,
tooro,entsy-,31,0.087,396,
tooro,yasheny-,31,0.087,397,
tooro,en-,31,0.087,398,
tooro,-kur,31,0.087,399,
tooro,kuziin-,31,0.087,400,
tooro,yat-,31,0.087,401,
tooro,-era,31,0.087,402,
tooro,engom-,31,0.087,403,
tooro,oyanz-,31,0.087,404,
tooro,arikukukyir-,31,0.087,405,
tooro,aryagum-,31,0.087,406,
tooro,kukyir-,31,0.087,407,
tooro,-kukyir,31,0.087,408,
tooro,akwegur-,31,0.087,409,
tooro,rwe-,31,0.087,410,
tooro,takabur-,31,0.087,411,
tooro,ahokubyam-,31,0.087,412,
tooro,kurahuk-,31,0.087,413,
tooro,ebw-,31,0.087,414,
tooro,-ebw,31,0.087,415,
tooro,kwonk-,31,0.087,416,
tooro,okuribaat-,31,0.087,417,
tooro,omumaz-,31,0.087,418,
tooro,we,31,0.087,419,
tooro,takayebw-,31,0.087,420,
tooro,okukurabur-,31,0.087,421,
tooro,akab-,31,0.087,422,
tooro,arimunywan-,31,0.087,423,
tooro,okwitw-,31,0.087,424,
tooro,omwiguto,31,0.087,425,
tooro,takugarukyir-,31,0.087,426,
tooro,abasigar-,31,0.087,427,
tooro,eny-,31,0.087,428,
tooro,im-,31,0.087,429,
tooro,-im,31,0.087,430,
tooro,ayamar-,31,0.087,431,
tooro,yibakutekyeram-,31,0.087,432,
tooro,omut-,31,0.087,433,
tooro,niguterezibw-,31,0.087,434,
tooro,gw-,31,0.087,435,
tooro,gukyir-,31,0.087,436,
tooro,mut-,31,0.087,437,
tooro,omurog-,31,0.087,438,
tooro,narog-,31,0.087,439,
tooro,erikumuh-,31,0.087,440,
tooro,amat-,31,0.087,441,
tooro,kum-,31,0.087,442,
tooro,-kum,31,0.087,443,
tooro,iw-,31,0.087,444,
tooro,-iw,31,0.087,445,
tooro,omushango,31,0.087,446,
tooro,omuteguz-,31,0.087,447,
tooro,webint-,31,0.087,448,
tooro,akumaririz-,31,0.087,449,
tooro,nar-,31,0.087,450,
tooro,amaguf-,31,0.087,451,
tooro,otakayorek-,31,0.087,452,
tooro,omushaho,31,0.087,453,
tooro,mugyenz-,31,0.087,454,
tooro,oburugo,31,0.087,455,
tooro,bwomubaz-,31,0.087,456,
tooro,gwa-,31,0.087,457,
tooro,muherez-,31,0.087,458,
tooro,omubaz-,31,0.087,459,
tooro,gumazir-,31,0.087,460,
tooro,okujungw-,31,0.087,461,
tooro,rukukor-,31,0.087,462,
tooro,hamw-,31,0.087,463,
tooro,bwa,31,0.087,464,
tooro,aman-,31,0.087,465,
tooro,ruf-,31,0.087,466,
tooro,tekwizir-,31,0.087,467,
tooro,sotakater-,31,0.087,468,
tooro,ahabwokuremw-,31,0.087,469,
tooro,kutayayis-,31,0.087,470,
tooro,omugyeny-,31,0.087,471,
tooro,atakakutayayisag-,31,0.087,472,
tooro,sotakayehutzy-,31,0.087,473,
tooro,okuhaburw-,31,0.087,474,
tooro,kwomwan-,31,0.087,475,
tooro,tur-,31,0.087,476,
tooro,owomunt-,31,0.087,477,
tooro,okusingaho,31,0.087,478,
tooro,kutur-,31,0.087,479,
tooro,omwitagy-,31,0.087,480,
tooro,ryekit-,31,0.087,481,
tooro,taribar-,31,0.087,482,
tooro,enkojo,31,0.087,483,
tooro,zaa-,31,0.087,484,
tooro,otakafiir-,31,0.087,485,
tooro,wokury-,31,0.087,486,
tooro,-awe,31,0.087,487,
tooro,arikukwit-,31,0.087,488,
tooro,wayesigyir-,31,0.087,489,
tooro,obugig-,31,0.087,490,
tooro,bwamukuruwey-,31,0.087,491,
tooro,-fa,31,0.087,492,
tooro,obworo,31,0.087,493,
tooro,yibakuguriz-,31,0.087,494,
tooro,kukyikwak-,31,0.087,495,
tooro,kandi,31,0.087,496,
tooro,okyakyend-,31,0.087,497,
tooro,zayin-,31,0.087,498,
tooro,zebifer-,31,0.087,499,
tooro,nibitur-,31,0.087,500,
tooro,okumar-,31,0.087,501,
tooro,obw-,31,0.087,502,
tooro,bw-,31,0.087,503,
tooro,zurinamanyir-,31,0.087,504,
tooro,eija,31,0.087,505,
tooro,bwanyim-,31,0.087,506,
tooro,zimut-,31,0.087,507,
tooro,zuyemb-,31,0.087,508,
tooro,zokureberer-,31,0.087,509,
tooro,yamutah-,31,0.087,510,
tooro,okwokureberer-,31,0.087,511,
tooro,eya-,31,0.087,512,
tshiluba,-a,6692,17.651,1,
tshiluba,-u,2100,5.539,2,
tshiluba,-i,1764,4.653,3,
tshiluba,-e,1372,3.619,4,
tshiluba,mu-,896,2.363,5,
tshiluba,ka-,672,1.773,6,
tshiluba,tshi-,504,1.329,7,
tshiluba,wa,364,0.96,8,
tshiluba,ne,364,0.96,9,
tshiluba,-ana,308,0.812,10,
tshiluba,kup-,224,0.591,11,
tshiluba,bu-,224,0.591,12,
tshiluba,bi-,224,0.591,13,
tshiluba,en-,196,0.517,14,
tshiluba,-en,196,0.517,15,
tshiluba,und-,196,0.517,16,
tshiluba,-und,196,0.517,17,
tshiluba,mua,168,0.443,18,
tshiluba,-kaji,168,0.443,19,
tshiluba,to,168,0.443,20,
tshiluba,-ya,168,0.443,21,
tshiluba,ku-,168,0.443,22,
tshiluba,bua,140,0.369,23,
tshiluba,ang-,140,0.369,24,
tshiluba,-ang,140,0.369,25,
tshiluba,bantu,140,0.369,26,
tshiluba,wend-,140,0.369,27,
tshiluba,mp-,140,0.369,28,
tshiluba,ni,140,0.369,29,
tshiluba,mutsh-,140,0.369,30,
tshiluba,muntu,112,0.295,31,
tshiluba,kol-,112,0.295,32,
tshiluba,-ala,112,0.295,33,
tshiluba,-ua,112,0.295,34,
tshiluba,-uma,112,0.295,35,
tshiluba,badiadi-,112,0.295,36,
tshiluba,katu,112,0.295,37,
tshiluba,pa,112,0.295,38,
tshiluba,kajij-,112,0.295,39,
tshiluba,ka,112,0.295,40,
tshiluba,bul-,112,0.295,41,
tshiluba,ku,112,0.295,42,
tshiluba,-kol,84,0.222,43,
tshiluba,mut-,84,0.222,44,
tshiluba,kadi,84,0.222,45,
tshiluba,bilengel-,84,0.222,46,
tshiluba,pansh-,84,0.222,47,
tshiluba,wen-,84,0.222,48,
tshiluba,eb-,84,0.222,49,
tshiluba,-eb,84,0.222,50,
tshiluba,ba-,84,0.222,51,
tshiluba,mu,84,0.222,52,
tshiluba,al-,84,0.222,53,
tshiluba,-al,84,0.222,54,
tshiluba,nansh-,84,0.222,55,
tshiluba,end-,84,0.222,56,
tshiluba,bel-,84,0.222,57,
tshiluba,mukaleng-,84,0.222,58,
tshiluba,ng-,84,0.222,59,
tshiluba,utu,84,0.222,60,
tshiluba,kabu-,84,0.222,61,
tshiluba,uk-,84,0.222,62,
tshiluba,fu-,84,0.222,63,
tshiluba,-fu,84,0.222,64,
tshiluba,anu,84,0.222,65,
tshiluba,tsh-,84,0.222,66,
tshiluba,peb-,84,0.222,67,
tshiluba,nk-,84,0.222,68,
tshiluba,lum-,84,0.222,69,
tshiluba,-lum,84,0.222,70,
tshiluba,-enda,84,0.222,71,
tshiluba,bidi,84,0.222,72,
tshiluba,nku,84,0.222,73,
tshiluba,kab-,84,0.222,74,
tshiluba,sh-,84,0.222,75,
tshiluba,-sh,84,0.222,76,
tshiluba,tshidi,84,0.222,77,
tshiluba,mul-,84,0.222,78,
tshiluba,nzamb-,56,0.148,79,
tshiluba,-anza,56,0.148,80,
tshiluba,tshitu,56,0.148,81,
tshiluba,-alu,56,0.148,82,
tshiluba,mund-,56,0.148,83,
tshiluba,-eba,56,0.148,84,
tshiluba,-amba,56,0.148,85,
tshiluba,mbias-,56,0.148,86,
tshiluba,munkelend-,56,0.148,87,
tshiluba,ul-,56,0.148,88,
tshiluba,-ul,56,0.148,89,
tshiluba,shik-,56,0.148,90,
tshiluba,-shik,56,0.148,91,
tshiluba,nz-,56,0.148,92,
tshiluba,ukun-,56,0.148,93,
tshiluba,upol-,56,0.148,94,
tshiluba,mus-,56,0.148,95,
tshiluba,am-,56,0.148,96,
tshiluba,-am,56,0.148,97,
tshiluba,-ebe,56,0.148,98,
tshiluba,mun-,56,0.148,99,
tshiluba,-wen,56,0.148,100,
tshiluba,kuk-,56,0.148,101,
tshiluba,bionso,56,0.148,102,
tshiluba,tshidim-,56,0.148,103,
tshiluba,uta,56,0.148,104,
tshiluba,it-,56,0.148,105,
tshiluba,-it,56,0.148,106,
tshiluba,wakadi-,56,0.148,107,
tshiluba,kuindid-,56,0.148,108,
tshiluba,kum-,56,0.148,109,
tshiluba,seb-,56,0.148,110,
tshiluba,-seb,56,0.148,111,
tshiluba,ba,56,0.148,112,
tshiluba,wadi-,56,0.148,113,
tshiluba,lem-,56,0.148,114,
tshiluba,-lem,56,0.148,115,
tshiluba,-ela,56,0.148,116,
tshiluba,bijimin-,56,0.148,117,
tshiluba,mbiany-,56,0.148,118,
tshiluba,mbuji,56,0.148,119,
tshiluba,pabul-,56,0.148,120,
tshiluba,kunangid-,56,0.148,121,
tshiluba,lel-,56,0.148,122,
tshiluba,-uk,56,0.148,123,
tshiluba,mat-,56,0.148,124,
tshiluba,bundu,56,0.148,125,
tshiluba,kak-,56,0.148,126,
tshiluba,-aya,56,0.148,127,
tshiluba,tshital-,56,0.148,128,
tshiluba,in-,56,0.148,129,
tshiluba,-in,56,0.148,130,
tshiluba,nzol-,56,0.148,131,
tshiluba,-ku,56,0.148,132,
tshiluba,wa-,56,0.148,133,
tshiluba,budim-,56,0.148,134,
tshiluba,bupit-,56,0.148,135,
tshiluba,-anga,56,0.148,136,
tshiluba,din-,56,0.148,137,
tshiluba,ko-,56,0.148,138,
tshiluba,amunt-,56,0.148,139,
tshiluba,-amunt,56,0.148,140,
tshiluba,tshanzamb-,56,0.148,141,
tshiluba,umu-,56,0.148,142,
tshiluba,bakup-,56,0.148,143,
tshiluba,wapangan-,56,0.148,144,
tshiluba,shing-,56,0.148,145,
tshiluba,-shing,56,0.148,146,
tshiluba,kutshin-,56,0.148,147,
tshiluba,kuikal-,56,0.148,148,
tshiluba,bup-,56,0.148,149,
tshiluba,ny-,56,0.148,150,
tshiluba,diakuil-,56,0.148,151,
tshiluba,di-,56,0.148,152,
tshiluba,tshifuafu-,56,0.148,153,
tshiluba,ndibak-,56,0.148,154,
tshiluba,-end,56,0.148,155,
tshiluba,at-,56,0.148,156,
tshiluba,-at,56,0.148,157,
tshiluba,kwa,56,0.148,158,
tshiluba,-o,56,0.148,159,
tshiluba,kantu,56,0.148,160,
tshiluba,lukund-,56,0.148,161,
tshiluba,katend-,56,0.148,162,
tshiluba,-ulu,56,0.148,163,
tshiluba,mudinay-,56,0.148,164,
tshiluba,kadi-,56,0.148,165,
tshiluba,biasuey-,28,0.074,166,
tshiluba,alu-,28,0.074,167,
tshiluba,tshiny-,28,0.074,168,
tshiluba,tshiyay-,28,0.074,169,
tshiluba,ki,28,0.074,170,
tshiluba,muk-,28,0.074,171,
tshiluba,mununk-,28,0.074,172,
tshiluba,bulelel-,28,0.074,173,
tshiluba,luf-,28,0.074,174,
tshiluba,nt-,28,0.074,175,
tshiluba,dipuekesh-,28,0.074,176,
tshiluba,bak-,28,0.074,177,
tshiluba,bandish-,28,0.074,178,
tshiluba,kitshituy-,28,0.074,179,
tshiluba,luleng-,28,0.074,180,
tshiluba,diabul-,28,0.074,181,
tshiluba,nank-,28,0.074,182,
tshiluba,ben-,28,0.074,183,
tshiluba,bakwatshishab-,28,0.074,184,
tshiluba,um-,28,0.074,185,
tshiluba,kankaman-,28,0.074,186,
tshiluba,tshiakulu-,28,0.074,187,
tshiluba,sank-,28,0.074,188,
tshiluba,-sank,28,0.074,189,
tshiluba,sel-,28,0.074,190,
tshiluba,babid-,28,0.074,191,
tshiluba,ufu-,28,0.074,192,
tshiluba,lukas-,28,0.074,193,
tshiluba,fuish-,28,0.074,194,
tshiluba,-fuish,28,0.074,195,
tshiluba,yend-,28,0.074,196,
tshiluba,-yend,28,0.074,197,
tshiluba,mbong-,28,0.074,198,
tshiluba,tshidimanyin-,28,0.074,199,
tshiluba,bidi-,28,0.074,200,
tshiluba,bitup-,28,0.074,201,
tshiluba,bias-,28,0.074,202,
tshiluba,wapit-,28,0.074,203,
tshiluba,on-,28,0.074,204,
tshiluba,-on,28,0.074,205,
tshiluba,neumon-,28,0.074,206,
tshiluba,mabik-,28,0.074,207,
tshiluba,kateketsh-,28,0.074,208,
tshiluba,mutshin-,28,0.074,209,
tshiluba,uteket-,28,0.074,210,
tshiluba,biteket-,28,0.074,211,
tshiluba,dibak-,28,0.074,212,
tshiluba,mbudim-,28,0.074,213,
tshiluba,meba,28,0.074,214,
tshiluba,kusuluil-,28,0.074,215,
tshiluba,tshamukwen-,28,0.074,216,
tshiluba,lw-,28,0.074,217,
tshiluba,mukuen-,28,0.074,218,
tshiluba,mutshelel-,28,0.074,219,
tshiluba,-ende,28,0.074,220,
tshiluba,meji,28,0.074,221,
tshiluba,ubandishil-,28,0.074,222,
tshiluba,nfuak-,28,0.074,223,
tshiluba,udiadi-,28,0.074,224,
tshiluba,tshibi,28,0.074,225,
tshiluba,matand-,28,0.074,226,
tshiluba,nshib-,28,0.074,227,
tshiluba,matsho,28,0.074,228,
tshiluba,mes-,28,0.074,229,
tshiluba,ela,28,0.074,230,
tshiluba,pany-,28,0.074,231,
tshiluba,mmon-,28,0.074,232,
tshiluba,kuy-,28,0.074,233,
tshiluba,-kuy,28,0.074,234,
tshiluba,tu,28,0.074,235,
tshiluba,tshikulul-,28,0.074,236,
tshiluba,eng-,28,0.074,237,
tshiluba,-eng,28,0.074,238,
tshiluba,tumubel-,28,0.074,239,
tshiluba,udia,28,0.074,240,
tshiluba,monj-,28,0.074,241,
tshiluba,bia,28,0.074,242,
tshiluba,ewu,28,0.074,243,
tshiluba,bitsh-,28,0.074,244,
tshiluba,lualu-,28,0.074,245,
tshiluba,wabend-,28,0.074,246,
tshiluba,nkuba,28,0.074,247,
tshiluba,maw-,28,0.074,248,
tshiluba,filak-,28,0.074,249,
tshiluba,alekel-,28,0.074,250,
tshiluba,kutuil-,28,0.074,251,
tshiluba,banga,28,0.074,252,
tshiluba,leng-,28,0.074,253,
tshiluba,-leng,28,0.074,254,
tshiluba,up-,28,0.074,255,
tshiluba,kuibidij-,28,0.074,256,
tshiluba,chomb-,28,0.074,257,
tshiluba,akudil-,28,0.074,258,
tshiluba,ngoma,28,0.074,259,
tshiluba,baja,28,0.074,260,
tshiluba,maja,28,0.074,261,
tshiluba,kwatshil-,28,0.074,262,
tshiluba,mpas-,28,0.074,263,
tshiluba,pakol-,28,0.074,264,
tshiluba,akukuatshi-,28,0.074,265,
tshiluba,pend-,28,0.074,266,
tshiluba,biwashal-,28,0.074,267,
tshiluba,washadil-,28,0.074,268,
tshiluba,amu,28,0.074,269,
tshiluba,wapesh-,28,0.074,270,
tshiluba,zol-,28,0.074,271,
tshiluba,-zol,28,0.074,272,
tshiluba,kupesh-,28,0.074,273,
tshiluba,kanyuny-,28,0.074,274,
tshiluba,diwadi-,28,0.074,275,
tshiluba,kindiwamen-,28,0.074,276,
tshiluba,mpus-,28,0.074,277,
tshiluba,kusekisek-,28,0.074,278,
tshiluba,mweneb-,28,0.074,279,
tshiluba,any-,28,0.074,280,
tshiluba,-any,28,0.074,281,
tshiluba,many-,28,0.074,282,
tshiluba,tshiyiy-,28,0.074,283,
tshiluba,ndilengel-,28,0.074,284,
tshiluba,bienzel-,28,0.074,285,
tshiluba,tshanz-,28,0.074,286,
tshiluba,im-,28,0.074,287,
tshiluba,-im,28,0.074,288,
tshiluba,bimp-,28,0.074,289,
tshiluba,kutshi,28,0.074,290,
tshiluba,-sa,28,0.074,291,
tshiluba,mushing-,28,0.074,292,
tshiluba,kebej-,28,0.074,293,
tshiluba,kajimin-,28,0.074,294,
tshiluba,avual-,28,0.074,295,
tshiluba,-avual,28,0.074,296,
tshiluba,vu-,28,0.074,297,
tshiluba,kabuta,28,0.074,298,
tshiluba,vual-,28,0.074,299,
tshiluba,-vual,28,0.074,300,
tshiluba,adim-,28,0.074,301,
tshiluba,-adim,28,0.074,302,
tshiluba,tshadi-,28,0.074,303,
tshiluba,bany-,28,0.074,304,
tshiluba,ya,28,0.074,305,
tshiluba,beny-,28,0.074,306,
tshiluba,ibob-,28,0.074,307,
tshiluba,muny-,28,0.074,308,
tshiluba,ok-,28,0.074,309,
tshiluba,-ok,28,0.074,310,
tshiluba,paken-,28,0.074,311,
tshiluba,-uta,28,0.074,312,
tshiluba,bashibey-,28,0.074,313,
tshiluba,bat-,28,0.074,314,
tshiluba,ut-,28,0.074,315,
tshiluba,-ut,28,0.074,316,
tshiluba,wal-,28,0.074,317,
tshiluba,lad-,28,0.074,318,
tshiluba,-lad,28,0.074,319,
tshiluba,mwand-,28,0.074,320,
tshiluba,tshidibudib-,28,0.074,321,
tshiluba,tump-,28,0.074,322,
tshiluba,ntump-,28,0.074,323,
tshiluba,mi-,28,0.074,324,
tshiluba,and-,28,0.074,325,
tshiluba,-and,28,0.074,326,
tshiluba,yakakal-,28,0.074,327,
tshiluba,kinyalel-,28,0.074,328,
tshiluba,nvul-,28,0.074,329,
tshiluba,ulej-,28,0.074,330,
tshiluba,kwabu,28,0.074,331,
tshiluba,pad-,28,0.074,332,
tshiluba,tutend-,28,0.074,333,
tshiluba,tumonangan-,28,0.074,334,
tshiluba,tudi,28,0.074,335,
tshiluba,tutendangan-,28,0.074,336,
tshiluba,muditel-,28,0.074,337,
tshiluba,bwal-,28,0.074,338,
tshiluba,mudimany-,28,0.074,339,
tshiluba,imp-,28,0.074,340,
tshiluba,-imp,28,0.074,341,
tshiluba,ntuil-,28,0.074,342,
tshiluba,mpelel-,28,0.074,343,
tshiluba,kabien-,28,0.074,344,
tshiluba,ndambil-,28,0.074,345,
tshiluba,mumu-,28,0.074,346,
tshiluba,babel-,28,0.074,347,
tshiluba,mufu,28,0.074,348,
tshiluba,telej-,28,0.074,349,
tshiluba,mumukan-,28,0.074,350,
tshiluba,mwa,28,0.074,351,
tshiluba,muenenb-,28,0.074,352,
tshiluba,ung-,28,0.074,353,
tshiluba,-ung,28,0.074,354,
tshiluba,kuta,28,0.074,355,
tshiluba,kabomb-,28,0.074,356,
tshiluba,kub-,28,0.074,357,
tshiluba,ma-,28,0.074,358,
tshiluba,butuk-,28,0.074,359,
tshiluba,-lel,28,0.074,360,
tshiluba,-su,28,0.074,361,
tshiluba,lej-,28,0.074,362,
tshiluba,-lej,28,0.074,363,
tshiluba,kua,28,0.074,364,
tshiluba,tatu,28,0.074,365,
tshiluba,kabuf-,28,0.074,366,
tshiluba,ngudiadi-,28,0.074,367,
tshiluba,musuasu-,28,0.074,368,
tshiluba,teka,28,0.074,369,
tshiluba,budik-,28,0.074,370,
tshiluba,dimu-,28,0.074,371,
tshiluba,uya,28,0.074,372,
tshiluba,kukulul-,28,0.074,373,
tshiluba,tshidi-,28,0.074,374,
tshiluba,ukut-,28,0.074,375,
tshiluba,-ukut,28,0.074,376,
tshiluba,abikil-,28,0.074,377,
tshiluba,-abikil,28,0.074,378,
tshiluba,mulopw-,28,0.074,379,
tshiluba,yi,28,0.074,380,
tshiluba,manseb-,28,0.074,381,
tshiluba,bakuanyish-,28,0.074,382,
tshiluba,bulamb-,28,0.074,383,
tshiluba,bayeb-,28,0.074,384,
tshiluba,uma,28,0.074,385,
tshiluba,mba-,28,0.074,386,
tshiluba,-le,28,0.074,387,
tshiluba,mulombel-,28,0.074,388,
tshiluba,kajiminy-,28,0.074,389,
tshiluba,ye-,28,0.074,390,
tshiluba,-ye,28,0.074,391,
tshiluba,munkatsh-,28,0.074,392,
tshiluba,metu,28,0.074,393,
tshiluba,manene,28,0.074,394,
tshiluba,bamon-,28,0.074,395,
tshiluba,batshin-,28,0.074,396,
tshiluba,bakimin-,28,0.074,397,
tshiluba,dikosh-,28,0.074,398,
tshiluba,abend-,28,0.074,399,
tshiluba,-abend,28,0.074,400,
tshiluba,nkulu,28,0.074,401,
tshiluba,ndombo,28,0.074,402,
tshiluba,nkes-,28,0.074,403,
tshiluba,waba,28,0.074,404,
tshiluba,-aka,28,0.074,405,
tshiluba,mupong-,28,0.074,406,
tshiluba,tshot-,28,0.074,407,
tshiluba,ulow-,28,0.074,408,
tshiluba,bulowav-,28,0.074,409,
tshiluba,et-,28,0.074,410,
tshiluba,-et,28,0.074,411,
tshiluba,tent-,28,0.074,412,
tshiluba,mamb-,28,0.074,413,
tshiluba,tshidiadi-,28,0.074,414,
tshiluba,nkasham-,28,0.074,415,
tshiluba,udi,28,0.074,416,
tshiluba,mudima,28,0.074,417,
tshiluba,ngudi,28,0.074,418,
tshiluba,uny-,28,0.074,419,
tshiluba,tshikonyangan-,28,0.074,420,
tshiluba,atsh-,28,0.074,421,
tshiluba,-atsh,28,0.074,422,
tshiluba,mudiadi-,28,0.074,423,
tshiluba,kupopok-,28,0.074,424,
tshiluba,nsal-,28,0.074,425,
tshiluba,nke,28,0.074,426,
tshiluba,nyuny-,28,0.074,427,
tshiluba,biwamon-,28,0.074,428,
tshiluba,kim-,28,0.074,429,
tshiluba,an-,28,0.074,430,
tshiluba,-an,28,0.074,431,
tshiluba,-kup,28,0.074,432,
tshiluba,waman-,28,0.074,433,
tshiluba,tshikondo,28,0.074,434,
tshiluba,ntshikol-,28,0.074,435,
tshiluba,udamadim-,28,0.074,436,
tshiluba,kadianyish-,28,0.074,437,
tshiluba,banyishanyish-,28,0.074,438,
tshiluba,mbamumony-,28,0.074,439,
tshiluba,kwitab-,28,0.074,440,
tshiluba,mbulow-,28,0.074,441,
tshiluba,bwa,28,0.074,442,
tshiluba,ot-,28,0.074,443,
tshiluba,-ot,28,0.074,444,
tshiluba,mutshok-,28,0.074,445,
tshiluba,watshiakab-,28,0.074,446,
tshiluba,bakamutap-,28,0.074,447,
tshiluba,mwimp-,28,0.074,448,
tshiluba,batu,28,0.074,449,
tshiluba,bamumany-,28,0.074,450,
tshiluba,diba,28,0.074,451,
tshiluba,diadikeng-,28,0.074,452,
tshiluba,lubil-,28,0.074,453,
tshiluba,-lubil,28,0.074,454,
tshiluba,kashiy-,28,0.074,455,
tshiluba,-kashiy,28,0.074,456,
tshiluba,kadil-,28,0.074,457,
tshiluba,katshid-,28,0.074,458,
tshiluba,lubalabal-,28,0.074,459,
tshiluba,wajim-,28,0.074,460,
tshiluba,mukuta,28,0.074,461,
tshiluba,kangul-,28,0.074,462,
tshiluba,katukajimin-,28,0.074,463,
tshiluba,kabuluk-,28,0.074,464,
tshiluba,katumbish-,28,0.074,465,
tshiluba,yak-,28,0.074,466,
tshiluba,nseng-,28,0.074,467,
tshiluba,kabund-,28,0.074,468,
tshiluba,dinkelengez-,28,0.074,469,
tshiluba,tshibel-,28,0.074,470,
tshiluba,tshimu-,28,0.074,471,
tshiluba,ntshiuwul-,28,0.074,472,
tshiluba,nying-,28,0.074,473,
tshiluba,kulump-,28,0.074,474,
tshiluba,-kulump,28,0.074,475,
tshiluba,kabanyabany-,28,0.074,476,
tshiluba,dia,28,0.074,477,
tshiluba,wetu,28,0.074,478,
tshiluba,umbul-,28,0.074,479,
tshiluba,nshim-,28,0.074,480,
tshiluba,kulakaj-,28,0.074,481,
tshiluba,-kulakaj,28,0.074,482,
tshiluba,nzub-,28,0.074,483,
tshiluba,katshi,28,0.074,484,
tshiluba,kul-,28,0.074,485,
tshiluba,kuluil-,28,0.074,486,
tshiluba,-kuluil,28,0.074,487,
tshiluba,fut-,28,0.074,488,
tshiluba,-fut,28,0.074,489,
tshiluba,mabanz-,28,0.074,490,
tshiluba,kapingan-,28,0.074,491,
tshiluba,makuabo,28,0.074,492,
tshiluba,-kasekasekabo,28,0.074,493,
tshiluba,nkakadiundadiund-,28,0.074,494,
tshiluba,bunene,28,0.074,495,
tshiluba,kankenen-,28,0.074,496,
tshiluba,kuatshil-,28,0.074,497,
tshiluba,-kuatshil,28,0.074,498,
tshiluba,nzev-,28,0.074,499,
tshiluba,mib-,28,0.074,500,
tshiluba,kabikil-,28,0.074,501,
tshiluba,kandind-,28,0.074,502,
tshiluba,sama,28,0.074,503,
tshiluba,mapa,28,0.074,504,
tshiluba,wakasu-,28,0.074,505,
tshiluba,nguew-,28,0.074,506,
tshiluba,kabuleked-,28,0.074,507,
tshiluba,bidim-,28,0.074,508,
tshiluba,apit-,28,0.074,509,
tshiluba,-apit,28,0.074,510,
tshiluba,-ama,28,0.074,511,
tshiluba,kany-,28,0.074,512,
tshiluba,ntshint-,28,0.074,513,
tshiluba,nkant-,28,0.074,514,
tshiluba,nkufikish-,28,0.074,515,
tshiluba,bujit-,28,0.074,516,
tshiluba,kabukebakeb-,28,0.074,517,
tshiluba,nkabumonamon-,28,0.074,518,
tshiluba,ntshipapay-,28,0.074,519,
tshiluba,kas-,28,0.074,520,
tshiluba,biasuay-,28,0.074,521,
tshiluba,kanza,28,0.074,522,
tshiluba,kalu-,28,0.074,523,
tshiluba,kan-,28,0.074,524,
tshiluba,kitsidiy-,28,0.074,525,
tshiluba,wakafuish-,28,0.074,526,
tshiluba,mbayend-,28,0.074,527,
tshiluba,onj-,28,0.074,528,
tshiluba,-onj,28,0.074,529,
tshiluba,mbupit-,28,0.074,530,
